timestamp,label
1625068800,0
1625068860,0
1625068920,0
1625068980,0
1625069040,0
1625069100,0
1625069160,0
1625069220,0
1625069280,0
1625069340,0
1625069400,0
1625069460,0
1625069520,0
1625069580,0
1625069640,0
1625069700,0
1625069760,0
1625069820,0
1625069880,0
1625069940,0
1625070000,0
1625070060,0
1625070120,0
1625070180,0
1625070240,0
1625070300,0
1625070360,0
1625070420,0
1625070480,0
1625070540,0
1625070600,0
1625070660,0
1625070720,0
1625070780,0
1625070840,0
1625070900,0
1625070960,0
1625071020,0
1625071080,0
1625071140,0
1625071200,0
1625071260,0
1625071320,0
1625071380,0
1625071440,0
1625071500,0
1625071560,0
1625071620,0
1625071680,0
1625071740,0
1625071800,0
1625071860,0
1625071920,0
1625071980,0
1625072040,0
1625072100,0
1625072160,0
1625072220,0
1625072280,0
1625072340,0
1625072400,0
1625072460,0
1625072520,0
1625072580,0
1625072640,0
1625072700,0
1625072760,0
1625072820,0
1625072880,0
1625072940,0
1625073000,0
1625073060,0
1625073120,0
1625073180,0
1625073240,0
1625073300,0
1625073360,0
1625073420,0
1625073480,0
1625073540,0
1625073600,0
1625073660,0
1625073720,0
1625073780,0
1625073840,0
1625073900,0
1625073960,0
1625074020,0
1625074080,0
1625074140,0
1625074200,0
1625074260,0
1625074320,0
1625074380,0
1625074440,0
1625074500,0
1625074560,0
1625074620,0
1625074680,0
1625074740,0
1625074800,0
1625074860,0
1625074920,0
1625074980,0
1625075040,0
1625075100,0
1625075160,0
1625075220,0
1625075280,0
1625075340,0
1625075400,0
1625075460,0
1625075520,0
1625075580,0
1625075640,0
1625075700,0
1625075760,0
1625075820,0
1625075880,0
1625075940,0
1625076000,0
1625076060,0
1625076120,0
1625076180,0
1625076240,0
1625076300,0
1625076360,0
1625076420,0
1625076480,0
1625076540,0
1625076600,0
1625076660,0
1625076720,0
1625076780,0
1625076840,0
1625076900,0
1625076960,0
1625077020,0
1625077080,0
1625077140,0
1625077200,0
1625077260,0
1625077320,0
1625077380,0
1625077440,0
1625077500,0
1625077560,0
1625077620,0
1625077680,0
1625077740,0
1625077800,0
1625077860,0
1625077920,0
1625077980,0
1625078040,0
1625078100,0
1625078160,0
1625078220,0
1625078280,0
1625078340,0
1625078400,0
1625078460,0
1625078520,0
1625078580,0
1625078640,0
1625078700,0
1625078760,0
1625078820,0
1625078880,0
1625078940,0
1625079000,0
1625079060,0
1625079120,0
1625079180,0
1625079240,0
1625079300,0
1625079360,0
1625079420,0
1625079480,0
1625079540,0
1625079600,0
1625079660,0
1625079720,0
1625079780,0
1625079840,0
1625079900,0
1625079960,0
1625080020,0
1625080080,0
1625080140,0
1625080200,0
1625080260,0
1625080320,0
1625080380,0
1625080440,0
1625080500,0
1625080560,0
1625080620,0
1625080680,0
1625080740,0
1625080800,0
1625080860,0
1625080920,0
1625080980,0
1625081040,0
1625081100,0
1625081160,0
1625081220,0
1625081280,0
1625081340,0
1625081400,0
1625081460,0
1625081520,0
1625081580,0
1625081640,0
1625081700,0
1625081760,0
1625081820,0
1625081880,0
1625081940,0
1625082000,0
1625082060,0
1625082120,0
1625082180,0
1625082240,0
1625082300,0
1625082360,0
1625082420,0
1625082480,0
1625082540,0
1625082600,0
1625082660,0
1625082720,0
1625082780,0
1625082840,0
1625082900,0
1625082960,0
1625083020,0
1625083080,0
1625083140,0
1625083200,0
1625083260,0
1625083320,0
1625083380,0
1625083440,0
1625083500,0
1625083560,0
1625083620,0
1625083680,0
1625083740,0
1625083800,0
1625083860,0
1625083920,0
1625083980,0
1625084040,0
1625084100,0
1625084160,0
1625084220,0
1625084280,0
1625084340,0
1625084400,0
1625084460,0
1625084520,0
1625084580,0
1625084640,0
1625084700,0
1625084760,0
1625084820,0
1625084880,0
1625084940,0
1625085000,0
1625085060,0
1625085120,0
1625085180,0
1625085240,0
1625085300,0
1625085360,0
1625085420,0
1625085480,0
1625085540,0
1625085600,0
1625085660,0
1625085720,0
1625085780,0
1625085840,0
1625085900,0
1625085960,0
1625086020,0
1625086080,0
1625086140,0
1625086200,0
1625086260,0
1625086320,0
1625086380,0
1625086440,0
1625086500,0
1625086560,0
1625086620,0
1625086680,0
1625086740,0
1625086800,0
1625086860,0
1625086920,0
1625086980,0
1625087040,0
1625087100,0
1625087160,0
1625087220,0
1625087280,0
1625087340,0
1625087400,0
1625087460,0
1625087520,0
1625087580,0
1625087640,0
1625087700,0
1625087760,0
1625087820,0
1625087880,0
1625087940,0
1625088000,0
1625088060,0
1625088120,0
1625088180,0
1625088240,0
1625088300,0
1625088360,0
1625088420,0
1625088480,0
1625088540,0
1625088600,0
1625088660,0
1625088720,0
1625088780,0
1625088840,0
1625088900,0
1625088960,0
1625089020,0
1625089080,0
1625089140,0
1625089200,0
1625089260,0
1625089320,0
1625089380,0
1625089440,0
1625089500,0
1625089560,0
1625089620,0
1625089680,0
1625089740,0
1625089800,0
1625089860,0
1625089920,0
1625089980,0
1625090040,0
1625090100,0
1625090160,0
1625090220,0
1625090280,0
1625090340,0
1625090400,0
1625090460,0
1625090520,0
1625090580,0
1625090640,0
1625090700,0
1625090760,0
1625090820,0
1625090880,0
1625090940,0
1625091000,0
1625091060,0
1625091120,0
1625091180,0
1625091240,0
1625091300,0
1625091360,0
1625091420,0
1625091480,0
1625091540,0
1625091600,0
1625091660,0
1625091720,0
1625091780,0
1625091840,0
1625091900,0
1625091960,0
1625092020,0
1625092080,0
1625092140,0
1625092200,0
1625092260,0
1625092320,0
1625092380,0
1625092440,0
1625092500,0
1625092560,0
1625092620,0
1625092680,0
1625092740,0
1625092800,0
1625092860,0
1625092920,0
1625092980,0
1625093040,0
1625093100,0
1625093160,0
1625093220,0
1625093280,0
1625093340,0
1625093400,0
1625093460,0
1625093520,0
1625093580,0
1625093640,0
1625093700,0
1625093760,0
1625093820,0
1625093880,0
1625093940,0
1625094000,0
1625094060,0
1625094120,0
1625094180,0
1625094240,0
1625094300,0
1625094360,0
1625094420,0
1625094480,0
1625094540,0
1625094600,0
1625094660,0
1625094720,0
1625094780,0
1625094840,0
1625094900,0
1625094960,0
1625095020,0
1625095080,0
1625095140,0
1625095200,0
1625095260,0
1625095320,0
1625095380,0
1625095440,0
1625095500,0
1625095560,0
1625095620,0
1625095680,0
1625095740,0
1625095800,0
1625095860,0
1625095920,0
1625095980,0
1625096040,0
1625096100,0
1625096160,0
1625096220,0
1625096280,0
1625096340,0
1625096400,0
1625096460,0
1625096520,0
1625096580,0
1625096640,0
1625096700,0
1625096760,0
1625096820,0
1625096880,0
1625096940,0
1625097000,0
1625097060,0
1625097120,0
1625097180,0
1625097240,0
1625097300,0
1625097360,0
1625097420,0
1625097480,0
1625097540,0
1625097600,0
1625097660,0
1625097720,0
1625097780,0
1625097840,0
1625097900,0
1625097960,0
1625098020,0
1625098080,0
1625098140,0
1625098200,0
1625098260,0
1625098320,0
1625098380,0
1625098440,0
1625098500,0
1625098560,0
1625098620,0
1625098680,0
1625098740,0
1625098800,0
1625098860,0
1625098920,0
1625098980,0
1625099040,0
1625099100,0
1625099160,0
1625099220,0
1625099280,0
1625099340,0
1625099400,0
1625099460,0
1625099520,0
1625099580,0
1625099640,0
1625099700,0
1625099760,0
1625099820,0
1625099880,0
1625099940,0
1625100000,0
1625100060,0
1625100120,0
1625100180,0
1625100240,0
1625100300,0
1625100360,0
1625100420,0
1625100480,0
1625100540,0
1625100600,0
1625100660,0
1625100720,0
1625100780,0
1625100840,0
1625100900,0
1625100960,0
1625101020,0
1625101080,0
1625101140,0
1625101200,0
1625101260,0
1625101320,0
1625101380,0
1625101440,0
1625101500,0
1625101560,0
1625101620,0
1625101680,0
1625101740,0
1625101800,0
1625101860,0
1625101920,0
1625101980,0
1625102040,0
1625102100,0
1625102160,0
1625102220,0
1625102280,0
1625102340,0
1625102400,0
1625102460,0
1625102520,0
1625102580,0
1625102640,0
1625102700,0
1625102760,0
1625102820,0
1625102880,0
1625102940,0
1625103000,0
1625103060,0
1625103120,0
1625103180,0
1625103240,0
1625103300,0
1625103360,0
1625103420,0
1625103480,0
1625103540,0
1625103600,0
1625103660,0
1625103720,0
1625103780,0
1625103840,0
1625103900,0
1625103960,0
1625104020,0
1625104080,0
1625104140,0
1625104200,0
1625104260,0
1625104320,0
1625104380,0
1625104440,0
1625104500,0
1625104560,0
1625104620,0
1625104680,0
1625104740,0
1625104800,0
1625104860,0
1625104920,0
1625104980,0
1625105040,0
1625105100,0
1625105160,0
1625105220,0
1625105280,0
1625105340,0
1625105400,0
1625105460,0
1625105520,0
1625105580,0
1625105640,0
1625105700,0
1625105760,0
1625105820,0
1625105880,0
1625105940,0
1625106000,0
1625106060,0
1625106120,0
1625106180,0
1625106240,0
1625106300,0
1625106360,0
1625106420,0
1625106480,0
1625106540,0
1625106600,0
1625106660,0
1625106720,0
1625106780,0
1625106840,0
1625106900,0
1625106960,0
1625107020,0
1625107080,0
1625107140,0
1625107200,0
1625107260,0
1625107320,0
1625107380,0
1625107440,0
1625107500,0
1625107560,0
1625107620,0
1625107680,0
1625107740,0
1625107800,0
1625107860,0
1625107920,0
1625107980,0
1625108040,0
1625108100,0
1625108160,0
1625108220,0
1625108280,0
1625108340,0
1625108400,0
1625108460,0
1625108520,0
1625108580,0
1625108640,0
1625108700,0
1625108760,0
1625108820,0
1625108880,0
1625108940,0
1625109000,0
1625109060,0
1625109120,0
1625109180,0
1625109240,0
1625109300,0
1625109360,0
1625109420,0
1625109480,0
1625109540,0
1625109600,0
1625109660,0
1625109720,0
1625109780,0
1625109840,0
1625109900,0
1625109960,0
1625110020,0
1625110080,0
1625110140,0
1625110200,0
1625110260,0
1625110320,0
1625110380,0
1625110440,0
1625110500,0
1625110560,0
1625110620,0
1625110680,0
1625110740,0
1625110800,0
1625110860,0
1625110920,0
1625110980,0
1625111040,0
1625111100,0
1625111160,0
1625111220,0
1625111280,0
1625111340,0
1625111400,0
1625111460,0
1625111520,0
1625111580,0
1625111640,0
1625111700,0
1625111760,0
1625111820,0
1625111880,0
1625111940,0
1625112000,0
1625112060,0
1625112120,0
1625112180,0
1625112240,0
1625112300,0
1625112360,0
1625112420,0
1625112480,0
1625112540,0
1625112600,0
1625112660,0
1625112720,0
1625112780,0
1625112840,0
1625112900,0
1625112960,0
1625113020,0
1625113080,0
1625113140,0
1625113200,0
1625113260,0
1625113320,0
1625113380,0
1625113440,0
1625113500,0
1625113560,0
1625113620,0
1625113680,0
1625113740,0
1625113800,0
1625113860,0
1625113920,0
1625113980,0
1625114040,0
1625114100,0
1625114160,0
1625114220,0
1625114280,0
1625114340,0
1625114400,0
1625114460,0
1625114520,0
1625114580,0
1625114640,0
1625114700,0
1625114760,0
1625114820,0
1625114880,0
1625114940,0
1625115000,0
1625115060,0
1625115120,0
1625115180,0
1625115240,0
1625115300,0
1625115360,0
1625115420,0
1625115480,0
1625115540,0
1625115600,0
1625115660,0
1625115720,0
1625115780,0
1625115840,0
1625115900,0
1625115960,0
1625116020,0
1625116080,0
1625116140,0
1625116200,0
1625116260,0
1625116320,0
1625116380,0
1625116440,0
1625116500,0
1625116560,0
1625116620,0
1625116680,0
1625116740,0
1625116800,0
1625116860,0
1625116920,0
1625116980,0
1625117040,0
1625117100,0
1625117160,0
1625117220,0
1625117280,0
1625117340,0
1625117400,0
1625117460,0
1625117520,0
1625117580,0
1625117640,0
1625117700,0
1625117760,0
1625117820,0
1625117880,0
1625117940,0
1625118000,0
1625118060,0
1625118120,0
1625118180,0
1625118240,0
1625118300,0
1625118360,0
1625118420,0
1625118480,0
1625118540,0
1625118600,0
1625118660,0
1625118720,0
1625118780,0
1625118840,0
1625118900,0
1625118960,0
1625119020,0
1625119080,0
1625119140,0
1625119200,0
1625119260,0
1625119320,0
1625119380,0
1625119440,0
1625119500,0
1625119560,0
1625119620,0
1625119680,0
1625119740,0
1625119800,0
1625119860,0
1625119920,0
1625119980,0
1625120040,0
1625120100,0
1625120160,0
1625120220,0
1625120280,0
1625120340,0
1625120400,0
1625120460,0
1625120520,0
1625120580,0
1625120640,0
1625120700,0
1625120760,0
1625120820,0
1625120880,0
1625120940,0
1625121000,0
1625121060,0
1625121120,0
1625121180,0
1625121240,0
1625121300,0
1625121360,0
1625121420,0
1625121480,0
1625121540,0
1625121600,0
1625121660,0
1625121720,0
1625121780,0
1625121840,0
1625121900,0
1625121960,0
1625122020,0
1625122080,0
1625122140,0
1625122200,0
1625122260,0
1625122320,0
1625122380,0
1625122440,0
1625122500,0
1625122560,0
1625122620,0
1625122680,0
1625122740,0
1625122800,0
1625122860,0
1625122920,0
1625122980,0
1625123040,0
1625123100,0
1625123160,0
1625123220,0
1625123280,1
1625123340,0
1625123400,0
1625123460,0
1625123520,0
1625123580,0
1625123640,0
1625123700,0
1625123760,1
1625123820,0
1625123880,0
1625123940,0
1625124000,0
1625124060,1
1625124120,0
1625124180,0
1625124240,1
1625124300,1
1625124360,1
1625124420,0
1625124480,0
1625124540,0
1625124600,1
1625124660,1
1625124720,0
1625124780,0
1625124840,0
1625124900,0
1625124960,1
1625125020,0
1625125080,0
1625125140,0
1625125200,0
1625125260,1
1625125320,0
1625125380,0
1625125440,0
1625125500,0
1625125560,0
1625125620,0
1625125680,0
1625125740,0
1625125800,0
1625125860,0
1625125920,0
1625125980,0
1625126040,0
1625126100,0
1625126160,0
1625126220,0
1625126280,0
1625126340,0
1625126400,0
1625126460,1
1625126520,1
1625126580,0
1625126640,0
1625126700,0
1625126760,0
1625126820,0
1625126880,0
1625126940,0
1625127000,0
1625127060,0
1625127120,0
1625127180,0
1625127240,0
1625127300,0
1625127360,0
1625127420,0
1625127480,0
1625127540,0
1625127600,0
1625127660,1
1625127720,0
1625127780,0
1625127840,0
1625127900,0
1625127960,0
1625128020,0
1625128080,0
1625128140,0
1625128200,0
1625128260,0
1625128320,0
1625128380,1
1625128440,0
1625128500,1
1625128560,1
1625128620,1
1625128680,1
1625128740,1
1625128800,1
1625128860,1
1625128920,1
1625128980,1
1625129040,1
1625129100,1
1625129160,0
1625129220,1
1625129280,0
1625129340,1
1625129400,0
1625129460,0
1625129520,1
1625129580,1
1625129640,1
1625129700,1
1625129760,0
1625129820,0
1625129880,1
1625129940,1
1625130000,0
1625130060,0
1625130120,0
1625130180,1
1625130240,0
1625130300,0
1625130360,0
1625130420,0
1625130480,0
1625130540,0
1625130600,0
1625130660,1
1625130720,1
1625130780,0
1625130840,1
1625130900,1
1625130960,0
1625131020,0
1625131080,0
1625131140,0
1625131200,0
1625131260,1
1625131320,1
1625131380,0
1625131440,0
1625131500,0
1625131560,1
1625131620,1
1625131680,1
1625131740,0
1625131800,0
1625131860,1
1625131920,1
1625131980,0
1625132040,0
1625132100,0
1625132160,0
1625132220,0
1625132280,0
1625132340,0
1625132400,1
1625132460,0
1625132520,0
1625132580,1
1625132640,0
1625132700,0
1625132760,1
1625132820,0
1625132880,1
1625132940,0
1625133000,0
1625133060,1
1625133120,0
1625133180,0
1625133240,0
1625133300,0
1625133360,0
1625133420,0
1625133480,0
1625133540,1
1625133600,0
1625133660,0
1625133720,1
1625133780,1
1625133840,0
1625133900,0
1625133960,0
1625134020,0
1625134080,1
1625134140,0
1625134200,0
1625134260,0
1625134320,0
1625134380,1
1625134440,1
1625134500,0
1625134560,0
1625134620,1
1625134680,0
1625134740,1
1625134800,0
1625134860,0
1625134920,1
1625134980,1
1625135040,1
1625135100,1
1625135160,1
1625135220,0
1625135280,0
1625135340,0
1625135400,0
1625135460,0
1625135520,0
1625135580,0
1625135640,0
1625135700,0
1625135760,0
1625135820,0
1625135880,0
1625135940,0
1625136000,0
1625136060,0
1625136120,0
1625136180,1
1625136240,0
1625136300,0
1625136360,0
1625136420,0
1625136480,0
1625136540,0
1625136600,1
1625136660,1
1625136720,0
1625136780,0
1625136840,1
1625136900,0
1625136960,0
1625137020,0
1625137080,0
1625137140,0
1625137200,0
1625137260,0
1625137320,0
1625137380,0
1625137440,0
1625137500,0
1625137560,1
1625137620,1
1625137680,0
1625137740,0
1625137800,0
1625137860,0
1625137920,0
1625137980,0
1625138040,0
1625138100,0
1625138160,0
1625138220,0
1625138280,1
1625138340,0
1625138400,0
1625138460,0
1625138520,0
1625138580,1
1625138640,0
1625138700,0
1625138760,0
1625138820,0
1625138880,0
1625138940,0
1625139000,0
1625139060,1
1625139120,1
1625139180,1
1625139240,1
1625139300,1
1625139360,1
1625139420,1
1625139480,1
1625139540,1
1625139600,1
1625139660,1
1625139720,1
1625139780,1
1625139840,0
1625139900,1
1625139960,1
1625140020,0
1625140080,0
1625140140,1
1625140200,0
1625140260,0
1625140320,0
1625140380,0
1625140440,0
1625140500,0
1625140560,0
1625140620,1
1625140680,0
1625140740,1
1625140800,0
1625140860,0
1625140920,0
1625140980,0
1625141040,0
1625141100,0
1625141160,0
1625141220,0
1625141280,0
1625141340,0
1625141400,1
1625141460,0
1625141520,0
1625141580,0
1625141640,0
1625141700,0
1625141760,0
1625141820,1
1625141880,1
1625141940,0
1625142000,0
1625142060,0
1625142120,0
1625142180,0
1625142240,0
1625142300,0
1625142360,1
1625142420,0
1625142480,0
1625142540,0
1625142600,0
1625142660,0
1625142720,0
1625142780,0
1625142840,0
1625142900,0
1625142960,0
1625143020,0
1625143080,0
1625143140,0
1625143200,0
1625143260,0
1625143320,0
1625143380,0
1625143440,0
1625143500,0
1625143560,0
1625143620,0
1625143680,0
1625143740,0
1625143800,0
1625143860,0
1625143920,0
1625143980,0
1625144040,0
1625144100,0
1625144160,0
1625144220,0
1625144280,1
1625144340,0
1625144400,0
1625144460,0
1625144520,1
1625144580,1
1625144640,0
1625144700,0
1625144760,0
1625144820,0
1625144880,0
1625144940,0
1625145000,0
1625145060,0
1625145120,0
1625145180,0
1625145240,0
1625145300,1
1625145360,1
1625145420,1
1625145480,0
1625145540,0
1625145600,0
1625145660,0
1625145720,0
1625145780,0
1625145840,0
1625145900,0
1625145960,0
1625146020,0
1625146080,0
1625146140,0
1625146200,1
1625146260,1
1625146320,0
1625146380,0
1625146440,1
1625146500,0
1625146560,0
1625146620,0
1625146680,0
1625146740,0
1625146800,0
1625146860,1
1625146920,0
1625146980,0
1625147040,0
1625147100,1
1625147160,0
1625147220,1
1625147280,1
1625147340,0
1625147400,0
1625147460,0
1625147520,0
1625147580,0
1625147640,0
1625147700,0
1625147760,0
1625147820,0
1625147880,0
1625147940,0
1625148000,0
1625148060,0
1625148120,0
1625148180,0
1625148240,1
1625148300,0
1625148360,0
1625148420,1
1625148480,0
1625148540,0
1625148600,0
1625148660,0
1625148720,0
1625148780,0
1625148840,0
1625148900,0
1625148960,1
1625149020,0
1625149080,1
1625149140,1
1625149200,1
1625149260,0
1625149320,0
1625149380,0
1625149440,1
1625149500,0
1625149560,0
1625149620,1
1625149680,0
1625149740,0
1625149800,1
1625149860,0
1625149920,1
1625149980,1
1625150040,1
1625150100,0
1625150160,0
1625150220,0
1625150280,0
1625150340,1
1625150400,0
1625150460,0
1625150520,0
1625150580,0
1625150640,1
1625150700,1
1625150760,0
1625150820,0
1625150880,0
1625150940,1
1625151000,0
1625151060,0
1625151120,1
1625151180,1
1625151240,0
1625151300,0
1625151360,0
1625151420,0
1625151480,0
1625151540,0
1625151600,1
1625151660,1
1625151720,0
1625151780,0
1625151840,0
1625151900,0
1625151960,1
1625152020,0
1625152080,0
1625152140,0
1625152200,1
1625152260,1
1625152320,1
1625152380,1
1625152440,1
1625152500,1
1625152560,0
1625152620,0
1625152680,0
1625152740,1
1625152800,1
1625152860,0
1625152920,0
1625152980,1
1625153040,0
1625153100,0
1625153160,0
1625153220,0
1625153280,0
1625153340,0
1625153400,0
1625153460,0
1625153520,0
1625153580,0
1625153640,0
1625153700,0
1625153760,0
1625153820,0
1625153880,0
1625153940,0
1625154000,1
1625154060,1
1625154120,1
1625154180,0
1625154240,1
1625154300,1
1625154360,1
1625154420,0
1625154480,0
1625154540,0
1625154600,0
1625154660,1
1625154720,0
1625154780,0
1625154840,0
1625154900,0
1625154960,0
1625155020,0
1625155080,0
1625155140,1
1625155200,0
1625155260,0
1625155320,0
1625155380,0
1625155440,0
1625155500,0
1625155560,0
1625155620,0
1625155680,0
1625155740,0
1625155800,0
1625155860,0
1625155920,0
1625155980,0
1625156040,0
1625156100,0
1625156160,0
1625156220,1
1625156280,0
1625156340,0
1625156400,1
1625156460,0
1625156520,1
1625156580,0
1625156640,0
1625156700,0
1625156760,0
1625156820,0
1625156880,0
1625156940,0
1625157000,0
1625157060,0
1625157120,1
1625157180,1
1625157240,0
1625157300,0
1625157360,0
1625157420,0
1625157480,0
1625157540,1
1625157600,1
1625157660,0
1625157720,0
1625157780,1
1625157840,1
1625157900,0
1625157960,0
1625158020,1
1625158080,0
1625158140,0
1625158200,0
1625158260,0
1625158320,0
1625158380,0
1625158440,0
1625158500,0
1625158560,0
1625158620,0
1625158680,0
1625158740,0
1625158800,0
1625158860,0
1625158920,0
1625158980,0
1625159040,0
1625159100,0
1625159160,0
1625159220,1
1625159280,0
1625159340,1
1625159400,0
1625159460,0
1625159520,0
1625159580,0
1625159640,0
1625159700,0
1625159760,1
1625159820,0
1625159880,0
1625159940,0
1625160000,0
1625160060,0
1625160120,0
1625160180,0
1625160240,0
1625160300,1
1625160360,1
1625160420,0
1625160480,0
1625160540,0
1625160600,0
1625160660,0
1625160720,0
1625160780,0
1625160840,0
1625160900,0
1625160960,0
1625161020,0
1625161080,0
1625161140,0
1625161200,0
1625161260,0
1625161320,0
1625161380,1
1625161440,0
1625161500,0
1625161560,1
1625161620,0
1625161680,1
1625161740,1
1625161800,0
1625161860,0
1625161920,0
1625161980,0
1625162040,0
1625162100,0
1625162160,0
1625162220,0
1625162280,0
1625162340,0
1625162400,1
1625162460,0
1625162520,0
1625162580,0
1625162640,0
1625162700,0
1625162760,1
1625162820,0
1625162880,0
1625162940,0
1625163000,0
1625163060,0
1625163120,0
1625163180,0
1625163240,0
1625163300,0
1625163360,0
1625163420,0
1625163480,0
1625163540,0
1625163600,1
1625163660,0
1625163720,1
1625163780,0
1625163840,0
1625163900,1
1625163960,0
1625164020,1
1625164080,1
1625164140,1
1625164200,0
1625164260,0
1625164320,0
1625164380,0
1625164440,0
1625164500,0
1625164560,0
1625164620,0
1625164680,0
1625164740,0
1625164800,0
1625164860,0
1625164920,0
1625164980,0
1625165040,0
1625165100,1
1625165160,1
1625165220,0
1625165280,0
1625165340,1
1625165400,0
1625165460,0
1625165520,1
1625165580,1
1625165640,0
1625165700,0
1625165760,0
1625165820,0
1625165880,1
1625165940,0
1625166000,0
1625166060,0
1625166120,0
1625166180,1
1625166240,0
1625166300,0
1625166360,0
1625166420,1
1625166480,1
1625166540,0
1625166600,0
1625166660,0
1625166720,1
1625166780,1
1625166840,0
1625166900,1
1625166960,1
1625167020,0
1625167080,0
1625167140,0
1625167200,0
1625167260,0
1625167320,0
1625167380,0
1625167440,0
1625167500,0
1625167560,0
1625167620,0
1625167680,0
1625167740,0
1625167800,0
1625167860,0
1625167920,1
1625167980,1
1625168040,0
1625168100,0
1625168160,0
1625168220,0
1625168280,0
1625168340,0
1625168400,0
1625168460,0
1625168520,0
1625168580,1
1625168640,0
1625168700,0
1625168760,0
1625168820,1
1625168880,0
1625168940,0
1625169000,1
1625169060,1
1625169120,0
1625169180,0
1625169240,0
1625169300,0
1625169360,0
1625169420,0
1625169480,0
1625169540,0
1625169600,0
1625169660,0
1625169720,1
1625169780,1
1625169840,0
1625169900,1
1625169960,0
1625170020,0
1625170080,1
1625170140,1
1625170200,0
1625170260,0
1625170320,1
1625170380,1
1625170440,1
1625170500,0
1625170560,0
1625170620,1
1625170680,1
1625170740,1
1625170800,1
1625170860,1
1625170920,1
1625170980,1
1625171040,1
1625171100,1
1625171160,1
1625171220,1
1625171280,0
1625171340,0
1625171400,0
1625171460,0
1625171520,0
1625171580,0
1625171640,0
1625171700,0
1625171760,0
1625171820,0
1625171880,1
1625171940,0
1625172000,1
1625172060,0
1625172120,0
1625172180,0
1625172240,0
1625172300,0
1625172360,0
1625172420,0
1625172480,0
1625172540,1
1625172600,1
1625172660,1
1625172720,1
1625172780,0
1625172840,0
1625172900,0
1625172960,0
1625173020,0
1625173080,0
1625173140,1
1625173200,0
1625173260,0
1625173320,0
1625173380,1
1625173440,1
1625173500,0
1625173560,1
1625173620,1
1625173680,0
1625173740,0
1625173800,0
1625173860,0
1625173920,0
1625173980,0
1625174040,0
1625174100,1
1625174160,0
1625174220,0
1625174280,0
1625174340,1
1625174400,1
1625174460,0
1625174520,0
1625174580,0
1625174640,0
1625174700,0
1625174760,0
1625174820,0
1625174880,1
1625174940,0
1625175000,0
1625175060,1
1625175120,1
1625175180,0
1625175240,0
1625175300,0
1625175360,0
1625175420,0
1625175480,1
1625175540,0
1625175600,0
1625175660,1
1625175720,1
1625175780,1
1625175840,1
1625175900,1
1625175960,1
1625176020,1
1625176080,1
1625176140,1
1625176200,1
1625176260,1
1625176320,1
1625176380,0
1625176440,0
1625176500,0
1625176560,0
1625176620,0
1625176680,0
1625176740,0
1625176800,0
1625176860,0
1625176920,0
1625176980,0
1625177040,0
1625177100,0
1625177160,0
1625177220,0
1625177280,0
1625177340,0
1625177400,0
1625177460,0
1625177520,0
1625177580,0
1625177640,0
1625177700,0
1625177760,0
1625177820,0
1625177880,1
1625177940,0
1625178000,0
1625178060,0
1625178120,0
1625178180,0
1625178240,0
1625178300,0
1625178360,0
1625178420,0
1625178480,0
1625178540,0
1625178600,1
1625178660,0
1625178720,0
1625178780,0
1625178840,0
1625178900,0
1625178960,0
1625179020,0
1625179080,0
1625179140,0
1625179200,0
1625179260,1
1625179320,0
1625179380,0
1625179440,0
1625179500,0
1625179560,0
1625179620,0
1625179680,0
1625179740,0
1625179800,0
1625179860,0
1625179920,0
1625179980,1
1625180040,0
1625180100,0
1625180160,0
1625180220,1
1625180280,0
1625180340,0
1625180400,0
1625180460,0
1625180520,0
1625180580,0
1625180640,1
1625180700,0
1625180760,1
1625180820,0
1625180880,0
1625180940,0
1625181000,0
1625181060,0
1625181120,1
1625181180,0
1625181240,0
1625181300,0
1625181360,0
1625181420,0
1625181480,0
1625181540,0
1625181600,1
1625181660,0
1625181720,0
1625181780,0
1625181840,0
1625181900,1
1625181960,0
1625182020,0
1625182080,1
1625182140,0
1625182200,0
1625182260,0
1625182320,0
1625182380,0
1625182440,1
1625182500,1
1625182560,0
1625182620,0
1625182680,1
1625182740,1
1625182800,0
1625182860,0
1625182920,0
1625182980,0
1625183040,0
1625183100,0
1625183160,0
1625183220,1
1625183280,0
1625183340,0
1625183400,1
1625183460,1
1625183520,0
1625183580,0
1625183640,0
1625183700,0
1625183760,0
1625183820,0
1625183880,0
1625183940,0
1625184000,0
1625184060,1
1625184120,0
1625184180,0
1625184240,0
1625184300,0
1625184360,0
1625184420,0
1625184480,0
1625184540,0
1625184600,0
1625184660,0
1625184720,0
1625184780,0
1625184840,1
1625184900,0
1625184960,0
1625185020,0
1625185080,0
1625185140,0
1625185200,1
1625185260,0
1625185320,0
1625185380,0
1625185440,0
1625185500,0
1625185560,0
1625185620,0
1625185680,1
1625185740,0
1625185800,0
1625185860,0
1625185920,1
1625185980,0
1625186040,0
1625186100,0
1625186160,1
1625186220,0
1625186280,0
1625186340,0
1625186400,0
1625186460,0
1625186520,0
1625186580,0
1625186640,0
1625186700,0
1625186760,0
1625186820,0
1625186880,1
1625186940,0
1625187000,0
1625187060,0
1625187120,0
1625187180,1
1625187240,0
1625187300,0
1625187360,0
1625187420,0
1625187480,0
1625187540,0
1625187600,1
1625187660,0
1625187720,0
1625187780,0
1625187840,1
1625187900,1
1625187960,1
1625188020,0
1625188080,0
1625188140,0
1625188200,0
1625188260,0
1625188320,0
1625188380,0
1625188440,1
1625188500,0
1625188560,0
1625188620,0
1625188680,0
1625188740,0
1625188800,0
1625188860,0
1625188920,0
1625188980,1
1625189040,1
1625189100,0
1625189160,0
1625189220,0
1625189280,0
1625189340,0
1625189400,0
1625189460,0
1625189520,0
1625189580,0
1625189640,0
1625189700,0
1625189760,0
1625189820,0
1625189880,0
1625189940,0
1625190000,0
1625190060,0
1625190120,0
1625190180,0
1625190240,0
1625190300,0
1625190360,0
1625190420,0
1625190480,1
1625190540,1
1625190600,0
1625190660,0
1625190720,0
1625190780,0
1625190840,0
1625190900,0
1625190960,1
1625191020,0
1625191080,0
1625191140,0
1625191200,0
1625191260,0
1625191320,0
1625191380,0
1625191440,0
1625191500,0
1625191560,0
1625191620,0
1625191680,0
1625191740,0
1625191800,0
1625191860,1
1625191920,1
1625191980,0
1625192040,0
1625192100,0
1625192160,0
1625192220,1
1625192280,0
1625192340,0
1625192400,0
1625192460,0
1625192520,0
1625192580,1
1625192640,1
1625192700,0
1625192760,0
1625192820,0
1625192880,0
1625192940,0
1625193000,0
1625193060,0
1625193120,1
1625193180,0
1625193240,0
1625193300,0
1625193360,0
1625193420,0
1625193480,0
1625193540,0
1625193600,0
1625193660,0
1625193720,1
1625193780,1
1625193840,0
1625193900,0
1625193960,0
1625194020,0
1625194080,0
1625194140,0
1625194200,0
1625194260,0
1625194320,1
1625194380,1
1625194440,1
1625194500,0
1625194560,0
1625194620,1
1625194680,0
1625194740,0
1625194800,0
1625194860,0
1625194920,0
1625194980,0
1625195040,0
1625195100,0
1625195160,0
1625195220,0
1625195280,0
1625195340,1
1625195400,0
1625195460,0
1625195520,0
1625195580,0
1625195640,0
1625195700,0
1625195760,0
1625195820,1
1625195880,0
1625195940,0
1625196000,0
1625196060,0
1625196120,0
1625196180,0
1625196240,0
1625196300,0
1625196360,0
1625196420,1
1625196480,1
1625196540,0
1625196600,1
1625196660,1
1625196720,0
1625196780,0
1625196840,0
1625196900,0
1625196960,0
1625197020,0
1625197080,0
1625197140,0
1625197200,0
1625197260,0
1625197320,1
1625197380,0
1625197440,0
1625197500,0
1625197560,0
1625197620,0
1625197680,0
1625197740,0
1625197800,0
1625197860,1
1625197920,1
1625197980,1
1625198040,0
1625198100,0
1625198160,0
1625198220,0
1625198280,0
1625198340,0
1625198400,0
1625198460,0
1625198520,0
1625198580,0
1625198640,0
1625198700,0
1625198760,1
1625198820,0
1625198880,0
1625198940,0
1625199000,1
1625199060,0
1625199120,0
1625199180,1
1625199240,1
1625199300,0
1625199360,0
1625199420,0
1625199480,0
1625199540,0
1625199600,0
1625199660,0
1625199720,0
1625199780,0
1625199840,0
1625199900,1
1625199960,0
1625200020,0
1625200080,0
1625200140,0
1625200200,0
1625200260,0
1625200320,0
1625200380,1
1625200440,1
1625200500,0
1625200560,0
1625200620,0
1625200680,1
1625200740,1
1625200800,1
1625200860,1
1625200920,0
1625200980,0
1625201040,0
1625201100,1
1625201160,0
1625201220,1
1625201280,0
1625201340,0
1625201400,0
1625201460,0
1625201520,0
1625201580,0
1625201640,0
1625201700,0
1625201760,0
1625201820,0
1625201880,1
1625201940,1
1625202000,1
1625202060,1
1625202120,0
1625202180,0
1625202240,1
1625202300,0
1625202360,0
1625202420,0
1625202480,0
1625202540,0
1625202600,0
1625202660,1
1625202720,0
1625202780,0
1625202840,1
1625202900,1
1625202960,1
1625203020,0
1625203080,0
1625203140,0
1625203200,0
1625203260,0
1625203320,0
1625203380,0
1625203440,0
1625203500,0
1625203560,0
1625203620,0
1625203680,0
1625203740,0
1625203800,0
1625203860,0
1625203920,0
1625203980,0
1625204040,0
1625204100,0
1625204160,1
1625204220,1
1625204280,0
1625204340,0
1625204400,0
1625204460,0
1625204520,0
1625204580,0
1625204640,0
1625204700,0
1625204760,0
1625204820,1
1625204880,1
1625204940,0
1625205000,0
1625205060,0
1625205120,0
1625205180,0
1625205240,0
1625205300,0
1625205360,0
1625205420,0
1625205480,0
1625205540,0
1625205600,0
1625205660,0
1625205720,1
1625205780,0
1625205840,0
1625205900,0
1625205960,0
1625206020,1
1625206080,0
1625206140,0
1625206200,0
1625206260,0
1625206320,0
1625206380,1
1625206440,1
1625206500,1
1625206560,1
1625206620,1
1625206680,1
1625206740,1
1625206800,1
1625206860,1
1625206920,1
1625206980,1
1625207040,0
1625207100,0
1625207160,0
1625207220,0
1625207280,0
1625207340,0
1625207400,0
1625207460,0
1625207520,1
1625207580,1
1625207640,0
1625207700,0
1625207760,0
1625207820,0
1625207880,0
1625207940,0
1625208000,0
1625208060,1
1625208120,1
1625208180,0
1625208240,1
1625208300,0
1625208360,0
1625208420,1
1625208480,1
1625208540,0
1625208600,0
1625208660,0
1625208720,0
1625208780,0
1625208840,1
1625208900,0
1625208960,0
1625209020,0
1625209080,0
1625209140,0
1625209200,1
1625209260,1
1625209320,0
1625209380,0
1625209440,1
1625209500,0
1625209560,0
1625209620,0
1625209680,0
1625209740,0
1625209800,0
1625209860,0
1625209920,0
1625209980,0
1625210040,0
1625210100,0
1625210160,0
1625210220,0
1625210280,0
1625210340,0
1625210400,0
1625210460,0
1625210520,0
1625210580,1
1625210640,1
1625210700,1
1625210760,1
1625210820,1
1625210880,1
1625210940,1
1625211000,1
1625211060,1
1625211120,1
1625211180,1
1625211240,0
1625211300,0
1625211360,1
1625211420,0
1625211480,0
1625211540,0
1625211600,0
1625211660,0
1625211720,1
1625211780,0
1625211840,0
1625211900,0
1625211960,0
1625212020,0
1625212080,1
1625212140,0
1625212200,1
1625212260,0
1625212320,0
1625212380,1
1625212440,0
1625212500,1
1625212560,1
1625212620,1
1625212680,0
1625212740,1
1625212800,1
1625212860,0
1625212920,1
1625212980,1
1625213040,0
1625213100,0
1625213160,0
1625213220,0
1625213280,0
1625213340,0
1625213400,0
1625213460,0
1625213520,0
1625213580,0
1625213640,0
1625213700,0
1625213760,0
1625213820,0
1625213880,1
1625213940,0
1625214000,1
1625214060,1
1625214120,1
1625214180,0
1625214240,0
1625214300,0
1625214360,0
1625214420,0
1625214480,1
1625214540,0
1625214600,0
1625214660,0
1625214720,0
1625214780,0
1625214840,0
1625214900,1
1625214960,0
1625215020,0
1625215080,0
1625215140,0
1625215200,1
1625215260,0
1625215320,0
1625215380,0
1625215440,0
1625215500,0
1625215560,0
1625215620,1
1625215680,1
1625215740,0
1625215800,0
1625215860,0
1625215920,0
1625215980,0
1625216040,1
1625216100,0
1625216160,0
1625216220,0
1625216280,0
1625216340,0
1625216400,0
1625216460,1
1625216520,0
1625216580,0
1625216640,0
1625216700,0
1625216760,0
1625216820,0
1625216880,0
1625216940,0
1625217000,0
1625217060,0
1625217120,0
1625217180,0
1625217240,0
1625217300,0
1625217360,0
1625217420,0
1625217480,0
1625217540,1
1625217600,0
1625217660,0
1625217720,0
1625217780,0
1625217840,0
1625217900,0
1625217960,0
1625218020,0
1625218080,0
1625218140,0
1625218200,0
1625218260,0
1625218320,0
1625218380,0
1625218440,1
1625218500,1
1625218560,0
1625218620,0
1625218680,0
1625218740,0
1625218800,0
1625218860,0
1625218920,1
1625218980,0
1625219040,0
1625219100,1
1625219160,0
1625219220,0
1625219280,0
1625219340,0
1625219400,0
1625219460,0
1625219520,1
1625219580,0
1625219640,0
1625219700,0
1625219760,0
1625219820,0
1625219880,0
1625219940,0
1625220000,1
1625220060,1
1625220120,0
1625220180,1
1625220240,0
1625220300,0
1625220360,0
1625220420,1
1625220480,0
1625220540,0
1625220600,0
1625220660,0
1625220720,0
1625220780,0
1625220840,0
1625220900,0
1625220960,0
1625221020,0
1625221080,0
1625221140,0
1625221200,0
1625221260,0
1625221320,0
1625221380,0
1625221440,0
1625221500,0
1625221560,0
1625221620,0
1625221680,0
1625221740,0
1625221800,0
1625221860,0
1625221920,0
1625221980,0
1625222040,0
1625222100,0
1625222160,1
1625222220,0
1625222280,0
1625222340,0
1625222400,0
1625222460,0
1625222520,0
1625222580,1
1625222640,0
1625222700,0
1625222760,1
1625222820,0
1625222880,1
1625222940,0
1625223000,0
1625223060,1
1625223120,1
1625223180,0
1625223240,0
1625223300,0
1625223360,0
1625223420,0
1625223480,0
1625223540,0
1625223600,0
1625223660,1
1625223720,1
1625223780,0
1625223840,0
1625223900,0
1625223960,0
1625224020,0
1625224080,0
1625224140,0
1625224200,0
1625224260,0
1625224320,0
1625224380,0
1625224440,0
1625224500,0
1625224560,0
1625224620,0
1625224680,0
1625224740,0
1625224800,0
1625224860,0
1625224920,0
1625224980,0
1625225040,0
1625225100,0
1625225160,0
1625225220,1
1625225280,0
1625225340,0
1625225400,0
1625225460,0
1625225520,0
1625225580,1
1625225640,1
1625225700,1
1625225760,0
1625225820,0
1625225880,0
1625225940,0
1625226000,1
1625226060,0
1625226120,0
1625226180,1
1625226240,0
1625226300,0
1625226360,1
1625226420,1
1625226480,0
1625226540,0
1625226600,0
1625226660,1
1625226720,0
1625226780,0
1625226840,1
1625226900,0
1625226960,0
1625227020,0
1625227080,0
1625227140,0
1625227200,0
1625227260,0
1625227320,0
1625227380,0
1625227440,0
1625227500,0
1625227560,0
1625227620,0
1625227680,0
1625227740,0
1625227800,1
1625227860,0
1625227920,0
1625227980,0
1625228040,0
1625228100,0
1625228160,0
1625228220,0
1625228280,0
1625228340,0
1625228400,0
1625228460,0
1625228520,0
1625228580,0
1625228640,1
1625228700,0
1625228760,0
1625228820,0
1625228880,0
1625228940,0
1625229000,0
1625229060,0
1625229120,1
1625229180,1
1625229240,0
1625229300,0
1625229360,0
1625229420,1
1625229480,0
1625229540,0
1625229600,0
1625229660,0
1625229720,0
1625229780,0
1625229840,0
1625229900,0
1625229960,0
1625230020,1
1625230080,0
1625230140,1
1625230200,0
1625230260,0
1625230320,1
1625230380,0
1625230440,1
1625230500,0
1625230560,0
1625230620,0
1625230680,0
1625230740,0
1625230800,0
1625230860,0
1625230920,0
1625230980,0
1625231040,0
1625231100,0
1625231160,1
1625231220,0
1625231280,0
1625231340,0
1625231400,0
1625231460,0
1625231520,0
1625231580,0
1625231640,0
1625231700,0
1625231760,1
1625231820,0
1625231880,0
1625231940,0
1625232000,0
1625232060,1
1625232120,1
1625232180,0
1625232240,1
1625232300,0
1625232360,0
1625232420,0
1625232480,0
1625232540,0
1625232600,0
1625232660,0
1625232720,0
1625232780,0
1625232840,1
1625232900,0
1625232960,0
1625233020,0
1625233080,0
1625233140,0
1625233200,0
1625233260,0
1625233320,0
1625233380,0
1625233440,0
1625233500,0
1625233560,0
1625233620,0
1625233680,0
1625233740,1
1625233800,0
1625233860,1
1625233920,1
1625233980,0
1625234040,0
1625234100,1
1625234160,1
1625234220,0
1625234280,0
1625234340,0
1625234400,0
1625234460,1
1625234520,0
1625234580,0
1625234640,0
1625234700,0
1625234760,1
1625234820,1
1625234880,0
1625234940,0
1625235000,1
1625235060,0
1625235120,1
1625235180,0
1625235240,0
1625235300,0
1625235360,0
1625235420,0
1625235480,0
1625235540,0
1625235600,0
1625235660,0
1625235720,0
1625235780,0
1625235840,0
1625235900,0
1625235960,1
1625236020,1
1625236080,0
1625236140,0
1625236200,0
1625236260,0
1625236320,0
1625236380,0
1625236440,1
1625236500,1
1625236560,0
1625236620,0
1625236680,0
1625236740,0
1625236800,0
1625236860,0
1625236920,0
1625236980,1
1625237040,0
1625237100,0
1625237160,1
1625237220,1
1625237280,1
1625237340,0
1625237400,0
1625237460,0
1625237520,0
1625237580,0
1625237640,0
1625237700,0
1625237760,0
1625237820,0
1625237880,0
1625237940,0
1625238000,0
1625238060,0
1625238120,0
1625238180,1
1625238240,0
1625238300,0
1625238360,0
1625238420,0
1625238480,0
1625238540,0
1625238600,0
1625238660,0
1625238720,0
1625238780,0
1625238840,1
1625238900,0
1625238960,0
1625239020,0
1625239080,0
1625239140,0
1625239200,0
1625239260,0
1625239320,0
1625239380,0
1625239440,0
1625239500,0
1625239560,0
1625239620,1
1625239680,0
1625239740,0
1625239800,0
1625239860,0
1625239920,0
1625239980,0
1625240040,0
1625240100,0
1625240160,0
1625240220,0
1625240280,0
1625240340,1
1625240400,0
1625240460,1
1625240520,0
1625240580,0
1625240640,1
1625240700,1
1625240760,1
1625240820,0
1625240880,0
1625240940,0
1625241000,0
1625241060,0
1625241120,0
1625241180,0
1625241240,0
1625241300,1
1625241360,1
1625241420,0
1625241480,0
1625241540,1
1625241600,0
1625241660,1
1625241720,0
1625241780,0
1625241840,0
1625241900,1
1625241960,0
1625242020,0
1625242080,0
1625242140,0
1625242200,1
1625242260,1
1625242320,0
1625242380,0
1625242440,0
1625242500,0
1625242560,0
1625242620,0
1625242680,0
1625242740,0
1625242800,0
1625242860,0
1625242920,0
1625242980,0
1625243040,0
1625243100,0
1625243160,0
1625243220,0
1625243280,0
1625243340,0
1625243400,1
1625243460,0
1625243520,0
1625243580,0
1625243640,0
1625243700,0
1625243760,1
1625243820,0
1625243880,0
1625243940,0
1625244000,0
1625244060,0
1625244120,0
1625244180,0
1625244240,0
1625244300,0
1625244360,0
1625244420,0
1625244480,0
1625244540,0
1625244600,0
1625244660,0
1625244720,0
1625244780,0
1625244840,0
1625244900,0
1625244960,1
1625245020,1
1625245080,1
1625245140,1
1625245200,1
1625245260,0
1625245320,0
1625245380,0
1625245440,0
1625245500,0
1625245560,0
1625245620,0
1625245680,0
1625245740,0
1625245800,1
1625245860,0
1625245920,0
1625245980,0
1625246040,0
1625246100,0
1625246160,0
1625246220,1
1625246280,0
1625246340,0
1625246400,0
1625246460,0
1625246520,0
1625246580,0
1625246640,0
1625246700,1
1625246760,0
1625246820,1
1625246880,0
1625246940,0
1625247000,0
1625247060,1
1625247120,1
1625247180,0
1625247240,0
1625247300,1
1625247360,1
1625247420,0
1625247480,0
1625247540,0
1625247600,0
1625247660,0
1625247720,0
1625247780,0
1625247840,0
1625247900,0
1625247960,0
1625248020,0
1625248080,0
1625248140,0
1625248200,1
1625248260,0
1625248320,0
1625248380,0
1625248440,0
1625248500,1
1625248560,0
1625248620,0
1625248680,1
1625248740,1
1625248800,0
1625248860,0
1625248920,0
1625248980,0
1625249040,1
1625249100,0
1625249160,0
1625249220,0
1625249280,1
1625249340,0
1625249400,0
1625249460,0
1625249520,0
1625249580,0
1625249640,1
1625249700,0
1625249760,1
1625249820,1
1625249880,0
1625249940,0
1625250000,0
1625250060,1
1625250120,0
1625250180,1
1625250240,1
1625250300,0
1625250360,0
1625250420,0
1625250480,0
1625250540,1
1625250600,0
1625250660,0
1625250720,1
1625250780,0
1625250840,0
1625250900,0
1625250960,0
1625251020,0
1625251080,0
1625251140,0
1625251200,0
1625251260,1
1625251320,0
1625251380,0
1625251440,0
1625251500,0
1625251560,0
1625251620,0
1625251680,1
1625251740,1
1625251800,1
1625251860,0
1625251920,0
1625251980,0
1625252040,0
1625252100,0
1625252160,1
1625252220,1
1625252280,0
1625252340,0
1625252400,0
1625252460,0
1625252520,0
1625252580,0
1625252640,1
1625252700,1
1625252760,1
1625252820,0
1625252880,0
1625252940,1
1625253000,0
1625253060,0
1625253120,0
1625253180,0
1625253240,0
1625253300,0
1625253360,1
1625253420,0
1625253480,0
1625253540,0
1625253600,0
1625253660,0
1625253720,0
1625253780,0
1625253840,0
1625253900,0
1625253960,0
1625254020,0
1625254080,0
1625254140,0
1625254200,0
1625254260,0
1625254320,1
1625254380,0
1625254440,0
1625254500,0
1625254560,0
1625254620,0
1625254680,0
1625254740,0
1625254800,0
1625254860,0
1625254920,0
1625254980,0
1625255040,0
1625255100,0
1625255160,1
1625255220,0
1625255280,0
1625255340,0
1625255400,0
1625255460,0
1625255520,0
1625255580,0
1625255640,0
1625255700,1
1625255760,0
1625255820,0
1625255880,0
1625255940,0
1625256000,0
1625256060,0
1625256120,1
1625256180,0
1625256240,1
1625256300,1
1625256360,0
1625256420,1
1625256480,0
1625256540,1
1625256600,0
1625256660,0
1625256720,0
1625256780,1
1625256840,0
1625256900,0
1625256960,0
1625257020,0
1625257080,0
1625257140,0
1625257200,0
1625257260,0
1625257320,0
1625257380,1
1625257440,0
1625257500,0
1625257560,0
1625257620,0
1625257680,0
1625257740,0
1625257800,0
1625257860,0
1625257920,0
1625257980,0
1625258040,0
1625258100,0
1625258160,0
1625258220,0
1625258280,0
1625258340,0
1625258400,0
1625258460,0
1625258520,1
1625258580,0
1625258640,0
1625258700,1
1625258760,0
1625258820,0
1625258880,0
1625258940,0
1625259000,0
1625259060,0
1625259120,1
1625259180,0
1625259240,0
1625259300,0
1625259360,0
1625259420,0
1625259480,1
1625259540,0
1625259600,0
1625259660,1
1625259720,0
1625259780,0
1625259840,0
1625259900,0
1625259960,0
1625260020,0
1625260080,1
1625260140,1
1625260200,0
1625260260,0
1625260320,0
1625260380,0
1625260440,0
1625260500,0
1625260560,0
1625260620,0
1625260680,0
1625260740,1
1625260800,0
1625260860,0
1625260920,0
1625260980,1
1625261040,0
1625261100,0
1625261160,0
1625261220,1
1625261280,0
1625261340,0
1625261400,0
1625261460,0
1625261520,0
1625261580,0
1625261640,0
1625261700,0
1625261760,0
1625261820,0
1625261880,0
1625261940,0
1625262000,0
1625262060,0
1625262120,0
1625262180,0
1625262240,1
1625262300,1
1625262360,0
1625262420,0
1625262480,1
1625262540,0
1625262600,0
1625262660,0
1625262720,0
1625262780,0
1625262840,0
1625262900,0
1625262960,0
1625263020,0
1625263080,1
1625263140,0
1625263200,0
1625263260,0
1625263320,1
1625263380,1
1625263440,0
1625263500,0
1625263560,1
1625263620,0
1625263680,1
1625263740,1
1625263800,0
1625263860,0
1625263920,0
1625263980,1
1625264040,1
1625264100,1
1625264160,0
1625264220,0
1625264280,0
1625264340,0
1625264400,0
1625264460,0
1625264520,0
1625264580,0
1625264640,0
1625264700,0
1625264760,1
1625264820,1
1625264880,0
1625264940,0
1625265000,0
1625265060,0
1625265120,0
1625265180,0
1625265240,1
1625265300,0
1625265360,1
1625265420,0
1625265480,0
1625265540,0
1625265600,0
1625265660,0
1625265720,1
1625265780,1
1625265840,0
1625265900,1
1625265960,1
1625266020,0
1625266080,0
1625266140,0
1625266200,0
1625266260,0
1625266320,0
1625266380,0
1625266440,0
1625266500,1
1625266560,1
1625266620,0
1625266680,0
1625266740,0
1625266800,0
1625266860,0
1625266920,0
1625266980,0
1625267040,0
1625267100,0
1625267160,1
1625267220,0
1625267280,0
1625267340,0
1625267400,1
1625267460,0
1625267520,0
1625267580,0
1625267640,0
1625267700,1
1625267760,1
1625267820,0
1625267880,0
1625267940,0
1625268000,0
1625268060,1
1625268120,0
1625268180,0
1625268240,0
1625268300,1
1625268360,0
1625268420,0
1625268480,1
1625268540,1
1625268600,0
1625268660,1
1625268720,1
1625268780,1
1625268840,0
1625268900,0
1625268960,0
1625269020,0
1625269080,0
1625269140,0
1625269200,0
1625269260,1
1625269320,0
1625269380,0
1625269440,0
1625269500,0
1625269560,0
1625269620,1
1625269680,1
1625269740,1
1625269800,0
1625269860,0
1625269920,0
1625269980,0
1625270040,1
1625270100,1
1625270160,0
1625270220,0
1625270280,0
1625270340,0
1625270400,0
1625270460,1
1625270520,0
1625270580,0
1625270640,0
1625270700,0
1625270760,0
1625270820,0
1625270880,1
1625270940,0
1625271000,0
1625271060,0
1625271120,0
1625271180,1
1625271240,1
1625271300,0
1625271360,0
1625271420,0
1625271480,0
1625271540,0
1625271600,0
1625271660,1
1625271720,0
1625271780,1
1625271840,0
1625271900,0
1625271960,0
1625272020,1
1625272080,0
1625272140,0
1625272200,0
1625272260,0
1625272320,1
1625272380,1
1625272440,0
1625272500,1
1625272560,0
1625272620,0
1625272680,1
1625272740,0
1625272800,0
1625272860,0
1625272920,1
1625272980,0
1625273040,0
1625273100,0
1625273160,0
1625273220,0
1625273280,0
1625273340,0
1625273400,0
1625273460,0
1625273520,0
1625273580,0
1625273640,0
1625273700,0
1625273760,1
1625273820,1
1625273880,0
1625273940,0
1625274000,0
1625274060,0
1625274120,0
1625274180,1
1625274240,0
1625274300,0
1625274360,0
1625274420,1
1625274480,1
1625274540,0
1625274600,0
1625274660,0
1625274720,0
1625274780,0
1625274840,0
1625274900,0
1625274960,0
1625275020,0
1625275080,0
1625275140,0
1625275200,1
1625275260,0
1625275320,0
1625275380,0
1625275440,0
1625275500,1
1625275560,0
1625275620,0
1625275680,0
1625275740,0
1625275800,0
1625275860,0
1625275920,0
1625275980,0
1625276040,0
1625276100,1
1625276160,0
1625276220,0
1625276280,0
1625276340,0
1625276400,0
1625276460,1
1625276520,1
1625276580,1
1625276640,1
1625276700,1
1625276760,1
1625276820,1
1625276880,1
1625276940,1
1625277000,1
1625277060,1
1625277120,0
1625277180,0
1625277240,0
1625277300,0
1625277360,0
1625277420,0
1625277480,0
1625277540,0
1625277600,1
1625277660,0
1625277720,0
1625277780,0
1625277840,0
1625277900,0
1625277960,0
1625278020,0
1625278080,1
1625278140,0
1625278200,0
1625278260,1
1625278320,0
1625278380,0
1625278440,0
1625278500,1
1625278560,1
1625278620,0
1625278680,0
1625278740,0
1625278800,0
1625278860,1
1625278920,1
1625278980,0
1625279040,0
1625279100,0
1625279160,0
1625279220,0
1625279280,0
1625279340,0
1625279400,1
1625279460,1
1625279520,0
1625279580,0
1625279640,0
1625279700,1
1625279760,0
1625279820,0
1625279880,0
1625279940,0
1625280000,1
1625280060,1
1625280120,0
1625280180,0
1625280240,0
1625280300,1
1625280360,0
1625280420,0
1625280480,0
1625280540,1
1625280600,1
1625280660,1
1625280720,1
1625280780,1
1625280840,0
1625280900,0
1625280960,0
1625281020,1
1625281080,1
1625281140,0
1625281200,0
1625281260,0
1625281320,1
1625281380,1
1625281440,0
1625281500,0
1625281560,1
1625281620,0
1625281680,0
1625281740,0
1625281800,0
1625281860,0
1625281920,0
1625281980,0
1625282040,0
1625282100,0
1625282160,0
1625282220,0
1625282280,0
1625282340,0
1625282400,1
1625282460,1
1625282520,0
1625282580,0
1625282640,0
1625282700,0
1625282760,0
1625282820,0
1625282880,0
1625282940,0
1625283000,0
1625283060,0
1625283120,0
1625283180,1
1625283240,0
1625283300,1
1625283360,0
1625283420,0
1625283480,0
1625283540,0
1625283600,0
1625283660,0
1625283720,0
1625283780,0
1625283840,1
1625283900,1
1625283960,1
1625284020,0
1625284080,0
1625284140,0
1625284200,1
1625284260,1
1625284320,1
1625284380,1
1625284440,0
1625284500,0
1625284560,0
1625284620,0
1625284680,0
1625284740,0
1625284800,0
1625284860,1
1625284920,0
1625284980,0
1625285040,1
1625285100,1
1625285160,0
1625285220,0
1625285280,0
1625285340,0
1625285400,0
1625285460,0
1625285520,0
1625285580,0
1625285640,0
1625285700,1
1625285760,1
1625285820,0
1625285880,0
1625285940,0
1625286000,0
1625286060,0
1625286120,0
1625286180,0
1625286240,0
1625286300,1
1625286360,0
1625286420,0
1625286480,0
1625286540,0
1625286600,0
1625286660,0
1625286720,0
1625286780,1
1625286840,0
1625286900,0
1625286960,0
1625287020,0
1625287080,0
1625287140,1
1625287200,0
1625287260,0
1625287320,1
1625287380,0
1625287440,0
1625287500,0
1625287560,0
1625287620,0
1625287680,0
1625287740,0
1625287800,0
1625287860,0
1625287920,0
1625287980,1
1625288040,0
1625288100,0
1625288160,0
1625288220,0
1625288280,0
1625288340,0
1625288400,1
1625288460,0
1625288520,0
1625288580,0
1625288640,0
1625288700,0
1625288760,0
1625288820,0
1625288880,0
1625288940,0
1625289000,1
1625289060,0
1625289120,0
1625289180,0
1625289240,0
1625289300,0
1625289360,1
1625289420,1
1625289480,0
1625289540,0
1625289600,0
1625289660,0
1625289720,0
1625289780,0
1625289840,0
1625289900,0
1625289960,0
1625290020,1
1625290080,1
1625290140,0
1625290200,1
1625290260,0
1625290320,1
1625290380,1
1625290440,0
1625290500,0
1625290560,1
1625290620,0
1625290680,0
1625290740,1
1625290800,1
1625290860,1
1625290920,1
1625290980,0
1625291040,0
1625291100,0
1625291160,0
1625291220,0
1625291280,0
1625291340,0
1625291400,0
1625291460,0
1625291520,0
1625291580,0
1625291640,0
1625291700,1
1625291760,0
1625291820,0
1625291880,0
1625291940,1
1625292000,1
1625292060,0
1625292120,0
1625292180,0
1625292240,0
1625292300,0
1625292360,0
1625292420,0
1625292480,0
1625292540,0
1625292600,0
1625292660,0
1625292720,0
1625292780,0
1625292840,1
1625292900,0
1625292960,0
1625293020,0
1625293080,0
1625293140,0
1625293200,0
1625293260,0
1625293320,0
1625293380,0
1625293440,0
1625293500,0
1625293560,0
1625293620,0
1625293680,0
1625293740,0
1625293800,0
1625293860,0
1625293920,0
1625293980,0
1625294040,1
1625294100,1
1625294160,0
1625294220,0
1625294280,0
1625294340,0
1625294400,0
1625294460,0
1625294520,0
1625294580,0
1625294640,0
1625294700,0
1625294760,0
1625294820,0
1625294880,0
1625294940,0
1625295000,1
1625295060,1
1625295120,0
1625295180,0
1625295240,0
1625295300,0
1625295360,0
1625295420,0
1625295480,0
1625295540,0
1625295600,0
1625295660,0
1625295720,0
1625295780,0
1625295840,0
1625295900,0
1625295960,0
1625296020,0
1625296080,0
1625296140,0
1625296200,0
1625296260,0
1625296320,1
1625296380,1
1625296440,0
1625296500,0
1625296560,1
1625296620,0
1625296680,1
1625296740,0
1625296800,0
1625296860,0
1625296920,0
1625296980,0
1625297040,1
1625297100,1
1625297160,0
1625297220,1
1625297280,0
1625297340,0
1625297400,1
1625297460,0
1625297520,1
1625297580,0
1625297640,0
1625297700,0
1625297760,0
1625297820,1
1625297880,0
1625297940,0
1625298000,0
1625298060,0
1625298120,0
1625298180,1
1625298240,0
1625298300,0
1625298360,0
1625298420,0
1625298480,0
1625298540,0
1625298600,0
1625298660,0
1625298720,0
1625298780,0
1625298840,0
1625298900,0
1625298960,0
1625299020,0
1625299080,0
1625299140,0
1625299200,1
1625299260,0
1625299320,0
1625299380,1
1625299440,1
1625299500,0
1625299560,0
1625299620,0
1625299680,0
1625299740,0
1625299800,0
1625299860,0
1625299920,0
1625299980,0
1625300040,0
1625300100,0
1625300160,1
1625300220,1
1625300280,0
1625300340,0
1625300400,0
1625300460,0
1625300520,0
1625300580,0
1625300640,0
1625300700,0
1625300760,0
1625300820,0
1625300880,1
1625300940,0
1625301000,0
1625301060,1
1625301120,1
1625301180,0
1625301240,0
1625301300,0
1625301360,0
1625301420,0
1625301480,0
1625301540,0
1625301600,0
1625301660,0
1625301720,0
1625301780,1
1625301840,0
1625301900,1
1625301960,0
1625302020,0
1625302080,0
1625302140,0
1625302200,1
1625302260,0
1625302320,1
1625302380,0
1625302440,0
1625302500,0
1625302560,0
1625302620,0
1625302680,0
1625302740,0
1625302800,0
1625302860,1
1625302920,1
1625302980,0
1625303040,1
1625303100,1
1625303160,0
1625303220,1
1625303280,0
1625303340,1
1625303400,0
1625303460,0
1625303520,0
1625303580,0
1625303640,0
1625303700,0
1625303760,0
1625303820,0
1625303880,0
1625303940,0
1625304000,0
1625304060,0
1625304120,0
1625304180,1
1625304240,1
1625304300,0
1625304360,0
1625304420,0
1625304480,0
1625304540,0
1625304600,0
1625304660,0
1625304720,1
1625304780,0
1625304840,0
1625304900,0
1625304960,1
1625305020,0
1625305080,0
1625305140,1
1625305200,1
1625305260,0
1625305320,0
1625305380,0
1625305440,1
1625305500,1
1625305560,0
1625305620,0
1625305680,0
1625305740,0
1625305800,0
1625305860,0
1625305920,0
1625305980,0
1625306040,1
1625306100,0
1625306160,1
1625306220,0
1625306280,0
1625306340,0
1625306400,0
1625306460,1
1625306520,0
1625306580,0
1625306640,0
1625306700,0
1625306760,0
1625306820,0
1625306880,0
1625306940,0
1625307000,0
1625307060,0
1625307120,0
1625307180,1
1625307240,0
1625307300,0
1625307360,0
1625307420,0
1625307480,0
1625307540,0
1625307600,1
1625307660,0
1625307720,0
1625307780,0
1625307840,0
1625307900,0
1625307960,0
1625308020,0
1625308080,1
1625308140,0
1625308200,0
1625308260,0
1625308320,1
1625308380,0
1625308440,0
1625308500,0
1625308560,1
1625308620,0
1625308680,0
1625308740,0
1625308800,0
1625308860,0
1625308920,0
1625308980,0
1625309040,0
1625309100,0
1625309160,1
1625309220,0
1625309280,0
1625309340,0
1625309400,0
1625309460,0
1625309520,0
1625309580,0
1625309640,1
1625309700,1
1625309760,1
1625309820,0
1625309880,0
1625309940,0
1625310000,0
1625310060,1
1625310120,0
1625310180,0
1625310240,1
1625310300,0
1625310360,1
1625310420,0
1625310480,0
1625310540,0
1625310600,0
1625310660,0
1625310720,0
1625310780,0
1625310840,0
1625310900,0
1625310960,0
1625311020,0
1625311080,0
1625311140,0
1625311200,0
1625311260,0
1625311320,0
1625311380,1
1625311440,0
1625311500,1
1625311560,1
1625311620,1
1625311680,0
1625311740,0
1625311800,1
1625311860,0
1625311920,0
1625311980,0
1625312040,0
1625312100,0
1625312160,1
1625312220,0
1625312280,0
1625312340,1
1625312400,1
1625312460,0
1625312520,0
1625312580,0
1625312640,0
1625312700,0
1625312760,0
1625312820,0
1625312880,1
1625312940,0
1625313000,1
1625313060,1
1625313120,0
1625313180,0
1625313240,0
1625313300,0
1625313360,0
1625313420,1
1625313480,0
1625313540,0
1625313600,0
1625313660,0
1625313720,0
1625313780,0
1625313840,0
1625313900,0
1625313960,0
1625314020,0
1625314080,1
1625314140,1
1625314200,0
1625314260,0
1625314320,0
1625314380,0
1625314440,1
1625314500,1
1625314560,1
1625314620,0
1625314680,0
1625314740,0
1625314800,0
1625314860,0
1625314920,0
1625314980,0
1625315040,0
1625315100,0
1625315160,0
1625315220,0
1625315280,0
1625315340,0
1625315400,0
1625315460,0
1625315520,0
1625315580,0
1625315640,1
1625315700,0
1625315760,0
1625315820,0
1625315880,0
1625315940,0
1625316000,0
1625316060,0
1625316120,1
1625316180,0
1625316240,0
1625316300,0
1625316360,0
1625316420,0
1625316480,0
1625316540,0
1625316600,0
1625316660,0
1625316720,0
1625316780,1
1625316840,0
1625316900,0
1625316960,0
1625317020,0
1625317080,0
1625317140,1
1625317200,0
1625317260,0
1625317320,0
1625317380,0
1625317440,0
1625317500,1
1625317560,0
1625317620,0
1625317680,1
1625317740,1
1625317800,1
1625317860,1
1625317920,0
1625317980,0
1625318040,0
1625318100,1
1625318160,0
1625318220,0
1625318280,0
1625318340,0
1625318400,0
1625318460,0
1625318520,0
1625318580,1
1625318640,0
1625318700,0
1625318760,1
1625318820,1
1625318880,1
1625318940,1
1625319000,0
1625319060,0
1625319120,0
1625319180,0
1625319240,0
1625319300,0
1625319360,0
1625319420,1
1625319480,1
1625319540,0
1625319600,0
1625319660,0
1625319720,0
1625319780,0
1625319840,0
1625319900,0
1625319960,0
1625320020,1
1625320080,1
1625320140,0
1625320200,0
1625320260,0
1625320320,0
1625320380,0
1625320440,0
1625320500,0
1625320560,0
1625320620,0
1625320680,0
1625320740,0
1625320800,0
1625320860,0
1625320920,0
1625320980,0
1625321040,0
1625321100,0
1625321160,0
1625321220,0
1625321280,0
1625321340,1
1625321400,0
1625321460,0
1625321520,1
1625321580,0
1625321640,1
1625321700,0
1625321760,0
1625321820,0
1625321880,1
1625321940,1
1625322000,0
1625322060,0
1625322120,0
1625322180,1
1625322240,0
1625322300,0
1625322360,0
1625322420,0
1625322480,0
1625322540,1
1625322600,0
1625322660,0
1625322720,0
1625322780,1
1625322840,1
1625322900,0
1625322960,0
1625323020,0
1625323080,0
1625323140,1
1625323200,0
1625323260,1
1625323320,0
1625323380,1
1625323440,0
1625323500,0
1625323560,0
1625323620,0
1625323680,0
1625323740,0
1625323800,0
1625323860,0
1625323920,0
1625323980,0
1625324040,1
1625324100,0
1625324160,0
1625324220,1
1625324280,0
1625324340,0
1625324400,1
1625324460,0
1625324520,0
1625324580,0
1625324640,1
1625324700,0
1625324760,0
1625324820,0
1625324880,0
1625324940,1
1625325000,0
1625325060,0
1625325120,0
1625325180,0
1625325240,0
1625325300,0
1625325360,0
1625325420,0
1625325480,0
1625325540,0
1625325600,0
1625325660,0
1625325720,0
1625325780,1
1625325840,0
1625325900,0
1625325960,1
1625326020,1
1625326080,0
1625326140,0
1625326200,0
1625326260,0
1625326320,0
1625326380,0
1625326440,1
1625326500,1
1625326560,0
1625326620,0
1625326680,0
1625326740,0
1625326800,0
1625326860,0
1625326920,1
1625326980,0
1625327040,1
1625327100,0
1625327160,1
1625327220,0
1625327280,0
1625327340,0
1625327400,1
1625327460,0
1625327520,0
1625327580,0
1625327640,1
1625327700,0
1625327760,0
1625327820,0
1625327880,1
1625327940,0
1625328000,0
1625328060,0
1625328120,0
1625328180,0
1625328240,0
1625328300,0
1625328360,1
1625328420,0
1625328480,1
1625328540,1
1625328600,0
1625328660,0
1625328720,0
1625328780,0
1625328840,0
1625328900,0
1625328960,0
1625329020,1
1625329080,1
1625329140,0
1625329200,0
1625329260,1
1625329320,1
1625329380,0
1625329440,0
1625329500,0
1625329560,0
1625329620,0
1625329680,1
1625329740,1
1625329800,0
1625329860,1
1625329920,0
1625329980,0
1625330040,0
1625330100,0
1625330160,0
1625330220,1
1625330280,1
1625330340,1
1625330400,1
1625330460,1
1625330520,1
1625330580,1
1625330640,1
1625330700,1
1625330760,1
1625330820,1
1625330880,1
1625330940,0
1625331000,0
1625331060,0
1625331120,0
1625331180,1
1625331240,1
1625331300,0
1625331360,1
1625331420,1
1625331480,0
1625331540,0
1625331600,0
1625331660,0
1625331720,0
1625331780,0
1625331840,0
1625331900,0
1625331960,0
1625332020,0
1625332080,0
1625332140,0
1625332200,0
1625332260,0
1625332320,0
1625332380,0
1625332440,0
1625332500,0
1625332560,0
1625332620,0
1625332680,1
1625332740,1
1625332800,1
1625332860,0
1625332920,0
1625332980,0
1625333040,1
1625333100,0
1625333160,1
1625333220,1
1625333280,0
1625333340,0
1625333400,0
1625333460,0
1625333520,0
1625333580,1
1625333640,0
1625333700,0
1625333760,1
1625333820,1
1625333880,1
1625333940,0
1625334000,0
1625334060,0
1625334120,0
1625334180,0
1625334240,0
1625334300,0
1625334360,0
1625334420,0
1625334480,0
1625334540,1
1625334600,1
1625334660,0
1625334720,1
1625334780,0
1625334840,1
1625334900,0
1625334960,1
1625335020,0
1625335080,0
1625335140,0
1625335200,0
1625335260,0
1625335320,0
1625335380,0
1625335440,0
1625335500,1
1625335560,0
1625335620,1
1625335680,0
1625335740,0
1625335800,0
1625335860,0
1625335920,0
1625335980,0
1625336040,0
1625336100,1
1625336160,1
1625336220,1
1625336280,1
1625336340,1
1625336400,1
1625336460,0
1625336520,0
1625336580,0
1625336640,0
1625336700,0
1625336760,0
1625336820,0
1625336880,1
1625336940,0
1625337000,0
1625337060,0
1625337120,0
1625337180,0
1625337240,0
1625337300,0
1625337360,0
1625337420,1
1625337480,0
1625337540,0
1625337600,0
1625337660,1
1625337720,1
1625337780,1
1625337840,0
1625337900,0
1625337960,0
1625338020,0
1625338080,1
1625338140,1
1625338200,1
1625338260,1
1625338320,1
1625338380,1
1625338440,0
1625338500,0
1625338560,1
1625338620,0
1625338680,0
1625338740,0
1625338800,0
1625338860,0
1625338920,0
1625338980,0
1625339040,0
1625339100,0
1625339160,1
1625339220,0
1625339280,0
1625339340,0
1625339400,0
1625339460,1
1625339520,1
1625339580,0
1625339640,0
1625339700,0
1625339760,0
1625339820,0
1625339880,0
1625339940,0
1625340000,0
1625340060,0
1625340120,0
1625340180,0
1625340240,0
1625340300,0
1625340360,0
1625340420,0
1625340480,0
1625340540,0
1625340600,0
1625340660,0
1625340720,0
1625340780,0
1625340840,0
1625340900,0
1625340960,0
1625341020,0
1625341080,0
1625341140,1
1625341200,0
1625341260,0
1625341320,0
1625341380,0
1625341440,0
1625341500,1
1625341560,0
1625341620,0
1625341680,0
1625341740,0
1625341800,0
1625341860,0
1625341920,0
1625341980,0
1625342040,0
1625342100,0
1625342160,0
1625342220,0
1625342280,0
1625342340,0
1625342400,0
1625342460,0
1625342520,0
1625342580,0
1625342640,0
1625342700,1
1625342760,1
1625342820,0
1625342880,0
1625342940,0
1625343000,0
1625343060,0
1625343120,0
1625343180,1
1625343240,1
1625343300,0
1625343360,1
1625343420,0
1625343480,0
1625343540,0
1625343600,0
1625343660,0
1625343720,0
1625343780,1
1625343840,0
1625343900,0
1625343960,0
1625344020,0
1625344080,0
1625344140,0
1625344200,0
1625344260,0
1625344320,0
1625344380,0
1625344440,0
1625344500,0
1625344560,0
1625344620,0
1625344680,0
1625344740,0
1625344800,0
1625344860,0
1625344920,1
1625344980,1
1625345040,0
1625345100,0
1625345160,0
1625345220,0
1625345280,0
1625345340,0
1625345400,0
1625345460,0
1625345520,0
1625345580,0
1625345640,0
1625345700,0
1625345760,0
1625345820,0
1625345880,0
1625345940,0
1625346000,1
1625346060,0
1625346120,0
1625346180,0
1625346240,0
1625346300,0
1625346360,0
1625346420,0
1625346480,1
1625346540,0
1625346600,1
1625346660,1
1625346720,0
1625346780,0
1625346840,0
1625346900,0
1625346960,0
1625347020,0
1625347080,0
1625347140,0
1625347200,0
1625347260,1
1625347320,1
1625347380,0
1625347440,0
1625347500,0
1625347560,0
1625347620,0
1625347680,0
1625347740,0
1625347800,0
1625347860,0
1625347920,1
1625347980,0
1625348040,0
1625348100,0
1625348160,0
1625348220,0
1625348280,0
1625348340,0
1625348400,1
1625348460,0
1625348520,0
1625348580,0
1625348640,0
1625348700,0
1625348760,1
1625348820,0
1625348880,0
1625348940,0
1625349000,0
1625349060,0
1625349120,0
1625349180,0
1625349240,0
1625349300,1
1625349360,0
1625349420,0
1625349480,0
1625349540,0
1625349600,0
1625349660,0
1625349720,0
1625349780,0
1625349840,1
1625349900,0
1625349960,0
1625350020,0
1625350080,0
1625350140,1
1625350200,1
1625350260,1
1625350320,0
1625350380,0
1625350440,0
1625350500,0
1625350560,0
1625350620,0
1625350680,0
1625350740,0
1625350800,0
1625350860,1
1625350920,0
1625350980,0
1625351040,0
1625351100,0
1625351160,0
1625351220,0
1625351280,0
1625351340,0
1625351400,0
1625351460,0
1625351520,1
1625351580,1
1625351640,0
1625351700,0
1625351760,0
1625351820,0
1625351880,0
1625351940,0
1625352000,0
1625352060,0
1625352120,0
1625352180,0
1625352240,0
1625352300,0
1625352360,1
1625352420,0
1625352480,0
1625352540,1
1625352600,1
1625352660,0
1625352720,0
1625352780,1
1625352840,1
1625352900,1
1625352960,1
1625353020,0
1625353080,0
1625353140,0
1625353200,0
1625353260,0
1625353320,0
1625353380,1
1625353440,0
1625353500,0
1625353560,0
1625353620,0
1625353680,0
1625353740,0
1625353800,0
1625353860,0
1625353920,0
1625353980,1
1625354040,0
1625354100,0
1625354160,0
1625354220,0
1625354280,0
1625354340,0
1625354400,0
1625354460,0
1625354520,0
1625354580,0
1625354640,0
1625354700,0
1625354760,1
1625354820,0
1625354880,1
1625354940,0
1625355000,1
1625355060,0
1625355120,0
1625355180,0
1625355240,0
1625355300,0
1625355360,0
1625355420,0
1625355480,0
1625355540,0
1625355600,1
1625355660,0
1625355720,0
1625355780,0
1625355840,0
1625355900,0
1625355960,0
1625356020,0
1625356080,0
1625356140,1
1625356200,0
1625356260,0
1625356320,0
1625356380,1
1625356440,1
1625356500,0
1625356560,0
1625356620,0
1625356680,1
1625356740,0
1625356800,0
1625356860,0
1625356920,0
1625356980,1
1625357040,0
1625357100,0
1625357160,0
1625357220,0
1625357280,0
1625357340,0
1625357400,0
1625357460,0
1625357520,0
1625357580,0
1625357640,0
1625357700,0
1625357760,0
1625357820,0
1625357880,0
1625357940,1
1625358000,0
1625358060,0
1625358120,0
1625358180,0
1625358240,1
1625358300,0
1625358360,0
1625358420,0
1625358480,0
1625358540,0
1625358600,0
1625358660,0
1625358720,0
1625358780,1
1625358840,0
1625358900,0
1625358960,0
1625359020,0
1625359080,1
1625359140,1
1625359200,1
1625359260,0
1625359320,0
1625359380,0
1625359440,0
1625359500,0
1625359560,1
1625359620,0
1625359680,0
1625359740,0
1625359800,0
1625359860,0
1625359920,0
1625359980,0
1625360040,1
1625360100,0
1625360160,0
1625360220,0
1625360280,0
1625360340,0
1625360400,0
1625360460,1
1625360520,0
1625360580,0
1625360640,1
1625360700,1
1625360760,0
1625360820,1
1625360880,1
1625360940,1
1625361000,1
1625361060,0
1625361120,1
1625361180,1
1625361240,0
1625361300,1
1625361360,1
1625361420,0
1625361480,0
1625361540,0
1625361600,0
1625361660,0
1625361720,0
1625361780,0
1625361840,0
1625361900,0
1625361960,1
1625362020,1
1625362080,0
1625362140,0
1625362200,0
1625362260,1
1625362320,0
1625362380,0
1625362440,0
1625362500,0
1625362560,0
1625362620,0
1625362680,0
1625362740,0
1625362800,0
1625362860,0
1625362920,0
1625362980,0
1625363040,0
1625363100,0
1625363160,0
1625363220,0
1625363280,0
1625363340,1
1625363400,0
1625363460,0
1625363520,0
1625363580,0
1625363640,0
1625363700,0
1625363760,0
1625363820,1
1625363880,0
1625363940,1
1625364000,0
1625364060,0
1625364120,1
1625364180,1
1625364240,0
1625364300,0
1625364360,0
1625364420,0
1625364480,0
1625364540,0
1625364600,0
1625364660,0
1625364720,0
1625364780,1
1625364840,0
1625364900,0
1625364960,0
1625365020,0
1625365080,0
1625365140,0
1625365200,0
1625365260,1
1625365320,0
1625365380,0
1625365440,0
1625365500,0
1625365560,0
1625365620,1
1625365680,0
1625365740,0
1625365800,0
1625365860,0
1625365920,0
1625365980,0
1625366040,0
1625366100,1
1625366160,0
1625366220,0
1625366280,0
1625366340,0
1625366400,0
1625366460,0
1625366520,0
1625366580,1
1625366640,0
1625366700,0
1625366760,0
1625366820,0
1625366880,0
1625366940,0
1625367000,0
1625367060,1
1625367120,0
1625367180,0
1625367240,0
1625367300,0
1625367360,0
1625367420,1
1625367480,0
1625367540,0
1625367600,0
1625367660,0
1625367720,1
1625367780,0
1625367840,0
1625367900,0
1625367960,0
1625368020,0
1625368080,0
1625368140,0
1625368200,0
1625368260,0
1625368320,1
1625368380,0
1625368440,0
1625368500,0
1625368560,0
1625368620,0
1625368680,0
1625368740,1
1625368800,1
1625368860,0
1625368920,0
1625368980,1
1625369040,0
1625369100,1
1625369160,0
1625369220,1
1625369280,0
1625369340,0
1625369400,0
1625369460,0
1625369520,0
1625369580,0
1625369640,0
1625369700,0
1625369760,0
1625369820,0
1625369880,0
1625369940,0
1625370000,0
1625370060,0
1625370120,0
1625370180,0
1625370240,0
1625370300,1
1625370360,0
1625370420,0
1625370480,1
1625370540,1
1625370600,1
1625370660,0
1625370720,0
1625370780,0
1625370840,1
1625370900,1
1625370960,1
1625371020,0
1625371080,0
1625371140,0
1625371200,0
1625371260,0
1625371320,0
1625371380,0
1625371440,0
1625371500,0
1625371560,0
1625371620,1
1625371680,0
1625371740,1
1625371800,0
1625371860,0
1625371920,0
1625371980,0
1625372040,1
1625372100,0
1625372160,1
1625372220,0
1625372280,1
1625372340,0
1625372400,0
1625372460,0
1625372520,0
1625372580,1
1625372640,0
1625372700,0
1625372760,0
1625372820,0
1625372880,0
1625372940,0
1625373000,1
1625373060,0
1625373120,1
1625373180,0
1625373240,1
1625373300,0
1625373360,0
1625373420,0
1625373480,0
1625373540,1
1625373600,0
1625373660,0
1625373720,0
1625373780,0
1625373840,0
1625373900,0
1625373960,0
1625374020,0
1625374080,1
1625374140,0
1625374200,0
1625374260,0
1625374320,0
1625374380,1
1625374440,0
1625374500,0
1625374560,0
1625374620,0
1625374680,0
1625374740,0
1625374800,0
1625374860,0
1625374920,0
1625374980,0
1625375040,0
1625375100,0
1625375160,1
1625375220,0
1625375280,0
1625375340,0
1625375400,0
1625375460,1
1625375520,1
1625375580,1
1625375640,0
1625375700,0
1625375760,0
1625375820,0
1625375880,0
1625375940,0
1625376000,1
1625376060,0
1625376120,0
1625376180,0
1625376240,0
1625376300,0
1625376360,0
1625376420,0
1625376480,0
1625376540,0
1625376600,0
1625376660,1
1625376720,0
1625376780,0
1625376840,1
1625376900,0
1625376960,0
1625377020,0
1625377080,0
1625377140,0
1625377200,0
1625377260,0
1625377320,0
1625377380,0
1625377440,0
1625377500,0
1625377560,0
1625377620,0
1625377680,0
1625377740,0
1625377800,1
1625377860,1
1625377920,0
1625377980,0
1625378040,0
1625378100,0
1625378160,0
1625378220,0
1625378280,0
1625378340,0
1625378400,0
1625378460,0
1625378520,0
1625378580,0
1625378640,1
1625378700,1
1625378760,0
1625378820,0
1625378880,0
1625378940,0
1625379000,0
1625379060,0
1625379120,0
1625379180,0
1625379240,0
1625379300,0
1625379360,0
1625379420,0
1625379480,0
1625379540,0
1625379600,0
1625379660,0
1625379720,1
1625379780,1
1625379840,0
1625379900,0
1625379960,0
1625380020,0
1625380080,0
1625380140,0
1625380200,0
1625380260,0
1625380320,1
1625380380,0
1625380440,0
1625380500,0
1625380560,0
1625380620,0
1625380680,0
1625380740,0
1625380800,1
1625380860,1
1625380920,0
1625380980,0
1625381040,0
1625381100,0
1625381160,0
1625381220,1
1625381280,0
1625381340,0
1625381400,0
1625381460,0
1625381520,0
1625381580,0
1625381640,1
1625381700,0
1625381760,0
1625381820,0
1625381880,0
1625381940,0
1625382000,0
1625382060,0
1625382120,0
1625382180,0
1625382240,0
1625382300,0
1625382360,0
1625382420,0
1625382480,0
1625382540,0
1625382600,0
1625382660,0
1625382720,0
1625382780,1
1625382840,1
1625382900,0
1625382960,1
1625383020,0
1625383080,0
1625383140,1
1625383200,0
1625383260,0
1625383320,0
1625383380,0
1625383440,0
1625383500,0
1625383560,1
1625383620,0
1625383680,0
1625383740,0
1625383800,0
1625383860,0
1625383920,1
1625383980,1
1625384040,0
1625384100,1
1625384160,0
1625384220,0
1625384280,0
1625384340,0
1625384400,0
1625384460,0
1625384520,0
1625384580,0
1625384640,0
1625384700,0
1625384760,0
1625384820,0
1625384880,0
1625384940,0
1625385000,0
1625385060,0
1625385120,0
1625385180,0
1625385240,0
1625385300,0
1625385360,0
1625385420,1
1625385480,0
1625385540,0
1625385600,1
1625385660,1
1625385720,1
1625385780,1
1625385840,0
1625385900,0
1625385960,1
1625386020,0
1625386080,0
1625386140,1
1625386200,0
1625386260,1
1625386320,0
1625386380,0
1625386440,0
1625386500,0
1625386560,0
1625386620,0
1625386680,0
1625386740,0
1625386800,0
1625386860,1
1625386920,1
1625386980,0
1625387040,0
1625387100,0
1625387160,0
1625387220,0
1625387280,0
1625387340,0
1625387400,0
1625387460,0
1625387520,0
1625387580,0
1625387640,0
1625387700,0
1625387760,0
1625387820,0
1625387880,0
1625387940,0
1625388000,0
1625388060,0
1625388120,0
1625388180,1
1625388240,0
1625388300,0
1625388360,0
1625388420,0
1625388480,0
1625388540,0
1625388600,0
1625388660,0
1625388720,0
1625388780,0
1625388840,0
1625388900,1
1625388960,1
1625389020,0
1625389080,0
1625389140,0
1625389200,0
1625389260,1
1625389320,1
1625389380,1
1625389440,0
1625389500,0
1625389560,0
1625389620,0
1625389680,1
1625389740,0
1625389800,0
1625389860,0
1625389920,0
1625389980,0
1625390040,0
1625390100,0
1625390160,0
1625390220,0
1625390280,0
1625390340,0
1625390400,0
1625390460,1
1625390520,0
1625390580,0
1625390640,0
1625390700,0
1625390760,1
1625390820,1
1625390880,0
1625390940,0
1625391000,0
1625391060,1
1625391120,0
1625391180,0
1625391240,0
1625391300,0
1625391360,0
1625391420,1
1625391480,1
1625391540,1
1625391600,0
1625391660,1
1625391720,1
1625391780,0
1625391840,0
1625391900,0
1625391960,1
1625392020,1
1625392080,1
1625392140,0
1625392200,1
1625392260,0
1625392320,0
1625392380,0
1625392440,0
1625392500,0
1625392560,0
1625392620,1
1625392680,1
1625392740,0
1625392800,0
1625392860,0
1625392920,0
1625392980,1
1625393040,0
1625393100,0
1625393160,0
1625393220,0
1625393280,0
1625393340,0
1625393400,0
1625393460,0
1625393520,0
1625393580,1
1625393640,0
1625393700,1
1625393760,0
1625393820,0
1625393880,1
1625393940,0
1625394000,1
1625394060,0
1625394120,0
1625394180,0
1625394240,0
1625394300,0
1625394360,0
1625394420,0
1625394480,0
1625394540,0
1625394600,0
1625394660,0
1625394720,0
1625394780,0
1625394840,0
1625394900,0
1625394960,0
1625395020,0
1625395080,0
1625395140,0
1625395200,0
1625395260,0
1625395320,0
1625395380,0
1625395440,0
1625395500,0
1625395560,1
1625395620,0
1625395680,0
1625395740,0
1625395800,0
1625395860,0
1625395920,0
1625395980,0
1625396040,0
1625396100,1
1625396160,0
1625396220,0
1625396280,0
1625396340,0
1625396400,0
1625396460,1
1625396520,1
1625396580,0
1625396640,0
1625396700,1
1625396760,0
1625396820,0
1625396880,0
1625396940,0
1625397000,0
1625397060,1
1625397120,0
1625397180,1
1625397240,0
1625397300,1
1625397360,1
1625397420,0
1625397480,0
1625397540,0
1625397600,1
1625397660,1
1625397720,0
1625397780,1
1625397840,0
1625397900,1
1625397960,0
1625398020,1
1625398080,0
1625398140,0
1625398200,0
1625398260,1
1625398320,0
1625398380,0
1625398440,0
1625398500,0
1625398560,0
1625398620,0
1625398680,0
1625398740,1
1625398800,0
1625398860,0
1625398920,0
1625398980,1
1625399040,0
1625399100,0
1625399160,0
1625399220,1
1625399280,0
1625399340,0
1625399400,1
1625399460,0
1625399520,1
1625399580,0
1625399640,0
1625399700,0
1625399760,0
1625399820,1
1625399880,1
1625399940,0
1625400000,0
1625400060,0
1625400120,1
1625400180,1
1625400240,1
1625400300,0
1625400360,0
1625400420,0
1625400480,1
1625400540,1
1625400600,0
1625400660,1
1625400720,0
1625400780,0
1625400840,0
1625400900,1
1625400960,0
1625401020,0
1625401080,1
1625401140,0
1625401200,0
1625401260,0
1625401320,0
1625401380,0
1625401440,0
1625401500,0
1625401560,0
1625401620,0
1625401680,0
1625401740,1
1625401800,1
1625401860,0
1625401920,0
1625401980,0
1625402040,0
1625402100,0
1625402160,0
1625402220,0
1625402280,0
1625402340,1
1625402400,0
1625402460,0
1625402520,0
1625402580,0
1625402640,0
1625402700,0
1625402760,0
1625402820,0
1625402880,0
1625402940,0
1625403000,1
1625403060,0
1625403120,0
1625403180,0
1625403240,0
1625403300,0
1625403360,1
1625403420,0
1625403480,0
1625403540,0
1625403600,0
1625403660,0
1625403720,0
1625403780,0
1625403840,0
1625403900,1
1625403960,0
1625404020,0
1625404080,0
1625404140,0
1625404200,0
1625404260,0
1625404320,0
1625404380,1
1625404440,0
1625404500,0
1625404560,0
1625404620,0
1625404680,0
1625404740,0
1625404800,0
1625404860,0
1625404920,0
1625404980,0
1625405040,1
1625405100,0
1625405160,0
1625405220,0
1625405280,0
1625405340,1
1625405400,0
1625405460,0
1625405520,0
1625405580,0
1625405640,1
1625405700,1
1625405760,0
1625405820,0
1625405880,0
1625405940,0
1625406000,0
1625406060,0
1625406120,0
1625406180,0
1625406240,1
1625406300,0
1625406360,0
1625406420,0
1625406480,0
1625406540,0
1625406600,0
1625406660,0
1625406720,0
1625406780,0
1625406840,1
1625406900,0
1625406960,0
1625407020,0
1625407080,0
1625407140,0
1625407200,0
1625407260,0
1625407320,1
1625407380,0
1625407440,0
1625407500,0
1625407560,0
1625407620,1
1625407680,1
1625407740,0
1625407800,0
1625407860,0
1625407920,0
1625407980,0
1625408040,0
1625408100,0
1625408160,0
1625408220,1
1625408280,1
1625408340,0
1625408400,0
1625408460,0
1625408520,0
1625408580,0
1625408640,1
1625408700,1
1625408760,0
1625408820,0
1625408880,0
1625408940,1
1625409000,1
1625409060,1
1625409120,1
1625409180,0
1625409240,0
1625409300,0
1625409360,0
1625409420,0
1625409480,0
1625409540,0
1625409600,0
1625409660,0
1625409720,0
1625409780,0
1625409840,1
1625409900,0
1625409960,1
1625410020,1
1625410080,0
1625410140,0
1625410200,0
1625410260,1
1625410320,0
1625410380,1
1625410440,0
1625410500,0
1625410560,0
1625410620,0
1625410680,0
1625410740,0
1625410800,1
1625410860,0
1625410920,0
1625410980,0
1625411040,0
1625411100,1
1625411160,0
1625411220,0
1625411280,0
1625411340,0
1625411400,0
1625411460,0
1625411520,0
1625411580,0
1625411640,1
1625411700,0
1625411760,0
1625411820,0
1625411880,0
1625411940,0
1625412000,0
1625412060,0
1625412120,0
1625412180,0
1625412240,1
1625412300,1
1625412360,0
1625412420,0
1625412480,0
1625412540,0
1625412600,0
1625412660,0
1625412720,0
1625412780,0
1625412840,0
1625412900,0
1625412960,0
1625413020,0
1625413080,1
1625413140,1
1625413200,1
1625413260,0
1625413320,0
1625413380,1
1625413440,0
1625413500,0
1625413560,0
1625413620,0
1625413680,0
1625413740,1
1625413800,0
1625413860,0
1625413920,0
1625413980,0
1625414040,0
1625414100,0
1625414160,1
1625414220,1
1625414280,1
1625414340,0
1625414400,0
1625414460,0
1625414520,0
1625414580,0
1625414640,0
1625414700,0
1625414760,0
1625414820,0
1625414880,0
1625414940,0
1625415000,0
1625415060,0
1625415120,0
1625415180,1
1625415240,0
1625415300,0
1625415360,0
1625415420,0
1625415480,0
1625415540,0
1625415600,0
1625415660,1
1625415720,0
1625415780,1
1625415840,1
1625415900,1
1625415960,1
1625416020,1
1625416080,1
1625416140,0
1625416200,1
1625416260,0
1625416320,0
1625416380,0
1625416440,0
1625416500,0
1625416560,0
1625416620,0
1625416680,1
1625416740,0
1625416800,0
1625416860,1
1625416920,1
1625416980,0
1625417040,0
1625417100,0
1625417160,0
1625417220,0
1625417280,0
1625417340,0
1625417400,0
1625417460,1
1625417520,1
1625417580,1
1625417640,0
1625417700,1
1625417760,1
1625417820,0
1625417880,0
1625417940,0
1625418000,0
1625418060,0
1625418120,0
1625418180,0
1625418240,0
1625418300,1
1625418360,0
1625418420,0
1625418480,0
1625418540,0
1625418600,0
1625418660,1
1625418720,0
1625418780,0
1625418840,0
1625418900,0
1625418960,0
1625419020,0
1625419080,0
1625419140,0
1625419200,0
1625419260,0
1625419320,0
1625419380,0
1625419440,0
1625419500,0
1625419560,0
1625419620,0
1625419680,1
1625419740,0
1625419800,1
1625419860,0
1625419920,0
1625419980,0
1625420040,0
1625420100,0
1625420160,0
1625420220,0
1625420280,0
1625420340,0
1625420400,0
1625420460,0
1625420520,0
1625420580,0
1625420640,0
1625420700,0
1625420760,0
1625420820,0
1625420880,0
1625420940,0
1625421000,1
1625421060,0
1625421120,0
1625421180,0
1625421240,0
1625421300,0
1625421360,0
1625421420,1
1625421480,1
1625421540,0
1625421600,0
1625421660,0
1625421720,1
1625421780,0
1625421840,0
1625421900,0
1625421960,0
1625422020,0
1625422080,0
1625422140,0
1625422200,0
1625422260,1
1625422320,0
1625422380,0
1625422440,0
1625422500,0
1625422560,0
1625422620,1
1625422680,0
1625422740,0
1625422800,0
1625422860,0
1625422920,0
1625422980,0
1625423040,0
1625423100,0
1625423160,1
1625423220,0
1625423280,0
1625423340,0
1625423400,0
1625423460,0
1625423520,0
1625423580,0
1625423640,0
1625423700,0
1625423760,0
1625423820,0
1625423880,0
1625423940,1
1625424000,0
1625424060,0
1625424120,0
1625424180,0
1625424240,1
1625424300,1
1625424360,0
1625424420,0
1625424480,1
1625424540,1
1625424600,0
1625424660,0
1625424720,0
1625424780,0
1625424840,0
1625424900,0
1625424960,0
1625425020,0
1625425080,0
1625425140,0
1625425200,0
1625425260,0
1625425320,0
1625425380,0
1625425440,0
1625425500,1
1625425560,0
1625425620,0
1625425680,0
1625425740,0
1625425800,0
1625425860,0
1625425920,1
1625425980,0
1625426040,0
1625426100,0
1625426160,0
1625426220,1
1625426280,0
1625426340,0
1625426400,0
1625426460,0
1625426520,0
1625426580,0
1625426640,1
1625426700,1
1625426760,0
1625426820,1
1625426880,0
1625426940,0
1625427000,1
1625427060,0
1625427120,0
1625427180,0
1625427240,0
1625427300,0
1625427360,0
1625427420,0
1625427480,0
1625427540,0
1625427600,1
1625427660,1
1625427720,0
1625427780,0
1625427840,0
1625427900,0
1625427960,0
1625428020,0
1625428080,0
1625428140,0
1625428200,0
1625428260,0
1625428320,0
1625428380,0
1625428440,0
1625428500,0
1625428560,0
1625428620,0
1625428680,0
1625428740,0
1625428800,0
1625428860,0
1625428920,0
1625428980,0
1625429040,0
1625429100,0
1625429160,0
1625429220,0
1625429280,0
1625429340,0
1625429400,0
1625429460,0
1625429520,0
1625429580,1
1625429640,0
1625429700,0
1625429760,0
1625429820,1
1625429880,1
1625429940,0
1625430000,0
1625430060,0
1625430120,0
1625430180,0
1625430240,0
1625430300,0
1625430360,1
1625430420,0
1625430480,0
1625430540,0
1625430600,0
1625430660,0
1625430720,0
1625430780,1
1625430840,0
1625430900,1
1625430960,0
1625431020,0
1625431080,0
1625431140,0
1625431200,0
1625431260,0
1625431320,1
1625431380,0
1625431440,0
1625431500,0
1625431560,0
1625431620,0
1625431680,0
1625431740,0
1625431800,0
1625431860,0
1625431920,0
1625431980,1
1625432040,0
1625432100,0
1625432160,0
1625432220,0
1625432280,0
1625432340,0
1625432400,0
1625432460,0
1625432520,0
1625432580,0
1625432640,0
1625432700,0
1625432760,1
1625432820,0
1625432880,0
1625432940,0
1625433000,0
1625433060,1
1625433120,0
1625433180,1
1625433240,1
1625433300,0
1625433360,0
1625433420,0
1625433480,0
1625433540,0
1625433600,0
1625433660,0
1625433720,0
1625433780,0
1625433840,0
1625433900,0
1625433960,0
1625434020,0
1625434080,0
1625434140,0
1625434200,0
1625434260,0
1625434320,0
1625434380,0
1625434440,0
1625434500,1
1625434560,0
1625434620,1
1625434680,0
1625434740,0
1625434800,1
1625434860,0
1625434920,0
1625434980,0
1625435040,0
1625435100,1
1625435160,1
1625435220,0
1625435280,0
1625435340,0
1625435400,0
1625435460,1
1625435520,1
1625435580,0
1625435640,0
1625435700,0
1625435760,0
1625435820,1
1625435880,1
1625435940,1
1625436000,0
1625436060,0
1625436120,0
1625436180,0
1625436240,0
1625436300,0
1625436360,1
1625436420,0
1625436480,0
1625436540,0
1625436600,0
1625436660,0
1625436720,0
1625436780,0
1625436840,1
1625436900,0
1625436960,0
1625437020,0
1625437080,0
1625437140,0
1625437200,0
1625437260,0
1625437320,0
1625437380,0
1625437440,0
1625437500,0
1625437560,0
1625437620,0
1625437680,0
1625437740,1
1625437800,1
1625437860,1
1625437920,0
1625437980,0
1625438040,0
1625438100,1
1625438160,0
1625438220,0
1625438280,0
1625438340,1
1625438400,0
1625438460,0
1625438520,0
1625438580,0
1625438640,0
1625438700,0
1625438760,0
1625438820,0
1625438880,0
1625438940,0
1625439000,1
1625439060,0
1625439120,0
1625439180,0
1625439240,0
1625439300,0
1625439360,0
1625439420,0
1625439480,0
1625439540,0
1625439600,0
1625439660,0
1625439720,0
1625439780,0
1625439840,1
1625439900,0
1625439960,1
1625440020,1
1625440080,0
1625440140,0
1625440200,0
1625440260,1
1625440320,0
1625440380,0
1625440440,0
1625440500,0
1625440560,0
1625440620,0
1625440680,1
1625440740,0
1625440800,0
1625440860,0
1625440920,0
1625440980,0
1625441040,0
1625441100,0
1625441160,1
1625441220,0
1625441280,0
1625441340,0
1625441400,0
1625441460,0
1625441520,0
1625441580,0
1625441640,1
1625441700,0
1625441760,0
1625441820,0
1625441880,0
1625441940,0
1625442000,0
1625442060,0
1625442120,0
1625442180,1
1625442240,0
1625442300,0
1625442360,0
1625442420,0
1625442480,0
1625442540,1
1625442600,0
1625442660,0
1625442720,1
1625442780,0
1625442840,0
1625442900,0
1625442960,0
1625443020,1
1625443080,1
1625443140,0
1625443200,0
1625443260,0
1625443320,0
1625443380,1
1625443440,1
1625443500,1
1625443560,0
1625443620,1
1625443680,0
1625443740,0
1625443800,0
1625443860,0
1625443920,0
1625443980,0
1625444040,1
1625444100,0
1625444160,0
1625444220,0
1625444280,0
1625444340,0
1625444400,0
1625444460,0
1625444520,0
1625444580,0
1625444640,0
1625444700,0
1625444760,0
1625444820,0
1625444880,0
1625444940,0
1625445000,1
1625445060,0
1625445120,0
1625445180,0
1625445240,0
1625445300,0
1625445360,0
1625445420,0
1625445480,0
1625445540,0
1625445600,0
1625445660,0
1625445720,0
1625445780,1
1625445840,1
1625445900,0
1625445960,0
1625446020,0
1625446080,0
1625446140,0
1625446200,0
1625446260,0
1625446320,0
1625446380,1
1625446440,0
1625446500,1
1625446560,0
1625446620,0
1625446680,0
1625446740,0
1625446800,0
1625446860,0
1625446920,0
1625446980,0
1625447040,0
1625447100,0
1625447160,0
1625447220,1
1625447280,0
1625447340,0
1625447400,0
1625447460,1
1625447520,0
1625447580,1
1625447640,0
1625447700,0
1625447760,0
1625447820,0
1625447880,0
1625447940,0
1625448000,0
1625448060,0
1625448120,0
1625448180,0
1625448240,1
1625448300,1
1625448360,0
1625448420,0
1625448480,0
1625448540,0
1625448600,0
1625448660,0
1625448720,0
1625448780,0
1625448840,0
1625448900,0
1625448960,0
1625449020,0
1625449080,0
1625449140,0
1625449200,0
1625449260,0
1625449320,0
1625449380,0
1625449440,1
1625449500,1
1625449560,0
1625449620,0
1625449680,0
1625449740,1
1625449800,1
1625449860,1
1625449920,0
1625449980,1
1625450040,1
1625450100,0
1625450160,0
1625450220,1
1625450280,0
1625450340,0
1625450400,0
1625450460,1
1625450520,1
1625450580,0
1625450640,0
1625450700,1
1625450760,0
1625450820,0
1625450880,0
1625450940,0
1625451000,0
1625451060,0
1625451120,0
1625451180,0
1625451240,0
1625451300,0
1625451360,0
1625451420,0
1625451480,0
1625451540,0
1625451600,1
1625451660,0
1625451720,1
1625451780,0
1625451840,0
1625451900,0
1625451960,0
1625452020,0
1625452080,0
1625452140,1
1625452200,0
1625452260,0
1625452320,0
1625452380,0
1625452440,0
1625452500,0
1625452560,0
1625452620,0
1625452680,0
1625452740,0
1625452800,1
1625452860,0
1625452920,0
1625452980,0
1625453040,0
1625453100,0
1625453160,0
1625453220,0
1625453280,1
1625453340,1
1625453400,0
1625453460,0
1625453520,0
1625453580,0
1625453640,0
1625453700,0
1625453760,0
1625453820,0
1625453880,0
1625453940,0
1625454000,0
1625454060,0
1625454120,0
1625454180,0
1625454240,0
1625454300,0
1625454360,0
1625454420,0
1625454480,0
1625454540,1
1625454600,0
1625454660,0
1625454720,1
1625454780,0
1625454840,0
1625454900,0
1625454960,0
1625455020,1
1625455080,0
1625455140,0
1625455200,0
1625455260,0
1625455320,0
1625455380,0
1625455440,0
1625455500,0
1625455560,0
1625455620,0
1625455680,1
1625455740,1
1625455800,1
1625455860,0
1625455920,0
1625455980,0
1625456040,0
1625456100,1
1625456160,0
1625456220,0
1625456280,0
1625456340,0
1625456400,1
1625456460,1
1625456520,0
1625456580,0
1625456640,0
1625456700,0
1625456760,0
1625456820,1
1625456880,0
1625456940,0
1625457000,0
1625457060,0
1625457120,1
1625457180,0
1625457240,0
1625457300,0
1625457360,0
1625457420,1
1625457480,1
1625457540,0
1625457600,1
1625457660,0
1625457720,0
1625457780,0
1625457840,0
1625457900,0
1625457960,0
1625458020,0
1625458080,0
1625458140,0
1625458200,1
1625458260,1
1625458320,0
1625458380,0
1625458440,0
1625458500,1
1625458560,0
1625458620,0
1625458680,1
1625458740,0
1625458800,0
1625458860,0
1625458920,0
1625458980,1
1625459040,1
1625459100,0
1625459160,0
1625459220,0
1625459280,0
1625459340,0
1625459400,0
1625459460,0
1625459520,0
1625459580,0
1625459640,0
1625459700,0
1625459760,0
1625459820,1
1625459880,0
1625459940,0
1625460000,0
1625460060,0
1625460120,0
1625460180,0
1625460240,0
1625460300,0
1625460360,0
1625460420,0
1625460480,1
1625460540,0
1625460600,1
1625460660,1
1625460720,0
1625460780,0
1625460840,0
1625460900,0
1625460960,0
1625461020,0
1625461080,0
1625461140,0
1625461200,0
1625461260,0
1625461320,0
1625461380,0
1625461440,0
1625461500,1
1625461560,0
1625461620,0
1625461680,0
1625461740,0
1625461800,0
1625461860,0
1625461920,0
1625461980,0
1625462040,0
1625462100,0
1625462160,1
1625462220,0
1625462280,1
1625462340,0
1625462400,1
1625462460,0
1625462520,0
1625462580,1
1625462640,1
1625462700,0
1625462760,1
1625462820,1
1625462880,1
1625462940,0
1625463000,0
1625463060,0
1625463120,0
1625463180,0
1625463240,0
1625463300,1
1625463360,1
1625463420,0
1625463480,0
1625463540,0
1625463600,0
1625463660,0
1625463720,0
1625463780,0
1625463840,0
1625463900,0
1625463960,0
1625464020,0
1625464080,0
1625464140,0
1625464200,0
1625464260,0
1625464320,1
1625464380,1
1625464440,1
1625464500,0
1625464560,0
1625464620,0
1625464680,0
1625464740,0
1625464800,0
1625464860,0
1625464920,0
1625464980,0
1625465040,0
1625465100,1
1625465160,0
1625465220,0
1625465280,0
1625465340,0
1625465400,0
1625465460,0
1625465520,1
1625465580,0
1625465640,0
1625465700,0
1625465760,0
1625465820,1
1625465880,1
1625465940,1
1625466000,1
1625466060,0
1625466120,0
1625466180,0
1625466240,0
1625466300,1
1625466360,0
1625466420,0
1625466480,1
1625466540,0
1625466600,1
1625466660,0
1625466720,0
1625466780,0
1625466840,0
1625466900,0
1625466960,0
1625467020,0
1625467080,0
1625467140,0
1625467200,0
1625467260,0
1625467320,0
1625467380,0
1625467440,0
1625467500,0
1625467560,0
1625467620,0
1625467680,0
1625467740,0
1625467800,1
1625467860,0
1625467920,0
1625467980,0
1625468040,0
1625468100,0
1625468160,0
1625468220,0
1625468280,0
1625468340,0
1625468400,0
1625468460,0
1625468520,0
1625468580,1
1625468640,0
1625468700,0
1625468760,0
1625468820,1
1625468880,0
1625468940,0
1625469000,0
1625469060,0
1625469120,1
1625469180,1
1625469240,0
1625469300,0
1625469360,0
1625469420,0
1625469480,0
1625469540,0
1625469600,1
1625469660,0
1625469720,1
1625469780,0
1625469840,0
1625469900,0
1625469960,0
1625470020,0
1625470080,0
1625470140,0
1625470200,1
1625470260,0
1625470320,0
1625470380,0
1625470440,0
1625470500,0
1625470560,0
1625470620,0
1625470680,1
1625470740,0
1625470800,0
1625470860,0
1625470920,0
1625470980,0
1625471040,0
1625471100,1
1625471160,0
1625471220,0
1625471280,0
1625471340,0
1625471400,0
1625471460,0
1625471520,0
1625471580,1
1625471640,1
1625471700,0
1625471760,0
1625471820,1
1625471880,0
1625471940,0
1625472000,0
1625472060,0
1625472120,0
1625472180,0
1625472240,0
1625472300,0
1625472360,0
1625472420,0
1625472480,0
1625472540,0
1625472600,0
1625472660,0
1625472720,0
1625472780,1
1625472840,0
1625472900,0
1625472960,1
1625473020,1
1625473080,0
1625473140,0
1625473200,0
1625473260,0
1625473320,0
1625473380,0
1625473440,0
1625473500,0
1625473560,0
1625473620,1
1625473680,1
1625473740,1
1625473800,1
1625473860,0
1625473920,0
1625473980,0
1625474040,0
1625474100,0
1625474160,1
1625474220,1
1625474280,0
1625474340,0
1625474400,0
1625474460,0
1625474520,1
1625474580,1
1625474640,0
1625474700,0
1625474760,0
1625474820,0
1625474880,0
1625474940,0
1625475000,0
1625475060,0
1625475120,0
1625475180,0
1625475240,0
1625475300,0
1625475360,0
1625475420,0
1625475480,0
1625475540,0
1625475600,0
1625475660,1
1625475720,0
1625475780,0
1625475840,0
1625475900,0
1625475960,0
1625476020,0
1625476080,0
1625476140,0
1625476200,0
1625476260,0
1625476320,0
1625476380,0
1625476440,1
1625476500,0
1625476560,1
1625476620,1
1625476680,0
1625476740,0
1625476800,0
1625476860,0
1625476920,0
1625476980,0
1625477040,1
1625477100,0
1625477160,1
1625477220,0
1625477280,0
1625477340,0
1625477400,0
1625477460,0
1625477520,0
1625477580,0
1625477640,0
1625477700,0
1625477760,0
1625477820,0
1625477880,1
1625477940,1
1625478000,1
1625478060,0
1625478120,1
1625478180,0
1625478240,1
1625478300,1
1625478360,0
1625478420,1
1625478480,0
1625478540,0
1625478600,0
1625478660,0
1625478720,0
1625478780,0
1625478840,0
1625478900,0
1625478960,1
1625479020,1
1625479080,1
1625479140,0
1625479200,0
1625479260,0
1625479320,0
1625479380,0
1625479440,0
1625479500,0
1625479560,0
1625479620,0
1625479680,1
1625479740,0
1625479800,0
1625479860,1
1625479920,0
1625479980,0
1625480040,0
1625480100,0
1625480160,0
1625480220,0
1625480280,0
1625480340,0
1625480400,0
1625480460,0
1625480520,0
1625480580,0
1625480640,0
1625480700,0
1625480760,0
1625480820,0
1625480880,0
1625480940,0
1625481000,0
1625481060,0
1625481120,1
1625481180,1
1625481240,0
1625481300,0
1625481360,0
1625481420,0
1625481480,0
1625481540,0
1625481600,0
1625481660,0
1625481720,0
1625481780,0
1625481840,0
1625481900,0
1625481960,0
1625482020,0
1625482080,0
1625482140,0
1625482200,0
1625482260,0
1625482320,0
1625482380,0
1625482440,1
1625482500,0
1625482560,0
1625482620,0
1625482680,0
1625482740,0
1625482800,0
1625482860,0
1625482920,0
1625482980,0
1625483040,0
1625483100,0
1625483160,0
1625483220,0
1625483280,0
1625483340,0
1625483400,0
1625483460,0
1625483520,0
1625483580,0
1625483640,0
1625483700,1
1625483760,0
1625483820,0
1625483880,0
1625483940,1
1625484000,0
1625484060,0
1625484120,0
1625484180,0
1625484240,1
1625484300,0
1625484360,0
1625484420,0
1625484480,0
1625484540,0
1625484600,0
1625484660,0
1625484720,0
1625484780,0
1625484840,0
1625484900,0
1625484960,0
1625485020,1
1625485080,0
1625485140,1
1625485200,0
1625485260,0
1625485320,0
1625485380,0
1625485440,0
1625485500,0
1625485560,0
1625485620,0
1625485680,1
1625485740,0
1625485800,0
1625485860,1
1625485920,1
1625485980,0
1625486040,0
1625486100,0
1625486160,0
1625486220,0
1625486280,0
1625486340,0
1625486400,0
1625486460,1
1625486520,1
1625486580,0
1625486640,1
1625486700,0
1625486760,1
1625486820,0
1625486880,0
1625486940,0
1625487000,0
1625487060,0
1625487120,0
1625487180,0
1625487240,1
1625487300,1
1625487360,0
1625487420,0
1625487480,0
1625487540,1
1625487600,1
1625487660,0
1625487720,0
1625487780,0
1625487840,0
1625487900,1
1625487960,1
1625488020,0
1625488080,0
1625488140,0
1625488200,1
1625488260,0
1625488320,0
1625488380,0
1625488440,0
1625488500,0
1625488560,0
1625488620,0
1625488680,0
1625488740,0
1625488800,0
1625488860,0
1625488920,0
1625488980,1
1625489040,0
1625489100,0
1625489160,0
1625489220,0
1625489280,0
1625489340,0
1625489400,0
1625489460,0
1625489520,0
1625489580,1
1625489640,1
1625489700,0
1625489760,0
1625489820,0
1625489880,0
1625489940,0
1625490000,0
1625490060,0
1625490120,1
1625490180,0
1625490240,0
1625490300,0
1625490360,0
1625490420,0
1625490480,0
1625490540,1
1625490600,1
1625490660,0
1625490720,0
1625490780,0
1625490840,0
1625490900,0
1625490960,1
1625491020,0
1625491080,1
1625491140,1
1625491200,0
1625491260,1
1625491320,1
1625491380,0
1625491440,0
1625491500,0
1625491560,0
1625491620,0
1625491680,1
1625491740,1
1625491800,1
1625491860,0
1625491920,0
1625491980,0
1625492040,0
1625492100,0
1625492160,0
1625492220,1
1625492280,0
1625492340,0
1625492400,0
1625492460,0
1625492520,1
1625492580,0
1625492640,0
1625492700,0
1625492760,0
1625492820,0
1625492880,0
1625492940,0
1625493000,1
1625493060,0
1625493120,0
1625493180,0
1625493240,0
1625493300,0
1625493360,1
1625493420,0
1625493480,0
1625493540,0
1625493600,0
1625493660,0
1625493720,0
1625493780,0
1625493840,0
1625493900,0
1625493960,1
1625494020,0
1625494080,0
1625494140,0
1625494200,0
1625494260,0
1625494320,0
1625494380,1
1625494440,0
1625494500,0
1625494560,1
1625494620,0
1625494680,0
1625494740,1
1625494800,0
1625494860,1
1625494920,0
1625494980,0
1625495040,0
1625495100,0
1625495160,1
1625495220,0
1625495280,0
1625495340,0
1625495400,0
1625495460,0
1625495520,0
1625495580,0
1625495640,0
1625495700,0
1625495760,0
1625495820,0
1625495880,0
1625495940,0
1625496000,0
1625496060,0
1625496120,0
1625496180,0
1625496240,0
1625496300,0
1625496360,1
1625496420,0
1625496480,0
1625496540,0
1625496600,0
1625496660,0
1625496720,0
1625496780,0
1625496840,0
1625496900,0
1625496960,0
1625497020,0
1625497080,0
1625497140,0
1625497200,0
1625497260,0
1625497320,0
1625497380,0
1625497440,1
1625497500,1
1625497560,1
1625497620,1
1625497680,0
1625497740,0
1625497800,0
1625497860,0
1625497920,0
1625497980,0
1625498040,0
1625498100,1
1625498160,1
1625498220,1
1625498280,1
1625498340,1
1625498400,1
1625498460,1
1625498520,1
1625498580,1
1625498640,1
1625498700,1
1625498760,1
1625498820,0
1625498880,1
1625498940,1
1625499000,0
1625499060,0
1625499120,0
1625499180,0
1625499240,0
1625499300,1
1625499360,1
1625499420,1
1625499480,0
1625499540,0
1625499600,0
1625499660,0
1625499720,0
1625499780,1
1625499840,0
1625499900,0
1625499960,0
1625500020,0
1625500080,1
1625500140,0
1625500200,0
1625500260,0
1625500320,0
1625500380,0
1625500440,0
1625500500,1
1625500560,1
1625500620,0
1625500680,0
1625500740,0
1625500800,0
1625500860,0
1625500920,0
1625500980,0
1625501040,0
1625501100,0
1625501160,0
1625501220,0
1625501280,0
1625501340,0
1625501400,0
1625501460,0
1625501520,0
1625501580,1
1625501640,0
1625501700,0
1625501760,1
1625501820,1
1625501880,1
1625501940,0
1625502000,0
1625502060,0
1625502120,0
1625502180,0
1625502240,0
1625502300,0
1625502360,0
1625502420,0
1625502480,0
1625502540,0
1625502600,0
1625502660,0
1625502720,0
1625502780,0
1625502840,0
1625502900,0
1625502960,1
1625503020,0
1625503080,0
1625503140,0
1625503200,0
1625503260,1
1625503320,0
1625503380,0
1625503440,0
1625503500,0
1625503560,0
1625503620,1
1625503680,1
1625503740,0
1625503800,0
1625503860,0
1625503920,0
1625503980,0
1625504040,0
1625504100,1
1625504160,0
1625504220,0
1625504280,0
1625504340,0
1625504400,1
1625504460,0
1625504520,0
1625504580,1
1625504640,0
1625504700,1
1625504760,1
1625504820,0
1625504880,1
1625504940,1
1625505000,1
1625505060,0
1625505120,0
1625505180,0
1625505240,0
1625505300,0
1625505360,0
1625505420,1
1625505480,1
1625505540,0
1625505600,0
1625505660,0
1625505720,1
1625505780,0
1625505840,0
1625505900,0
1625505960,0
1625506020,1
1625506080,1
1625506140,0
1625506200,0
1625506260,0
1625506320,0
1625506380,0
1625506440,0
1625506500,0
1625506560,0
1625506620,1
1625506680,1
1625506740,0
1625506800,0
1625506860,0
1625506920,0
1625506980,0
1625507040,0
1625507100,0
1625507160,0
1625507220,1
1625507280,0
1625507340,1
1625507400,0
1625507460,0
1625507520,0
1625507580,0
1625507640,0
1625507700,1
1625507760,0
1625507820,0
1625507880,0
1625507940,1
1625508000,0
1625508060,1
1625508120,0
1625508180,1
1625508240,1
1625508300,0
1625508360,1
1625508420,1
1625508480,0
1625508540,0
1625508600,0
1625508660,0
1625508720,0
1625508780,0
1625508840,0
1625508900,0
1625508960,0
1625509020,0
1625509080,0
1625509140,0
1625509200,1
1625509260,1
1625509320,0
1625509380,0
1625509440,0
1625509500,0
1625509560,0
1625509620,0
1625509680,1
1625509740,1
1625509800,0
1625509860,0
1625509920,0
1625509980,1
1625510040,0
1625510100,0
1625510160,1
1625510220,1
1625510280,0
1625510340,1
1625510400,0
1625510460,0
1625510520,0
1625510580,0
1625510640,0
1625510700,0
1625510760,0
1625510820,0
1625510880,0
1625510940,0
1625511000,0
1625511060,0
1625511120,0
1625511180,0
1625511240,1
1625511300,0
1625511360,0
1625511420,1
1625511480,0
1625511540,0
1625511600,1
1625511660,0
1625511720,0
1625511780,1
1625511840,0
1625511900,0
1625511960,0
1625512020,0
1625512080,1
1625512140,0
1625512200,1
1625512260,1
1625512320,0
1625512380,1
1625512440,0
1625512500,0
1625512560,0
1625512620,1
1625512680,0
1625512740,0
1625512800,0
1625512860,0
1625512920,0
1625512980,0
1625513040,0
1625513100,0
1625513160,0
1625513220,0
1625513280,0
1625513340,0
1625513400,0
1625513460,1
1625513520,1
1625513580,0
1625513640,0
1625513700,0
1625513760,0
1625513820,0
1625513880,0
1625513940,0
1625514000,1
1625514060,0
1625514120,0
1625514180,0
1625514240,0
1625514300,0
1625514360,0
1625514420,1
1625514480,1
1625514540,0
1625514600,0
1625514660,1
1625514720,1
1625514780,0
1625514840,0
1625514900,0
1625514960,0
1625515020,0
1625515080,0
1625515140,0
1625515200,0
1625515260,0
1625515320,1
1625515380,0
1625515440,1
1625515500,0
1625515560,0
1625515620,0
1625515680,0
1625515740,0
1625515800,0
1625515860,1
1625515920,1
1625515980,1
1625516040,1
1625516100,0
1625516160,0
1625516220,0
1625516280,0
1625516340,0
1625516400,0
1625516460,0
1625516520,0
1625516580,0
1625516640,0
1625516700,0
1625516760,0
1625516820,0
1625516880,1
1625516940,0
1625517000,0
1625517060,0
1625517120,0
1625517180,0
1625517240,1
1625517300,0
1625517360,0
1625517420,0
1625517480,1
1625517540,1
1625517600,0
1625517660,0
1625517720,0
1625517780,0
1625517840,0
1625517900,0
1625517960,0
1625518020,0
1625518080,0
1625518140,0
1625518200,0
1625518260,0
1625518320,0
1625518380,0
1625518440,0
1625518500,0
1625518560,0
1625518620,0
1625518680,0
1625518740,0
1625518800,0
1625518860,0
1625518920,0
1625518980,0
1625519040,0
1625519100,0
1625519160,0
1625519220,0
1625519280,0
1625519340,0
1625519400,1
1625519460,0
1625519520,0
1625519580,0
1625519640,1
1625519700,0
1625519760,1
1625519820,1
1625519880,1
1625519940,0
1625520000,0
1625520060,0
1625520120,0
1625520180,0
1625520240,0
1625520300,0
1625520360,0
1625520420,0
1625520480,0
1625520540,0
1625520600,0
1625520660,0
1625520720,0
1625520780,0
1625520840,1
1625520900,0
1625520960,0
1625521020,0
1625521080,0
1625521140,1
1625521200,1
1625521260,0
1625521320,0
1625521380,0
1625521440,0
1625521500,0
1625521560,0
1625521620,0
1625521680,0
1625521740,0
1625521800,0
1625521860,0
1625521920,0
1625521980,0
1625522040,0
1625522100,0
1625522160,0
1625522220,1
1625522280,1
1625522340,0
1625522400,0
1625522460,0
1625522520,0
1625522580,0
1625522640,0
1625522700,0
1625522760,0
1625522820,0
1625522880,0
1625522940,0
1625523000,0
1625523060,0
1625523120,0
1625523180,0
1625523240,0
1625523300,0
1625523360,0
1625523420,0
1625523480,1
1625523540,1
1625523600,1
1625523660,1
1625523720,1
1625523780,1
1625523840,1
1625523900,1
1625523960,1
1625524020,1
1625524080,1
1625524140,0
1625524200,1
1625524260,1
1625524320,0
1625524380,0
1625524440,1
1625524500,0
1625524560,0
1625524620,0
1625524680,0
1625524740,0
1625524800,0
1625524860,0
1625524920,0
1625524980,0
1625525040,0
1625525100,1
1625525160,0
1625525220,0
1625525280,0
1625525340,0
1625525400,1
1625525460,1
1625525520,0
1625525580,1
1625525640,0
1625525700,0
1625525760,0
1625525820,0
1625525880,0
1625525940,0
1625526000,0
1625526060,0
1625526120,1
1625526180,0
1625526240,0
1625526300,0
1625526360,1
1625526420,1
1625526480,0
1625526540,1
1625526600,0
1625526660,0
1625526720,0
1625526780,0
1625526840,0
1625526900,0
1625526960,1
1625527020,0
1625527080,0
1625527140,0
1625527200,0
1625527260,0
1625527320,0
1625527380,0
1625527440,0
1625527500,0
1625527560,0
1625527620,1
1625527680,1
1625527740,0
1625527800,0
1625527860,0
1625527920,0
1625527980,0
1625528040,1
1625528100,0
1625528160,0
1625528220,0
1625528280,0
1625528340,0
1625528400,0
1625528460,0
1625528520,0
1625528580,1
1625528640,0
1625528700,0
1625528760,0
1625528820,1
1625528880,1
1625528940,0
1625529000,0
1625529060,0
1625529120,0
1625529180,0
1625529240,0
1625529300,0
1625529360,0
1625529420,0
1625529480,1
1625529540,1
1625529600,0
1625529660,0
1625529720,0
1625529780,0
1625529840,0
1625529900,0
1625529960,0
1625530020,0
1625530080,0
1625530140,1
1625530200,1
1625530260,1
1625530320,0
1625530380,0
1625530440,0
1625530500,0
1625530560,0
1625530620,0
1625530680,0
1625530740,0
1625530800,1
1625530860,0
1625530920,1
1625530980,0
1625531040,0
1625531100,0
1625531160,0
1625531220,0
1625531280,0
1625531340,1
1625531400,0
1625531460,0
1625531520,1
1625531580,0
1625531640,1
1625531700,1
1625531760,1
1625531820,1
1625531880,1
1625531940,1
1625532000,1
1625532060,0
1625532120,0
1625532180,0
1625532240,0
1625532300,1
1625532360,0
1625532420,0
1625532480,0
1625532540,0
1625532600,0
1625532660,0
1625532720,0
1625532780,0
1625532840,0
1625532900,0
1625532960,0
1625533020,0
1625533080,1
1625533140,0
1625533200,0
1625533260,0
1625533320,0
1625533380,0
1625533440,0
1625533500,0
1625533560,0
1625533620,0
1625533680,1
1625533740,0
1625533800,0
1625533860,0
1625533920,0
1625533980,0
1625534040,0
1625534100,0
1625534160,0
1625534220,0
1625534280,0
1625534340,0
1625534400,0
1625534460,0
1625534520,0
1625534580,1
1625534640,0
1625534700,0
1625534760,0
1625534820,0
1625534880,0
1625534940,0
1625535000,0
1625535060,0
1625535120,0
1625535180,0
1625535240,0
1625535300,0
1625535360,0
1625535420,0
1625535480,0
1625535540,0
1625535600,0
1625535660,1
1625535720,0
1625535780,1
1625535840,0
1625535900,0
1625535960,0
1625536020,0
1625536080,0
1625536140,0
1625536200,0
1625536260,0
1625536320,0
1625536380,0
1625536440,0
1625536500,0
1625536560,0
1625536620,1
1625536680,1
1625536740,0
1625536800,0
1625536860,0
1625536920,0
1625536980,0
1625537040,0
1625537100,0
1625537160,0
1625537220,0
1625537280,0
1625537340,0
1625537400,0
1625537460,0
1625537520,0
1625537580,0
1625537640,0
1625537700,0
1625537760,0
1625537820,0
1625537880,0
1625537940,0
1625538000,0
1625538060,1
1625538120,0
1625538180,0
1625538240,1
1625538300,0
1625538360,0
1625538420,1
1625538480,1
1625538540,0
1625538600,1
1625538660,0
1625538720,1
1625538780,1
1625538840,0
1625538900,0
1625538960,0
1625539020,1
1625539080,1
1625539140,0
1625539200,1
1625539260,0
1625539320,0
1625539380,0
1625539440,0
1625539500,0
1625539560,1
1625539620,0
1625539680,0
1625539740,0
1625539800,0
1625539860,1
1625539920,0
1625539980,0
1625540040,0
1625540100,1
1625540160,0
1625540220,0
1625540280,0
1625540340,0
1625540400,0
1625540460,0
1625540520,0
1625540580,0
1625540640,0
1625540700,0
1625540760,0
1625540820,0
1625540880,0
1625540940,0
1625541000,0
1625541060,1
1625541120,0
1625541180,0
1625541240,0
1625541300,1
1625541360,0
1625541420,0
1625541480,0
1625541540,0
1625541600,0
1625541660,0
1625541720,1
1625541780,0
1625541840,0
1625541900,0
1625541960,0
1625542020,0
1625542080,0
1625542140,0
1625542200,1
1625542260,0
1625542320,0
1625542380,1
1625542440,0
1625542500,1
1625542560,0
1625542620,0
1625542680,0
1625542740,0
1625542800,0
1625542860,0
1625542920,0
1625542980,0
1625543040,0
1625543100,0
1625543160,0
1625543220,0
1625543280,0
1625543340,0
1625543400,0
1625543460,1
1625543520,1
1625543580,0
1625543640,0
1625543700,0
1625543760,0
1625543820,0
1625543880,0
1625543940,0
1625544000,0
1625544060,0
1625544120,1
1625544180,0
1625544240,0
1625544300,1
1625544360,1
1625544420,0
1625544480,0
1625544540,0
1625544600,0
1625544660,0
1625544720,0
1625544780,0
1625544840,0
1625544900,0
1625544960,0
1625545020,0
1625545080,1
1625545140,0
1625545200,0
1625545260,0
1625545320,0
1625545380,1
1625545440,0
1625545500,0
1625545560,1
1625545620,1
1625545680,0
1625545740,0
1625545800,0
1625545860,1
1625545920,0
1625545980,0
1625546040,0
1625546100,1
1625546160,0
1625546220,1
1625546280,0
1625546340,0
1625546400,0
1625546460,0
1625546520,0
1625546580,0
1625546640,1
1625546700,0
1625546760,0
1625546820,0
1625546880,0
1625546940,1
1625547000,0
1625547060,1
1625547120,0
1625547180,0
1625547240,1
1625547300,0
1625547360,0
1625547420,0
1625547480,0
1625547540,1
1625547600,0
1625547660,0
1625547720,0
1625547780,0
1625547840,0
1625547900,0
1625547960,0
1625548020,0
1625548080,0
1625548140,1
1625548200,1
1625548260,0
1625548320,0
1625548380,0
1625548440,1
1625548500,0
1625548560,1
1625548620,1
1625548680,0
1625548740,0
1625548800,0
1625548860,0
1625548920,0
1625548980,1
1625549040,0
1625549100,0
1625549160,0
1625549220,0
1625549280,0
1625549340,0
1625549400,0
1625549460,0
1625549520,0
1625549580,0
1625549640,0
1625549700,0
1625549760,0
1625549820,0
1625549880,0
1625549940,1
1625550000,0
1625550060,0
1625550120,0
1625550180,0
1625550240,0
1625550300,0
1625550360,1
1625550420,0
1625550480,0
1625550540,0
1625550600,1
1625550660,0
1625550720,0
1625550780,0
1625550840,0
1625550900,0
1625550960,0
1625551020,0
1625551080,1
1625551140,0
1625551200,0
1625551260,0
1625551320,0
1625551380,1
1625551440,0
1625551500,0
1625551560,0
1625551620,0
1625551680,0
1625551740,0
1625551800,1
1625551860,1
1625551920,0
1625551980,1
1625552040,1
1625552100,1
1625552160,0
1625552220,0
1625552280,0
1625552340,0
1625552400,0
1625552460,0
1625552520,1
1625552580,0
1625552640,0
1625552700,0
1625552760,0
1625552820,0
1625552880,0
1625552940,0
1625553000,0
1625553060,0
1625553120,0
1625553180,0
1625553240,0
1625553300,0
1625553360,1
1625553420,1
1625553480,0
1625553540,0
1625553600,0
1625553660,0
1625553720,0
1625553780,0
1625553840,0
1625553900,0
1625553960,0
1625554020,1
1625554080,0
1625554140,0
1625554200,0
1625554260,0
1625554320,0
1625554380,0
1625554440,0
1625554500,0
1625554560,0
1625554620,0
1625554680,0
1625554740,0
1625554800,0
1625554860,0
1625554920,0
1625554980,0
1625555040,0
1625555100,0
1625555160,1
1625555220,0
1625555280,0
1625555340,1
1625555400,1
1625555460,1
1625555520,1
1625555580,1
1625555640,1
1625555700,1
1625555760,1
1625555820,1
1625555880,1
1625555940,1
1625556000,0
1625556060,0
1625556120,0
1625556180,0
1625556240,0
1625556300,0
1625556360,0
1625556420,0
1625556480,1
1625556540,0
1625556600,0
1625556660,0
1625556720,0
1625556780,0
1625556840,0
1625556900,0
1625556960,1
1625557020,0
1625557080,0
1625557140,0
1625557200,0
1625557260,0
1625557320,0
1625557380,0
1625557440,0
1625557500,0
1625557560,0
1625557620,0
1625557680,1
1625557740,1
1625557800,0
1625557860,0
1625557920,0
1625557980,0
1625558040,0
1625558100,1
1625558160,1
1625558220,0
1625558280,0
1625558340,0
1625558400,0
1625558460,0
1625558520,0
1625558580,0
1625558640,0
1625558700,0
1625558760,1
1625558820,1
1625558880,0
1625558940,0
1625559000,1
1625559060,0
1625559120,0
1625559180,0
1625559240,0
1625559300,0
1625559360,0
1625559420,0
1625559480,0
1625559540,0
1625559600,0
1625559660,0
1625559720,0
1625559780,0
1625559840,0
1625559900,1
1625559960,1
1625560020,0
1625560080,0
1625560140,0
1625560200,1
1625560260,1
1625560320,0
1625560380,0
1625560440,0
1625560500,0
1625560560,0
1625560620,0
1625560680,1
1625560740,0
1625560800,0
1625560860,0
1625560920,0
1625560980,0
1625561040,0
1625561100,0
1625561160,0
1625561220,1
1625561280,1
1625561340,1
1625561400,0
1625561460,0
1625561520,0
1625561580,0
1625561640,1
1625561700,0
1625561760,0
1625561820,0
1625561880,0
1625561940,0
1625562000,0
1625562060,0
1625562120,0
1625562180,0
1625562240,0
1625562300,0
1625562360,0
1625562420,0
1625562480,0
1625562540,0
1625562600,0
1625562660,1
1625562720,0
1625562780,0
1625562840,0
1625562900,0
1625562960,0
1625563020,0
1625563080,1
1625563140,1
1625563200,0
1625563260,0
1625563320,0
1625563380,0
1625563440,0
1625563500,1
1625563560,0
1625563620,0
1625563680,1
1625563740,1
1625563800,0
1625563860,0
1625563920,0
1625563980,1
1625564040,0
1625564100,0
1625564160,0
1625564220,0
1625564280,0
1625564340,0
1625564400,0
1625564460,0
1625564520,0
1625564580,0
1625564640,0
1625564700,0
1625564760,0
1625564820,0
1625564880,0
1625564940,1
1625565000,1
1625565060,0
1625565120,0
1625565180,1
1625565240,0
1625565300,0
1625565360,0
1625565420,0
1625565480,0
1625565540,0
1625565600,0
1625565660,0
1625565720,0
1625565780,1
1625565840,0
1625565900,0
1625565960,0
1625566020,0
1625566080,0
1625566140,0
1625566200,0
1625566260,0
1625566320,1
1625566380,0
1625566440,0
1625566500,0
1625566560,0
1625566620,0
1625566680,0
1625566740,0
1625566800,0
1625566860,0
1625566920,0
1625566980,0
1625567040,0
1625567100,0
1625567160,1
1625567220,0
1625567280,0
1625567340,0
1625567400,0
1625567460,1
1625567520,0
1625567580,1
1625567640,0
1625567700,0
1625567760,0
1625567820,0
1625567880,0
1625567940,0
1625568000,0
1625568060,0
1625568120,0
1625568180,0
1625568240,0
1625568300,0
1625568360,1
1625568420,0
1625568480,0
1625568540,0
1625568600,1
1625568660,0
1625568720,0
1625568780,0
1625568840,0
1625568900,0
1625568960,0
1625569020,0
1625569080,1
1625569140,0
1625569200,0
1625569260,0
1625569320,0
1625569380,0
1625569440,0
1625569500,0
1625569560,1
1625569620,0
1625569680,0
1625569740,0
1625569800,0
1625569860,0
1625569920,0
1625569980,0
1625570040,0
1625570100,0
1625570160,0
1625570220,0
1625570280,0
1625570340,0
1625570400,0
1625570460,0
1625570520,0
1625570580,0
1625570640,0
1625570700,0
1625570760,1
1625570820,1
1625570880,0
1625570940,0
1625571000,0
1625571060,0
1625571120,1
1625571180,0
1625571240,0
1625571300,0
1625571360,0
1625571420,0
1625571480,1
1625571540,1
1625571600,0
1625571660,1
1625571720,0
1625571780,0
1625571840,0
1625571900,0
1625571960,0
1625572020,0
1625572080,0
1625572140,0
1625572200,0
1625572260,0
1625572320,0
1625572380,0
1625572440,0
1625572500,1
1625572560,0
1625572620,0
1625572680,0
1625572740,0
1625572800,0
1625572860,0
1625572920,0
1625572980,0
1625573040,0
1625573100,0
1625573160,0
1625573220,0
1625573280,0
1625573340,0
1625573400,0
1625573460,0
1625573520,0
1625573580,0
1625573640,0
1625573700,1
1625573760,0
1625573820,1
1625573880,1
1625573940,0
1625574000,1
1625574060,0
1625574120,0
1625574180,0
1625574240,0
1625574300,0
1625574360,0
1625574420,0
1625574480,0
1625574540,0
1625574600,0
1625574660,1
1625574720,0
1625574780,0
1625574840,0
1625574900,0
1625574960,0
1625575020,0
1625575080,0
1625575140,0
1625575200,1
1625575260,0
1625575320,0
1625575380,0
1625575440,0
1625575500,0
1625575560,0
1625575620,0
1625575680,0
1625575740,0
1625575800,0
1625575860,0
1625575920,0
1625575980,0
1625576040,0
1625576100,0
1625576160,1
1625576220,0
1625576280,0
1625576340,0
1625576400,0
1625576460,0
1625576520,0
1625576580,0
1625576640,0
1625576700,0
1625576760,0
1625576820,0
1625576880,0
1625576940,0
1625577000,1
1625577060,1
1625577120,0
1625577180,0
1625577240,0
1625577300,0
1625577360,0
1625577420,0
1625577480,0
1625577540,1
1625577600,1
1625577660,1
1625577720,0
1625577780,0
1625577840,0
1625577900,1
1625577960,0
1625578020,0
1625578080,0
1625578140,0
1625578200,1
1625578260,0
1625578320,0
1625578380,1
1625578440,0
1625578500,0
1625578560,0
1625578620,0
1625578680,0
1625578740,0
1625578800,0
1625578860,0
1625578920,0
1625578980,0
1625579040,0
1625579100,0
1625579160,1
1625579220,1
1625579280,0
1625579340,0
1625579400,0
1625579460,0
1625579520,1
1625579580,0
1625579640,0
1625579700,0
1625579760,0
1625579820,0
1625579880,0
1625579940,0
1625580000,0
1625580060,0
1625580120,0
1625580180,0
1625580240,0
1625580300,0
1625580360,0
1625580420,0
1625580480,0
1625580540,0
1625580600,0
1625580660,0
1625580720,0
1625580780,0
1625580840,0
1625580900,0
1625580960,0
1625581020,0
1625581080,1
1625581140,0
1625581200,0
1625581260,0
1625581320,0
1625581380,0
1625581440,0
1625581500,0
1625581560,0
1625581620,0
1625581680,0
1625581740,0
1625581800,0
1625581860,1
1625581920,0
1625581980,0
1625582040,0
1625582100,0
1625582160,0
1625582220,0
1625582280,0
1625582340,1
1625582400,1
1625582460,0
1625582520,0
1625582580,0
1625582640,0
1625582700,0
1625582760,0
1625582820,0
1625582880,0
1625582940,1
1625583000,0
1625583060,0
1625583120,0
1625583180,1
1625583240,0
1625583300,0
1625583360,0
1625583420,0
1625583480,0
1625583540,1
1625583600,1
1625583660,0
1625583720,0
1625583780,0
1625583840,0
1625583900,0
1625583960,0
1625584020,0
1625584080,0
1625584140,0
1625584200,0
1625584260,0
1625584320,0
1625584380,0
1625584440,0
1625584500,0
1625584560,1
1625584620,0
1625584680,0
1625584740,0
1625584800,0
1625584860,0
1625584920,0
1625584980,0
1625585040,0
1625585100,0
1625585160,0
1625585220,0
1625585280,0
1625585340,0
1625585400,0
1625585460,0
1625585520,0
1625585580,0
1625585640,0
1625585700,0
1625585760,1
1625585820,0
1625585880,1
1625585940,0
1625586000,0
1625586060,0
1625586120,0
1625586180,0
1625586240,0
1625586300,0
1625586360,0
1625586420,0
1625586480,0
1625586540,0
1625586600,0
1625586660,0
1625586720,0
1625586780,0
1625586840,1
1625586900,0
1625586960,0
1625587020,0
1625587080,0
1625587140,0
1625587200,0
1625587260,0
1625587320,0
1625587380,0
1625587440,0
1625587500,0
1625587560,0
1625587620,0
1625587680,0
1625587740,0
1625587800,0
1625587860,1
1625587920,0
1625587980,0
1625588040,0
1625588100,1
1625588160,1
1625588220,0
1625588280,0
1625588340,0
1625588400,0
1625588460,0
1625588520,0
1625588580,0
1625588640,0
1625588700,0
1625588760,1
1625588820,0
1625588880,0
1625588940,0
1625589000,0
1625589060,0
1625589120,0
1625589180,0
1625589240,0
1625589300,1
1625589360,0
1625589420,0
1625589480,0
1625589540,0
1625589600,0
1625589660,0
1625589720,0
1625589780,0
1625589840,0
1625589900,1
1625589960,0
1625590020,0
1625590080,0
1625590140,0
1625590200,0
1625590260,0
1625590320,0
1625590380,0
1625590440,0
1625590500,1
1625590560,1
1625590620,0
1625590680,0
1625590740,0
1625590800,1
1625590860,0
1625590920,0
1625590980,0
1625591040,0
1625591100,0
1625591160,1
1625591220,0
1625591280,0
1625591340,0
1625591400,0
1625591460,0
1625591520,0
1625591580,0
1625591640,0
1625591700,0
1625591760,0
1625591820,1
1625591880,1
1625591940,0
1625592000,0
1625592060,0
1625592120,0
1625592180,0
1625592240,0
1625592300,0
1625592360,0
1625592420,0
1625592480,0
1625592540,0
1625592600,0
1625592660,0
1625592720,0
1625592780,0
1625592840,0
1625592900,0
1625592960,0
1625593020,0
1625593080,0
1625593140,1
1625593200,0
1625593260,0
1625593320,0
1625593380,0
1625593440,0
1625593500,0
1625593560,0
1625593620,0
1625593680,0
1625593740,0
1625593800,0
1625593860,0
1625593920,0
1625593980,0
1625594040,0
1625594100,0
1625594160,0
1625594220,1
1625594280,1
1625594340,0
1625594400,0
1625594460,0
1625594520,1
1625594580,0
1625594640,0
1625594700,0
1625594760,0
1625594820,1
1625594880,0
1625594940,0
1625595000,1
1625595060,0
1625595120,1
1625595180,1
1625595240,0
1625595300,1
1625595360,0
1625595420,0
1625595480,0
1625595540,0
1625595600,0
1625595660,0
1625595720,0
1625595780,1
1625595840,0
1625595900,0
1625595960,0
1625596020,1
1625596080,0
1625596140,0
1625596200,0
1625596260,0
1625596320,0
1625596380,0
1625596440,0
1625596500,0
1625596560,0
1625596620,0
1625596680,0
1625596740,1
1625596800,1
1625596860,0
1625596920,0
1625596980,0
1625597040,0
1625597100,0
1625597160,0
1625597220,0
1625597280,0
1625597340,0
1625597400,0
1625597460,0
1625597520,0
1625597580,0
1625597640,0
1625597700,1
1625597760,1
1625597820,1
1625597880,0
1625597940,0
1625598000,0
1625598060,0
1625598120,0
1625598180,0
1625598240,0
1625598300,0
1625598360,0
1625598420,0
1625598480,0
1625598540,0
1625598600,0
1625598660,0
1625598720,0
1625598780,0
1625598840,0
1625598900,0
1625598960,0
1625599020,0
1625599080,0
1625599140,0
1625599200,0
1625599260,0
1625599320,1
1625599380,0
1625599440,0
1625599500,0
1625599560,0
1625599620,0
1625599680,0
1625599740,0
1625599800,0
1625599860,0
1625599920,0
1625599980,0
1625600040,1
1625600100,1
1625600160,0
1625600220,0
1625600280,0
1625600340,0
1625600400,0
1625600460,0
1625600520,0
1625600580,0
1625600640,0
1625600700,1
1625600760,0
1625600820,1
1625600880,1
1625600940,1
1625601000,1
1625601060,1
1625601120,1
1625601180,1
1625601240,1
1625601300,1
1625601360,1
1625601420,1
1625601480,0
1625601540,0
1625601600,0
1625601660,0
1625601720,0
1625601780,0
1625601840,0
1625601900,0
1625601960,1
1625602020,1
1625602080,0
1625602140,0
1625602200,0
1625602260,0
1625602320,0
1625602380,0
1625602440,0
1625602500,0
1625602560,0
1625602620,0
1625602680,0
1625602740,0
1625602800,1
1625602860,1
1625602920,0
1625602980,0
1625603040,0
1625603100,0
1625603160,0
1625603220,1
1625603280,0
1625603340,0
1625603400,0
1625603460,0
1625603520,0
1625603580,0
1625603640,0
1625603700,0
1625603760,0
1625603820,1
1625603880,0
1625603940,1
1625604000,0
1625604060,0
1625604120,0
1625604180,0
1625604240,0
1625604300,0
1625604360,1
1625604420,0
1625604480,0
1625604540,0
1625604600,0
1625604660,0
1625604720,1
1625604780,0
1625604840,0
1625604900,0
1625604960,1
1625605020,1
1625605080,0
1625605140,0
1625605200,0
1625605260,0
1625605320,0
1625605380,1
1625605440,0
1625605500,0
1625605560,0
1625605620,1
1625605680,0
1625605740,0
1625605800,0
1625605860,0
1625605920,0
1625605980,0
1625606040,0
1625606100,0
1625606160,0
1625606220,0
1625606280,0
1625606340,0
1625606400,0
1625606460,0
1625606520,0
1625606580,0
1625606640,0
1625606700,0
1625606760,0
1625606820,0
1625606880,0
1625606940,1
1625607000,0
1625607060,1
1625607120,1
1625607180,0
1625607240,0
1625607300,0
1625607360,1
1625607420,0
1625607480,0
1625607540,0
1625607600,0
1625607660,0
1625607720,0
1625607780,0
1625607840,0
1625607900,0
1625607960,0
1625608020,1
1625608080,0
1625608140,1
1625608200,1
1625608260,0
1625608320,0
1625608380,0
1625608440,0
1625608500,0
1625608560,0
1625608620,0
1625608680,1
1625608740,1
1625608800,0
1625608860,0
1625608920,0
1625608980,0
1625609040,0
1625609100,0
1625609160,0
1625609220,0
1625609280,1
1625609340,1
1625609400,0
1625609460,0
1625609520,0
1625609580,0
1625609640,0
1625609700,0
1625609760,0
1625609820,0
1625609880,0
1625609940,1
1625610000,0
1625610060,0
1625610120,0
1625610180,0
1625610240,0
1625610300,1
1625610360,1
1625610420,1
1625610480,0
1625610540,0
1625610600,0
1625610660,0
1625610720,0
1625610780,1
1625610840,0
1625610900,0
1625610960,0
1625611020,0
1625611080,0
1625611140,0
1625611200,0
1625611260,0
1625611320,0
1625611380,0
1625611440,0
1625611500,0
1625611560,0
1625611620,0
1625611680,0
1625611740,0
1625611800,1
1625611860,1
1625611920,0
1625611980,0
1625612040,0
1625612100,0
1625612160,0
1625612220,0
1625612280,0
1625612340,0
1625612400,0
1625612460,0
1625612520,1
1625612580,0
1625612640,1
1625612700,0
1625612760,0
1625612820,0
1625612880,0
1625612940,0
1625613000,0
1625613060,1
1625613120,1
1625613180,0
1625613240,0
1625613300,0
1625613360,1
1625613420,0
1625613480,0
1625613540,0
1625613600,0
1625613660,0
1625613720,0
1625613780,0
1625613840,0
1625613900,1
1625613960,0
1625614020,0
1625614080,1
1625614140,0
1625614200,0
1625614260,0
1625614320,0
1625614380,0
1625614440,0
1625614500,0
1625614560,0
1625614620,0
1625614680,0
1625614740,0
1625614800,0
1625614860,0
1625614920,0
1625614980,0
1625615040,0
1625615100,0
1625615160,0
1625615220,0
1625615280,0
1625615340,0
1625615400,0
1625615460,0
1625615520,0
1625615580,0
1625615640,0
1625615700,0
1625615760,0
1625615820,0
1625615880,0
1625615940,0
1625616000,0
1625616060,0
1625616120,0
1625616180,0
1625616240,0
1625616300,0
1625616360,0
1625616420,0
1625616480,1
1625616540,1
1625616600,0
1625616660,0
1625616720,0
1625616780,0
1625616840,0
1625616900,0
1625616960,0
1625617020,0
1625617080,0
1625617140,0
1625617200,0
1625617260,0
1625617320,0
1625617380,0
1625617440,0
1625617500,0
1625617560,0
1625617620,0
1625617680,0
1625617740,0
1625617800,0
1625617860,0
1625617920,1
1625617980,0
1625618040,0
1625618100,0
1625618160,1
1625618220,0
1625618280,1
1625618340,0
1625618400,0
1625618460,0
1625618520,0
1625618580,1
1625618640,0
1625618700,1
1625618760,1
1625618820,1
1625618880,0
1625618940,1
1625619000,0
1625619060,0
1625619120,0
1625619180,0
1625619240,0
1625619300,1
1625619360,0
1625619420,1
1625619480,0
1625619540,0
1625619600,0
1625619660,0
1625619720,1
1625619780,0
1625619840,0
1625619900,0
1625619960,0
1625620020,0
1625620080,0
1625620140,0
1625620200,0
1625620260,0
1625620320,0
1625620380,1
1625620440,0
1625620500,0
1625620560,0
1625620620,0
1625620680,0
1625620740,0
1625620800,0
1625620860,0
1625620920,0
1625620980,0
1625621040,1
1625621100,0
1625621160,0
1625621220,0
1625621280,0
1625621340,0
1625621400,0
1625621460,0
1625621520,0
1625621580,0
1625621640,0
1625621700,0
1625621760,0
1625621820,0
1625621880,0
1625621940,0
1625622000,0
1625622060,1
1625622120,0
1625622180,0
1625622240,0
1625622300,0
1625622360,0
1625622420,0
1625622480,0
1625622540,0
1625622600,0
1625622660,0
1625622720,0
1625622780,0
1625622840,0
1625622900,0
1625622960,0
1625623020,0
1625623080,0
1625623140,0
1625623200,0
1625623260,0
1625623320,1
1625623380,0
1625623440,0
1625623500,0
1625623560,1
1625623620,0
1625623680,0
1625623740,0
1625623800,0
1625623860,0
1625623920,0
1625623980,0
1625624040,0
1625624100,1
1625624160,0
1625624220,0
1625624280,0
1625624340,0
1625624400,0
1625624460,0
1625624520,0
1625624580,1
1625624640,0
1625624700,0
1625624760,0
1625624820,0
1625624880,0
1625624940,0
1625625000,0
1625625060,0
1625625120,0
1625625180,0
1625625240,0
1625625300,0
1625625360,0
1625625420,0
1625625480,0
1625625540,1
1625625600,0
1625625660,0
1625625720,0
1625625780,0
1625625840,0
1625625900,0
1625625960,0
1625626020,0
1625626080,0
1625626140,0
1625626200,0
1625626260,1
1625626320,1
1625626380,0
1625626440,0
1625626500,0
1625626560,0
1625626620,0
1625626680,0
1625626740,1
1625626800,0
1625626860,0
1625626920,0
1625626980,0
1625627040,0
1625627100,0
1625627160,0
1625627220,0
1625627280,0
1625627340,0
1625627400,0
1625627460,1
1625627520,0
1625627580,0
1625627640,0
1625627700,0
1625627760,0
1625627820,0
1625627880,0
1625627940,1
1625628000,1
1625628060,0
1625628120,0
1625628180,0
1625628240,0
1625628300,0
1625628360,0
1625628420,1
1625628480,0
1625628540,0
1625628600,0
1625628660,0
1625628720,0
1625628780,0
1625628840,0
1625628900,1
1625628960,0
1625629020,0
1625629080,1
1625629140,1
1625629200,0
1625629260,0
1625629320,0
1625629380,0
1625629440,0
1625629500,0
1625629560,0
1625629620,0
1625629680,0
1625629740,0
1625629800,0
1625629860,0
1625629920,0
1625629980,0
1625630040,0
1625630100,0
1625630160,0
1625630220,0
1625630280,0
1625630340,0
1625630400,1
1625630460,0
1625630520,0
1625630580,0
1625630640,0
1625630700,0
1625630760,0
1625630820,0
1625630880,0
1625630940,0
1625631000,0
1625631060,0
1625631120,0
1625631180,0
1625631240,0
1625631300,0
1625631360,0
1625631420,0
1625631480,0
1625631540,0
1625631600,0
1625631660,1
1625631720,0
1625631780,0
1625631840,0
1625631900,0
1625631960,0
1625632020,0
1625632080,0
1625632140,0
1625632200,1
1625632260,0
1625632320,0
1625632380,0
1625632440,0
1625632500,0
1625632560,0
1625632620,0
1625632680,1
1625632740,0
1625632800,1
1625632860,0
1625632920,0
1625632980,0
1625633040,0
1625633100,0
1625633160,0
1625633220,0
1625633280,0
1625633340,0
1625633400,0
1625633460,0
1625633520,0
1625633580,1
1625633640,0
1625633700,0
1625633760,0
1625633820,0
1625633880,0
1625633940,0
1625634000,0
1625634060,0
1625634120,0
1625634180,0
1625634240,0
1625634300,0
1625634360,0
1625634420,0
1625634480,0
1625634540,1
1625634600,0
1625634660,0
1625634720,0
1625634780,1
1625634840,1
1625634900,0
1625634960,0
1625635020,0
1625635080,0
1625635140,0
1625635200,0
1625635260,1
1625635320,1
1625635380,0
1625635440,1
1625635500,0
1625635560,0
1625635620,0
1625635680,0
1625635740,0
1625635800,0
1625635860,1
1625635920,0
1625635980,0
1625636040,1
1625636100,1
1625636160,1
1625636220,0
1625636280,0
1625636340,0
1625636400,0
1625636460,0
1625636520,1
1625636580,0
1625636640,0
1625636700,0
1625636760,0
1625636820,0
1625636880,1
1625636940,1
1625637000,1
1625637060,1
1625637120,0
1625637180,0
1625637240,0
1625637300,0
1625637360,1
1625637420,1
1625637480,0
1625637540,1
1625637600,0
1625637660,0
1625637720,0
1625637780,1
1625637840,0
1625637900,0
1625637960,0
1625638020,0
1625638080,0
1625638140,0
1625638200,0
1625638260,0
1625638320,0
1625638380,0
1625638440,0
1625638500,0
1625638560,0
1625638620,0
1625638680,0
1625638740,0
1625638800,0
1625638860,0
1625638920,0
1625638980,0
1625639040,0
1625639100,0
1625639160,0
1625639220,0
1625639280,0
1625639340,0
1625639400,0
1625639460,0
1625639520,1
1625639580,0
1625639640,0
1625639700,0
1625639760,0
1625639820,0
1625639880,0
1625639940,0
1625640000,0
1625640060,0
1625640120,0
1625640180,0
1625640240,0
1625640300,0
1625640360,0
1625640420,1
1625640480,0
1625640540,0
1625640600,0
1625640660,0
1625640720,0
1625640780,0
1625640840,0
1625640900,0
1625640960,0
1625641020,0
1625641080,0
1625641140,0
1625641200,0
1625641260,0
1625641320,0
1625641380,0
1625641440,0
1625641500,0
1625641560,0
1625641620,0
1625641680,0
1625641740,0
1625641800,0
1625641860,0
1625641920,0
1625641980,0
1625642040,1
1625642100,1
1625642160,0
1625642220,0
1625642280,0
1625642340,0
1625642400,1
1625642460,1
1625642520,1
1625642580,1
1625642640,0
1625642700,0
1625642760,0
1625642820,0
1625642880,0
1625642940,0
1625643000,0
1625643060,0
1625643120,0
1625643180,0
1625643240,0
1625643300,0
1625643360,0
1625643420,0
1625643480,0
1625643540,0
1625643600,0
1625643660,0
1625643720,0
1625643780,0
1625643840,0
1625643900,1
1625643960,0
1625644020,0
1625644080,0
1625644140,0
1625644200,0
1625644260,0
1625644320,0
1625644380,0
1625644440,0
1625644500,0
1625644560,0
1625644620,0
1625644680,0
1625644740,0
1625644800,1
1625644860,1
1625644920,0
1625644980,0
1625645040,0
1625645100,0
1625645160,0
1625645220,0
1625645280,0
1625645340,0
1625645400,0
1625645460,1
1625645520,1
1625645580,0
1625645640,0
1625645700,0
1625645760,1
1625645820,0
1625645880,1
1625645940,0
1625646000,0
1625646060,0
1625646120,1
1625646180,0
1625646240,0
1625646300,0
1625646360,0
1625646420,0
1625646480,1
1625646540,0
1625646600,0
1625646660,0
1625646720,0
1625646780,0
1625646840,0
1625646900,0
1625646960,0
1625647020,1
1625647080,0
1625647140,0
1625647200,0
1625647260,0
1625647320,1
1625647380,1
1625647440,1
1625647500,1
1625647560,1
1625647620,1
1625647680,1
1625647740,1
1625647800,1
1625647860,1
1625647920,1
1625647980,1
1625648040,0
1625648100,0
1625648160,0
1625648220,1
1625648280,0
1625648340,0
1625648400,1
1625648460,1
1625648520,0
1625648580,1
1625648640,0
1625648700,0
1625648760,0
1625648820,0
1625648880,0
1625648940,0
1625649000,0
1625649060,0
1625649120,0
1625649180,0
1625649240,0
1625649300,0
1625649360,1
1625649420,0
1625649480,0
1625649540,0
1625649600,0
1625649660,0
1625649720,0
1625649780,0
1625649840,0
1625649900,0
1625649960,1
1625650020,0
1625650080,0
1625650140,0
1625650200,0
1625650260,0
1625650320,0
1625650380,0
1625650440,0
1625650500,0
1625650560,1
1625650620,0
1625650680,0
1625650740,0
1625650800,0
1625650860,0
1625650920,0
1625650980,0
1625651040,0
1625651100,0
1625651160,0
1625651220,1
1625651280,0
1625651340,1
1625651400,1
1625651460,1
1625651520,1
1625651580,1
1625651640,1
1625651700,1
1625651760,1
1625651820,1
1625651880,1
1625651940,1
1625652000,0
1625652060,0
1625652120,1
1625652180,0
1625652240,0
1625652300,0
1625652360,0
1625652420,0
1625652480,0
1625652540,0
1625652600,0
1625652660,0
1625652720,0
1625652780,0
1625652840,0
1625652900,0
1625652960,0
1625653020,0
1625653080,1
1625653140,1
1625653200,1
1625653260,0
1625653320,0
1625653380,0
1625653440,0
1625653500,0
1625653560,0
1625653620,0
1625653680,0
1625653740,0
1625653800,0
1625653860,0
1625653920,0
1625653980,0
1625654040,0
1625654100,0
1625654160,0
1625654220,1
1625654280,1
1625654340,0
1625654400,0
1625654460,0
1625654520,0
1625654580,0
1625654640,0
1625654700,1
1625654760,0
1625654820,0
1625654880,0
1625654940,0
1625655000,0
1625655060,0
1625655120,0
1625655180,0
1625655240,1
1625655300,1
1625655360,1
1625655420,1
1625655480,0
1625655540,0
1625655600,0
1625655660,1
1625655720,1
1625655780,0
1625655840,0
1625655900,1
1625655960,1
1625656020,0
1625656080,0
1625656140,0
1625656200,0
1625656260,0
1625656320,0
1625656380,0
1625656440,1
1625656500,0
1625656560,0
1625656620,1
1625656680,0
1625656740,0
1625656800,0
1625656860,0
1625656920,0
1625656980,0
1625657040,0
1625657100,0
1625657160,0
1625657220,0
1625657280,0
1625657340,0
1625657400,1
1625657460,0
1625657520,0
1625657580,0
1625657640,0
1625657700,0
1625657760,0
1625657820,0
1625657880,1
1625657940,0
1625658000,0
1625658060,1
1625658120,0
1625658180,0
1625658240,0
1625658300,0
1625658360,0
1625658420,0
1625658480,0
1625658540,0
1625658600,0
1625658660,0
1625658720,0
1625658780,0
1625658840,0
1625658900,1
1625658960,0
1625659020,0
1625659080,0
1625659140,0
1625659200,0
1625659260,0
1625659320,0
1625659380,0
1625659440,0
1625659500,0
1625659560,0
1625659620,0
1625659680,0
1625659740,0
1625659800,0
1625659860,0
1625659920,0
1625659980,0
1625660040,0
1625660100,0
1625660160,0
1625660220,0
1625660280,0
1625660340,0
1625660400,0
1625660460,0
1625660520,0
1625660580,0
1625660640,0
1625660700,0
1625660760,0
1625660820,0
1625660880,0
1625660940,0
1625661000,0
1625661060,0
1625661120,0
1625661180,0
1625661240,0
1625661300,1
1625661360,0
1625661420,0
1625661480,0
1625661540,0
1625661600,1
1625661660,0
1625661720,0
1625661780,0
1625661840,0
1625661900,0
1625661960,0
1625662020,0
1625662080,0
1625662140,1
1625662200,0
1625662260,0
1625662320,0
1625662380,0
1625662440,0
1625662500,0
1625662560,0
1625662620,0
1625662680,0
1625662740,0
1625662800,0
1625662860,1
1625662920,0
1625662980,0
1625663040,1
1625663100,0
1625663160,0
1625663220,0
1625663280,0
1625663340,0
1625663400,0
1625663460,0
1625663520,1
1625663580,1
1625663640,1
1625663700,1
1625663760,1
1625663820,1
1625663880,1
1625663940,1
1625664000,1
1625664060,1
1625664120,1
1625664180,1
1625664240,0
1625664300,0
1625664360,0
1625664420,0
1625664480,0
1625664540,0
1625664600,1
1625664660,0
1625664720,1
1625664780,1
1625664840,0
1625664900,0
1625664960,0
1625665020,0
1625665080,0
1625665140,0
1625665200,0
1625665260,1
1625665320,0
1625665380,1
1625665440,0
1625665500,0
1625665560,0
1625665620,0
1625665680,0
1625665740,0
1625665800,1
1625665860,0
1625665920,0
1625665980,0
1625666040,1
1625666100,1
1625666160,0
1625666220,0
1625666280,0
1625666340,0
1625666400,0
1625666460,1
1625666520,0
1625666580,0
1625666640,0
1625666700,0
1625666760,0
1625666820,1
1625666880,0
1625666940,0
1625667000,0
1625667060,0
1625667120,0
1625667180,0
1625667240,1
1625667300,1
1625667360,1
1625667420,0
1625667480,1
1625667540,1
1625667600,0
1625667660,1
1625667720,0
1625667780,0
1625667840,0
1625667900,0
1625667960,0
1625668020,0
1625668080,0
1625668140,1
1625668200,1
1625668260,1
1625668320,1
1625668380,1
1625668440,1
1625668500,1
1625668560,1
1625668620,1
1625668680,1
1625668740,1
1625668800,1
1625668860,0
1625668920,0
1625668980,0
1625669040,0
1625669100,1
1625669160,0
1625669220,0
1625669280,0
1625669340,1
1625669400,1
1625669460,0
1625669520,0
1625669580,0
1625669640,0
1625669700,0
1625669760,0
1625669820,0
1625669880,0
1625669940,0
1625670000,0
1625670060,0
1625670120,0
1625670180,0
1625670240,0
1625670300,0
1625670360,0
1625670420,0
1625670480,0
1625670540,0
1625670600,0
1625670660,0
1625670720,0
1625670780,1
1625670840,1
1625670900,0
1625670960,0
1625671020,0
1625671080,0
1625671140,0
1625671200,0
1625671260,0
1625671320,0
1625671380,0
1625671440,0
1625671500,0
1625671560,0
1625671620,0
1625671680,0
1625671740,0
1625671800,0
1625671860,0
1625671920,0
1625671980,0
1625672040,0
1625672100,0
1625672160,0
1625672220,0
1625672280,0
1625672340,0
1625672400,0
1625672460,0
1625672520,0
1625672580,0
1625672640,0
1625672700,0
1625672760,0
1625672820,0
1625672880,0
1625672940,0
1625673000,0
1625673060,0
1625673120,0
1625673180,1
1625673240,0
1625673300,0
1625673360,0
1625673420,0
1625673480,0
1625673540,0
1625673600,0
1625673660,0
1625673720,0
1625673780,0
1625673840,0
1625673900,0
1625673960,0
1625674020,0
1625674080,0
1625674140,0
1625674200,0
1625674260,0
1625674320,0
1625674380,0
1625674440,0
1625674500,0
1625674560,1
1625674620,0
1625674680,0
1625674740,0
1625674800,0
1625674860,0
1625674920,0
1625674980,0
1625675040,0
1625675100,0
1625675160,0
1625675220,0
1625675280,0
1625675340,0
1625675400,0
1625675460,0
1625675520,1
1625675580,1
1625675640,0
1625675700,0
1625675760,0
1625675820,0
1625675880,0
1625675940,0
1625676000,0
1625676060,0
1625676120,0
1625676180,0
1625676240,0
1625676300,0
1625676360,0
1625676420,1
1625676480,0
1625676540,0
1625676600,0
1625676660,0
1625676720,0
1625676780,0
1625676840,0
1625676900,0
1625676960,0
1625677020,0
1625677080,1
1625677140,1
1625677200,1
1625677260,0
1625677320,0
1625677380,0
1625677440,0
1625677500,0
1625677560,0
1625677620,0
1625677680,0
1625677740,0
1625677800,0
1625677860,0
1625677920,0
1625677980,0
1625678040,0
1625678100,0
1625678160,0
1625678220,0
1625678280,1
1625678340,1
1625678400,0
1625678460,0
1625678520,0
1625678580,0
1625678640,0
1625678700,0
1625678760,0
1625678820,0
1625678880,0
1625678940,0
1625679000,0
1625679060,0
1625679120,1
1625679180,0
1625679240,0
1625679300,0
1625679360,0
1625679420,0
1625679480,0
1625679540,0
1625679600,0
1625679660,0
1625679720,0
1625679780,0
1625679840,0
1625679900,0
1625679960,0
1625680020,0
1625680080,0
1625680140,1
1625680200,1
1625680260,1
1625680320,0
1625680380,0
1625680440,0
1625680500,0
1625680560,1
1625680620,1
1625680680,0
1625680740,0
1625680800,0
1625680860,1
1625680920,1
1625680980,0
1625681040,0
1625681100,0
1625681160,0
1625681220,0
1625681280,0
1625681340,0
1625681400,0
1625681460,0
1625681520,0
1625681580,0
1625681640,0
1625681700,0
1625681760,0
1625681820,1
1625681880,1
1625681940,0
1625682000,0
1625682060,1
1625682120,0
1625682180,0
1625682240,0
1625682300,0
1625682360,0
1625682420,0
1625682480,0
1625682540,0
1625682600,0
1625682660,0
1625682720,0
1625682780,1
1625682840,0
1625682900,0
1625682960,0
1625683020,1
1625683080,1
1625683140,1
1625683200,1
1625683260,1
1625683320,0
1625683380,1
1625683440,0
1625683500,0
1625683560,0
1625683620,1
1625683680,0
1625683740,0
1625683800,0
1625683860,0
1625683920,0
1625683980,0
1625684040,0
1625684100,0
1625684160,0
1625684220,0
1625684280,0
1625684340,0
1625684400,0
1625684460,0
1625684520,0
1625684580,0
1625684640,0
1625684700,0
1625684760,0
1625684820,0
1625684880,0
1625684940,0
1625685000,0
1625685060,0
1625685120,0
1625685180,0
1625685240,0
1625685300,1
1625685360,0
1625685420,0
1625685480,0
1625685540,0
1625685600,0
1625685660,0
1625685720,1
1625685780,0
1625685840,0
1625685900,0
1625685960,0
1625686020,0
1625686080,1
1625686140,1
1625686200,0
1625686260,0
1625686320,0
1625686380,0
1625686440,0
1625686500,1
1625686560,1
1625686620,0
1625686680,0
1625686740,0
1625686800,1
1625686860,0
1625686920,0
1625686980,0
1625687040,0
1625687100,0
1625687160,0
1625687220,0
1625687280,0
1625687340,0
1625687400,0
1625687460,0
1625687520,1
1625687580,1
1625687640,1
1625687700,0
1625687760,0
1625687820,0
1625687880,0
1625687940,0
1625688000,0
1625688060,0
1625688120,0
1625688180,1
1625688240,0
1625688300,0
1625688360,0
1625688420,0
1625688480,0
1625688540,0
1625688600,0
1625688660,0
1625688720,0
1625688780,0
1625688840,0
1625688900,1
1625688960,0
1625689020,0
1625689080,0
1625689140,0
1625689200,0
1625689260,0
1625689320,0
1625689380,0
1625689440,0
1625689500,0
1625689560,0
1625689620,0
1625689680,0
1625689740,1
1625689800,1
1625689860,0
1625689920,0
1625689980,0
1625690040,0
1625690100,0
1625690160,1
1625690220,0
1625690280,0
1625690340,1
1625690400,0
1625690460,0
1625690520,0
1625690580,0
1625690640,1
1625690700,0
1625690760,0
1625690820,0
1625690880,0
1625690940,1
1625691000,0
1625691060,0
1625691120,0
1625691180,0
1625691240,0
1625691300,0
1625691360,0
1625691420,0
1625691480,0
1625691540,0
1625691600,0
1625691660,0
1625691720,0
1625691780,0
1625691840,0
1625691900,1
1625691960,1
1625692020,0
1625692080,0
1625692140,1
1625692200,0
1625692260,0
1625692320,0
1625692380,0
1625692440,0
1625692500,0
1625692560,0
1625692620,0
1625692680,0
1625692740,0
1625692800,0
1625692860,0
1625692920,0
1625692980,0
1625693040,0
1625693100,0
1625693160,0
1625693220,0
1625693280,0
1625693340,0
1625693400,0
1625693460,0
1625693520,0
1625693580,0
1625693640,0
1625693700,0
1625693760,0
1625693820,0
1625693880,0
1625693940,1
1625694000,1
1625694060,0
1625694120,0
1625694180,0
1625694240,0
1625694300,0
1625694360,1
1625694420,0
1625694480,0
1625694540,0
1625694600,0
1625694660,0
1625694720,0
1625694780,0
1625694840,0
1625694900,1
1625694960,0
1625695020,0
1625695080,0
1625695140,0
1625695200,0
1625695260,0
1625695320,0
1625695380,0
1625695440,0
1625695500,1
1625695560,0
1625695620,1
1625695680,0
1625695740,0
1625695800,0
1625695860,0
1625695920,0
1625695980,0
1625696040,0
1625696100,0
1625696160,1
1625696220,1
1625696280,0
1625696340,0
1625696400,0
1625696460,0
1625696520,0
1625696580,0
1625696640,0
1625696700,1
1625696760,0
1625696820,0
1625696880,0
1625696940,1
1625697000,0
1625697060,0
1625697120,0
1625697180,0
1625697240,0
1625697300,0
1625697360,0
1625697420,0
1625697480,0
1625697540,0
1625697600,0
1625697660,0
1625697720,0
1625697780,0
1625697840,0
1625697900,0
1625697960,0
1625698020,0
1625698080,0
1625698140,1
1625698200,1
1625698260,0
1625698320,0
1625698380,0
1625698440,1
1625698500,0
1625698560,0
1625698620,1
1625698680,1
1625698740,0
1625698800,0
1625698860,0
1625698920,0
1625698980,0
1625699040,0
1625699100,0
1625699160,0
1625699220,0
1625699280,0
1625699340,0
1625699400,0
1625699460,0
1625699520,0
1625699580,0
1625699640,0
1625699700,0
1625699760,0
1625699820,0
1625699880,0
1625699940,0
1625700000,0
1625700060,0
1625700120,0
1625700180,0
1625700240,0
1625700300,0
1625700360,0
1625700420,1
1625700480,0
1625700540,0
1625700600,1
1625700660,1
1625700720,0
1625700780,0
1625700840,0
1625700900,0
1625700960,0
1625701020,0
1625701080,0
1625701140,1
1625701200,0
1625701260,0
1625701320,1
1625701380,0
1625701440,1
1625701500,0
1625701560,0
1625701620,0
1625701680,0
1625701740,0
1625701800,0
1625701860,0
1625701920,0
1625701980,0
1625702040,0
1625702100,0
1625702160,1
1625702220,0
1625702280,0
1625702340,1
1625702400,1
1625702460,0
1625702520,0
1625702580,0
1625702640,0
1625702700,0
1625702760,0
1625702820,0
1625702880,0
1625702940,1
1625703000,0
1625703060,0
1625703120,0
1625703180,0
1625703240,0
1625703300,0
1625703360,0
1625703420,1
1625703480,0
1625703540,0
1625703600,0
1625703660,0
1625703720,0
1625703780,0
1625703840,0
1625703900,0
1625703960,0
1625704020,1
1625704080,0
1625704140,0
1625704200,0
1625704260,0
1625704320,0
1625704380,0
1625704440,0
1625704500,0
1625704560,0
1625704620,0
1625704680,0
1625704740,0
1625704800,0
1625704860,0
1625704920,0
1625704980,0
1625705040,0
1625705100,0
1625705160,0
1625705220,0
1625705280,0
1625705340,0
1625705400,1
1625705460,0
1625705520,0
1625705580,0
1625705640,0
1625705700,0
1625705760,0
1625705820,0
1625705880,0
1625705940,0
1625706000,0
1625706060,0
1625706120,0
1625706180,1
1625706240,1
1625706300,0
1625706360,0
1625706420,1
1625706480,0
1625706540,0
1625706600,0
1625706660,0
1625706720,0
1625706780,0
1625706840,0
1625706900,0
1625706960,0
1625707020,1
1625707080,0
1625707140,0
1625707200,0
1625707260,1
1625707320,0
1625707380,0
1625707440,0
1625707500,0
1625707560,0
1625707620,0
1625707680,0
1625707740,0
1625707800,0
1625707860,0
1625707920,0
1625707980,0
1625708040,0
1625708100,0
1625708160,0
1625708220,0
1625708280,0
1625708340,0
1625708400,0
1625708460,0
1625708520,0
1625708580,0
1625708640,0
1625708700,0
1625708760,0
1625708820,0
1625708880,0
1625708940,0
1625709000,0
1625709060,1
1625709120,1
1625709180,1
1625709240,1
1625709300,1
1625709360,1
1625709420,1
1625709480,1
1625709540,1
1625709600,1
1625709660,1
1625709720,0
1625709780,0
1625709840,0
1625709900,0
1625709960,0
1625710020,0
1625710080,1
1625710140,1
1625710200,1
1625710260,0
1625710320,0
1625710380,0
1625710440,0
1625710500,0
1625710560,0
1625710620,0
1625710680,0
1625710740,0
1625710800,0
1625710860,0
1625710920,0
1625710980,0
1625711040,0
1625711100,0
1625711160,0
1625711220,0
1625711280,0
1625711340,0
1625711400,1
1625711460,0
1625711520,0
1625711580,0
1625711640,0
1625711700,0
1625711760,0
1625711820,0
1625711880,0
1625711940,0
1625712000,0
1625712060,0
1625712120,0
1625712180,0
1625712240,0
1625712300,0
1625712360,1
1625712420,0
1625712480,0
1625712540,0
1625712600,1
1625712660,1
1625712720,1
1625712780,1
1625712840,1
1625712900,1
1625712960,1
1625713020,1
1625713080,1
1625713140,1
1625713200,1
1625713260,1
1625713320,0
1625713380,0
1625713440,0
1625713500,0
1625713560,0
1625713620,0
1625713680,1
1625713740,0
1625713800,1
1625713860,0
1625713920,0
1625713980,1
1625714040,0
1625714100,0
1625714160,0
1625714220,0
1625714280,0
1625714340,0
1625714400,0
1625714460,0
1625714520,0
1625714580,1
1625714640,0
1625714700,0
1625714760,0
1625714820,0
1625714880,0
1625714940,0
1625715000,0
1625715060,0
1625715120,0
1625715180,0
1625715240,0
1625715300,0
1625715360,0
1625715420,0
1625715480,0
1625715540,1
1625715600,0
1625715660,0
1625715720,1
1625715780,0
1625715840,1
1625715900,0
1625715960,0
1625716020,0
1625716080,0
1625716140,0
1625716200,1
1625716260,0
1625716320,1
1625716380,0
1625716440,0
1625716500,0
1625716560,1
1625716620,0
1625716680,0
1625716740,0
1625716800,0
1625716860,0
1625716920,0
1625716980,0
1625717040,1
1625717100,1
1625717160,0
1625717220,0
1625717280,0
1625717340,0
1625717400,0
1625717460,0
1625717520,0
1625717580,0
1625717640,0
1625717700,0
1625717760,0
1625717820,0
1625717880,0
1625717940,0
1625718000,0
1625718060,0
1625718120,0
1625718180,0
1625718240,0
1625718300,0
1625718360,0
1625718420,0
1625718480,0
1625718540,0
1625718600,0
1625718660,0
1625718720,0
1625718780,0
1625718840,0
1625718900,0
1625718960,0
1625719020,0
1625719080,0
1625719140,0
1625719200,0
1625719260,0
1625719320,0
1625719380,0
1625719440,0
1625719500,0
1625719560,0
1625719620,0
1625719680,0
1625719740,0
1625719800,0
1625719860,0
1625719920,0
1625719980,0
1625720040,0
1625720100,0
1625720160,0
1625720220,0
1625720280,0
1625720340,0
1625720400,0
1625720460,0
1625720520,0
1625720580,0
1625720640,0
1625720700,0
1625720760,0
1625720820,0
1625720880,0
1625720940,0
1625721000,0
1625721060,0
1625721120,0
1625721180,0
1625721240,0
1625721300,1
1625721360,0
1625721420,0
1625721480,0
1625721540,0
1625721600,1
1625721660,1
1625721720,0
1625721780,0
1625721840,0
1625721900,0
1625721960,0
1625722020,0
1625722080,0
1625722140,0
1625722200,0
1625722260,0
1625722320,0
1625722380,0
1625722440,0
1625722500,0
1625722560,0
1625722620,0
1625722680,1
1625722740,0
1625722800,0
1625722860,0
1625722920,0
1625722980,0
1625723040,0
1625723100,0
1625723160,0
1625723220,0
1625723280,0
1625723340,0
1625723400,0
1625723460,0
1625723520,1
1625723580,0
1625723640,0
1625723700,0
1625723760,0
1625723820,0
1625723880,0
1625723940,0
1625724000,0
1625724060,0
1625724120,0
1625724180,0
1625724240,0
1625724300,0
1625724360,0
1625724420,0
1625724480,0
1625724540,0
1625724600,0
1625724660,0
1625724720,0
1625724780,0
1625724840,0
1625724900,0
1625724960,0
1625725020,0
1625725080,0
1625725140,0
1625725200,0
1625725260,0
1625725320,0
1625725380,0
1625725440,0
1625725500,0
1625725560,0
1625725620,0
1625725680,1
1625725740,0
1625725800,0
1625725860,0
1625725920,1
1625725980,1
1625726040,0
1625726100,0
1625726160,0
1625726220,0
1625726280,0
1625726340,0
1625726400,0
1625726460,0
1625726520,0
1625726580,0
1625726640,0
1625726700,0
1625726760,0
1625726820,1
1625726880,0
1625726940,0
1625727000,0
1625727060,0
1625727120,0
1625727180,0
1625727240,0
1625727300,0
1625727360,0
1625727420,0
1625727480,0
1625727540,0
1625727600,0
1625727660,0
1625727720,0
1625727780,0
1625727840,1
1625727900,1
1625727960,0
1625728020,0
1625728080,0
1625728140,0
1625728200,0
1625728260,0
1625728320,0
1625728380,0
1625728440,0
1625728500,0
1625728560,0
1625728620,0
1625728680,0
1625728740,0
1625728800,0
1625728860,0
1625728920,0
1625728980,0
1625729040,0
1625729100,0
1625729160,0
1625729220,1
1625729280,0
1625729340,0
1625729400,0
1625729460,0
1625729520,0
1625729580,0
1625729640,0
1625729700,0
1625729760,0
1625729820,0
1625729880,0
1625729940,0
1625730000,0
1625730060,0
1625730120,0
1625730180,0
1625730240,0
1625730300,0
1625730360,0
1625730420,0
1625730480,0
1625730540,0
1625730600,0
1625730660,0
1625730720,0
1625730780,0
1625730840,1
1625730900,0
1625730960,0
1625731020,0
1625731080,0
1625731140,0
1625731200,0
1625731260,0
1625731320,0
1625731380,0
1625731440,0
1625731500,0
1625731560,0
1625731620,1
1625731680,0
1625731740,0
1625731800,0
1625731860,0
1625731920,0
1625731980,1
1625732040,1
1625732100,0
1625732160,0
1625732220,0
1625732280,0
1625732340,1
1625732400,0
1625732460,0
1625732520,0
1625732580,0
1625732640,0
1625732700,1
1625732760,0
1625732820,0
1625732880,0
1625732940,0
1625733000,0
1625733060,0
1625733120,0
1625733180,0
1625733240,0
1625733300,0
1625733360,0
1625733420,0
1625733480,0
1625733540,0
1625733600,0
1625733660,0
1625733720,0
1625733780,0
1625733840,0
1625733900,0
1625733960,0
1625734020,0
1625734080,0
1625734140,0
1625734200,0
1625734260,0
1625734320,0
1625734380,0
1625734440,0
1625734500,0
1625734560,0
1625734620,0
1625734680,0
1625734740,0
1625734800,0
1625734860,0
1625734920,0
1625734980,0
1625735040,0
1625735100,0
1625735160,0
1625735220,0
1625735280,0
1625735340,0
1625735400,1
1625735460,0
1625735520,0
1625735580,0
1625735640,0
1625735700,0
1625735760,1
1625735820,0
1625735880,0
1625735940,0
1625736000,0
1625736060,0
1625736120,0
1625736180,0
1625736240,0
1625736300,1
1625736360,0
1625736420,1
1625736480,0
1625736540,0
1625736600,0
1625736660,0
1625736720,0
1625736780,0
1625736840,1
1625736900,0
1625736960,0
1625737020,0
1625737080,0
1625737140,0
1625737200,0
1625737260,0
1625737320,0
1625737380,0
1625737440,0
1625737500,0
1625737560,1
1625737620,1
1625737680,1
1625737740,0
1625737800,1
1625737860,0
1625737920,0
1625737980,0
1625738040,0
1625738100,0
1625738160,0
1625738220,0
1625738280,0
1625738340,0
1625738400,0
1625738460,0
1625738520,0
1625738580,0
1625738640,0
1625738700,0
1625738760,0
1625738820,0
1625738880,0
1625738940,0
1625739000,0
1625739060,0
1625739120,0
1625739180,0
1625739240,0
1625739300,0
1625739360,0
1625739420,0
1625739480,0
1625739540,0
1625739600,0
1625739660,0
1625739720,0
1625739780,0
1625739840,0
1625739900,0
1625739960,0
1625740020,0
1625740080,0
1625740140,1
1625740200,0
1625740260,0
1625740320,0
1625740380,0
1625740440,0
1625740500,0
1625740560,1
1625740620,0
1625740680,0
1625740740,0
1625740800,0
1625740860,0
1625740920,0
1625740980,1
1625741040,1
1625741100,0
1625741160,0
1625741220,0
1625741280,0
1625741340,0
1625741400,0
1625741460,0
1625741520,0
1625741580,0
1625741640,0
1625741700,0
1625741760,0
1625741820,0
1625741880,0
1625741940,0
1625742000,0
1625742060,1
1625742120,1
1625742180,1
1625742240,1
1625742300,1
1625742360,1
1625742420,1
1625742480,1
1625742540,1
1625742600,1
1625742660,1
1625742720,1
1625742780,1
1625742840,0
1625742900,0
1625742960,1
1625743020,1
1625743080,0
1625743140,0
1625743200,0
1625743260,0
1625743320,0
1625743380,0
1625743440,0
1625743500,0
1625743560,0
1625743620,0
1625743680,0
1625743740,0
1625743800,0
1625743860,0
1625743920,0
1625743980,0
1625744040,0
1625744100,0
1625744160,0
1625744220,1
1625744280,0
1625744340,0
1625744400,0
1625744460,1
1625744520,0
1625744580,0
1625744640,0
1625744700,0
1625744760,0
1625744820,0
1625744880,0
1625744940,0
1625745000,0
1625745060,0
1625745120,0
1625745180,0
1625745240,0
1625745300,0
1625745360,0
1625745420,0
1625745480,0
1625745540,0
1625745600,0
1625745660,0
1625745720,0
1625745780,0
1625745840,0
1625745900,0
1625745960,0
1625746020,0
1625746080,0
1625746140,0
1625746200,0
1625746260,0
1625746320,0
1625746380,0
1625746440,0
1625746500,1
1625746560,0
1625746620,0
1625746680,0
1625746740,0
1625746800,0
1625746860,0
1625746920,0
1625746980,0
1625747040,0
1625747100,0
1625747160,0
1625747220,0
1625747280,0
1625747340,0
1625747400,0
1625747460,0
1625747520,0
1625747580,0
1625747640,0
1625747700,0
1625747760,0
1625747820,0
1625747880,0
1625747940,0
1625748000,0
1625748060,0
1625748120,0
1625748180,0
1625748240,0
1625748300,0
1625748360,0
1625748420,0
1625748480,0
1625748540,0
1625748600,1
1625748660,1
1625748720,0
1625748780,0
1625748840,1
1625748900,0
1625748960,0
1625749020,0
1625749080,0
1625749140,0
1625749200,1
1625749260,0
1625749320,0
1625749380,0
1625749440,0
1625749500,0
1625749560,0
1625749620,1
1625749680,0
1625749740,0
1625749800,0
1625749860,0
1625749920,0
1625749980,0
1625750040,0
1625750100,0
1625750160,0
1625750220,0
1625750280,0
1625750340,0
1625750400,0
1625750460,0
1625750520,0
1625750580,0
1625750640,0
1625750700,0
1625750760,0
1625750820,0
1625750880,0
1625750940,1
1625751000,1
1625751060,0
1625751120,0
1625751180,0
1625751240,0
1625751300,0
1625751360,1
1625751420,0
1625751480,0
1625751540,0
1625751600,1
1625751660,0
1625751720,0
1625751780,0
1625751840,0
1625751900,0
1625751960,0
1625752020,0
1625752080,0
1625752140,0
1625752200,0
1625752260,0
1625752320,0
1625752380,0
1625752440,0
1625752500,0
1625752560,0
1625752620,0
1625752680,0
1625752740,0
1625752800,0
1625752860,1
1625752920,0
1625752980,0
1625753040,1
1625753100,0
1625753160,0
1625753220,0
1625753280,0
1625753340,0
1625753400,0
1625753460,0
1625753520,0
1625753580,0
1625753640,0
1625753700,0
1625753760,0
1625753820,0
1625753880,0
1625753940,1
1625754000,0
1625754060,0
1625754120,0
1625754180,0
1625754240,0
1625754300,1
1625754360,0
1625754420,0
1625754480,0
1625754540,0
1625754600,0
1625754660,0
1625754720,0
1625754780,0
1625754840,0
1625754900,0
1625754960,0
1625755020,0
1625755080,0
1625755140,0
1625755200,0
1625755260,0
1625755320,0
1625755380,0
1625755440,0
1625755500,0
1625755560,0
1625755620,0
1625755680,0
1625755740,0
1625755800,0
1625755860,0
1625755920,0
1625755980,0
1625756040,0
1625756100,0
1625756160,0
1625756220,0
1625756280,1
1625756340,1
1625756400,1
1625756460,1
1625756520,0
1625756580,0
1625756640,0
1625756700,1
1625756760,1
1625756820,0
1625756880,0
1625756940,0
1625757000,1
1625757060,1
1625757120,0
1625757180,0
1625757240,0
1625757300,0
1625757360,0
1625757420,0
1625757480,0
1625757540,1
1625757600,1
1625757660,0
1625757720,0
1625757780,0
1625757840,0
1625757900,0
1625757960,0
1625758020,0
1625758080,0
1625758140,0
1625758200,0
1625758260,0
1625758320,0
1625758380,0
1625758440,0
1625758500,0
1625758560,0
1625758620,0
1625758680,0
1625758740,0
1625758800,0
1625758860,0
1625758920,1
1625758980,0
1625759040,0
1625759100,0
1625759160,0
1625759220,1
1625759280,0
1625759340,1
1625759400,0
1625759460,0
1625759520,0
1625759580,0
1625759640,0
1625759700,0
1625759760,0
1625759820,0
1625759880,0
1625759940,1
1625760000,0
1625760060,0
1625760120,0
1625760180,0
1625760240,1
1625760300,0
1625760360,1
1625760420,0
1625760480,0
1625760540,1
1625760600,1
1625760660,1
1625760720,1
1625760780,0
1625760840,0
1625760900,0
1625760960,0
1625761020,0
1625761080,0
1625761140,0
1625761200,0
1625761260,0
1625761320,0
1625761380,0
1625761440,1
1625761500,1
1625761560,1
1625761620,0
1625761680,0
1625761740,0
1625761800,0
1625761860,1
1625761920,0
1625761980,0
1625762040,0
1625762100,0
1625762160,0
1625762220,1
1625762280,0
1625762340,0
1625762400,0
1625762460,0
1625762520,0
1625762580,0
1625762640,0
1625762700,0
1625762760,0
1625762820,0
1625762880,0
1625762940,0
1625763000,0
1625763060,0
1625763120,0
1625763180,0
1625763240,0
1625763300,0
1625763360,0
1625763420,0
1625763480,0
1625763540,0
1625763600,0
1625763660,0
1625763720,1
1625763780,1
1625763840,0
1625763900,0
1625763960,0
1625764020,0
1625764080,0
1625764140,0
1625764200,0
1625764260,0
1625764320,0
1625764380,0
1625764440,0
1625764500,0
1625764560,1
1625764620,0
1625764680,0
1625764740,0
1625764800,0
1625764860,0
1625764920,0
1625764980,0
1625765040,0
1625765100,0
1625765160,0
1625765220,0
1625765280,0
1625765340,0
1625765400,0
1625765460,0
1625765520,0
1625765580,0
1625765640,0
1625765700,0
1625765760,0
1625765820,0
1625765880,0
1625765940,1
1625766000,0
1625766060,0
1625766120,0
1625766180,0
1625766240,0
1625766300,0
1625766360,0
1625766420,0
1625766480,0
1625766540,0
1625766600,0
1625766660,0
1625766720,0
1625766780,0
1625766840,0
1625766900,1
1625766960,1
1625767020,1
1625767080,0
1625767140,0
1625767200,0
1625767260,0
1625767320,0
1625767380,0
1625767440,0
1625767500,0
1625767560,0
1625767620,1
1625767680,0
1625767740,0
1625767800,0
1625767860,0
1625767920,0
1625767980,0
1625768040,0
1625768100,0
1625768160,0
1625768220,0
1625768280,0
1625768340,0
1625768400,0
1625768460,0
1625768520,0
1625768580,0
1625768640,0
1625768700,0
1625768760,0
1625768820,0
1625768880,0
1625768940,0
1625769000,1
1625769060,0
1625769120,0
1625769180,0
1625769240,0
1625769300,0
1625769360,1
1625769420,1
1625769480,0
1625769540,0
1625769600,0
1625769660,0
1625769720,1
1625769780,0
1625769840,0
1625769900,0
1625769960,0
1625770020,0
1625770080,0
1625770140,0
1625770200,0
1625770260,0
1625770320,0
1625770380,0
1625770440,0
1625770500,0
1625770560,0
1625770620,0
1625770680,0
1625770740,0
1625770800,0
1625770860,0
1625770920,0
1625770980,0
1625771040,0
1625771100,0
1625771160,0
1625771220,0
1625771280,0
1625771340,0
1625771400,1
1625771460,0
1625771520,0
1625771580,0
1625771640,0
1625771700,0
1625771760,0
1625771820,0
1625771880,0
1625771940,0
1625772000,0
1625772060,0
1625772120,1
1625772180,0
1625772240,0
1625772300,0
1625772360,0
1625772420,0
1625772480,0
1625772540,0
1625772600,0
1625772660,1
1625772720,0
1625772780,0
1625772840,1
1625772900,0
1625772960,0
1625773020,0
1625773080,0
1625773140,0
1625773200,0
1625773260,1
1625773320,0
1625773380,0
1625773440,0
1625773500,0
1625773560,0
1625773620,0
1625773680,1
1625773740,1
1625773800,1
1625773860,0
1625773920,0
1625773980,0
1625774040,0
1625774100,0
1625774160,0
1625774220,0
1625774280,0
1625774340,0
1625774400,0
1625774460,1
1625774520,1
1625774580,0
1625774640,0
1625774700,0
1625774760,1
1625774820,1
1625774880,1
1625774940,1
1625775000,0
1625775060,0
1625775120,0
1625775180,0
1625775240,0
1625775300,1
1625775360,0
1625775420,0
1625775480,0
1625775540,0
1625775600,0
1625775660,0
1625775720,0
1625775780,0
1625775840,0
1625775900,0
1625775960,0
1625776020,0
1625776080,0
1625776140,0
1625776200,0
1625776260,0
1625776320,0
1625776380,1
1625776440,0
1625776500,0
1625776560,0
1625776620,0
1625776680,0
1625776740,0
1625776800,0
1625776860,0
1625776920,0
1625776980,0
1625777040,0
1625777100,0
1625777160,0
1625777220,0
1625777280,0
1625777340,0
1625777400,0
1625777460,0
1625777520,0
1625777580,0
1625777640,0
1625777700,0
1625777760,0
1625777820,1
1625777880,0
1625777940,1
1625778000,0
1625778060,0
1625778120,1
1625778180,0
1625778240,0
1625778300,0
1625778360,0
1625778420,1
1625778480,0
1625778540,0
1625778600,0
1625778660,0
1625778720,0
1625778780,0
1625778840,1
1625778900,0
1625778960,0
1625779020,0
1625779080,0
1625779140,0
1625779200,0
1625779260,0
1625779320,0
1625779380,1
1625779440,1
1625779500,0
1625779560,0
1625779620,0
1625779680,0
1625779740,0
1625779800,1
1625779860,1
1625779920,1
1625779980,0
1625780040,1
1625780100,1
1625780160,1
1625780220,0
1625780280,0
1625780340,0
1625780400,0
1625780460,1
1625780520,0
1625780580,0
1625780640,1
1625780700,0
1625780760,0
1625780820,0
1625780880,0
1625780940,0
1625781000,0
1625781060,0
1625781120,0
1625781180,1
1625781240,1
1625781300,0
1625781360,0
1625781420,0
1625781480,1
1625781540,0
1625781600,0
1625781660,1
1625781720,1
1625781780,0
1625781840,0
1625781900,0
1625781960,1
1625782020,0
1625782080,0
1625782140,0
1625782200,0
1625782260,0
1625782320,0
1625782380,0
1625782440,0
1625782500,0
1625782560,0
1625782620,1
1625782680,1
1625782740,0
1625782800,0
1625782860,0
1625782920,0
1625782980,1
1625783040,1
1625783100,0
1625783160,0
1625783220,1
1625783280,0
1625783340,0
1625783400,0
1625783460,0
1625783520,0
1625783580,0
1625783640,0
1625783700,0
1625783760,0
1625783820,0
1625783880,0
1625783940,0
1625784000,0
1625784060,0
1625784120,0
1625784180,1
1625784240,0
1625784300,0
1625784360,0
1625784420,0
1625784480,0
1625784540,0
1625784600,0
1625784660,0
1625784720,0
1625784780,0
1625784840,0
1625784900,0
1625784960,0
1625785020,0
1625785080,0
1625785140,0
1625785200,0
1625785260,0
1625785320,1
1625785380,0
1625785440,0
1625785500,0
1625785560,1
1625785620,0
1625785680,0
1625785740,0
1625785800,0
1625785860,0
1625785920,0
1625785980,0
1625786040,1
1625786100,1
1625786160,0
1625786220,0
1625786280,1
1625786340,1
1625786400,0
1625786460,0
1625786520,0
1625786580,0
1625786640,0
1625786700,0
1625786760,0
1625786820,0
1625786880,0
1625786940,0
1625787000,0
1625787060,0
1625787120,0
1625787180,0
1625787240,0
1625787300,0
1625787360,0
1625787420,0
1625787480,1
1625787540,0
1625787600,0
1625787660,0
1625787720,0
1625787780,0
1625787840,0
1625787900,0
1625787960,0
1625788020,0
1625788080,0
1625788140,0
1625788200,0
1625788260,0
1625788320,0
1625788380,0
1625788440,0
1625788500,0
1625788560,0
1625788620,0
1625788680,1
1625788740,0
1625788800,0
1625788860,0
1625788920,0
1625788980,0
1625789040,0
1625789100,1
1625789160,0
1625789220,0
1625789280,0
1625789340,0
1625789400,0
1625789460,0
1625789520,1
1625789580,0
1625789640,0
1625789700,0
1625789760,0
1625789820,0
1625789880,0
1625789940,0
1625790000,0
1625790060,0
1625790120,0
1625790180,0
1625790240,0
1625790300,1
1625790360,0
1625790420,0
1625790480,0
1625790540,0
1625790600,0
1625790660,0
1625790720,0
1625790780,0
1625790840,0
1625790900,0
1625790960,1
1625791020,1
1625791080,0
1625791140,0
1625791200,0
1625791260,0
1625791320,0
1625791380,1
1625791440,1
1625791500,1
1625791560,0
1625791620,0
1625791680,0
1625791740,0
1625791800,0
1625791860,0
1625791920,0
1625791980,0
1625792040,0
1625792100,0
1625792160,0
1625792220,0
1625792280,0
1625792340,0
1625792400,0
1625792460,0
1625792520,0
1625792580,0
1625792640,0
1625792700,0
1625792760,0
1625792820,0
1625792880,0
1625792940,0
1625793000,0
1625793060,0
1625793120,0
1625793180,0
1625793240,0
1625793300,0
1625793360,1
1625793420,0
1625793480,0
1625793540,0
1625793600,0
1625793660,0
1625793720,0
1625793780,0
1625793840,0
1625793900,0
1625793960,1
1625794020,1
1625794080,0
1625794140,0
1625794200,0
1625794260,0
1625794320,0
1625794380,0
1625794440,0
1625794500,0
1625794560,0
1625794620,0
1625794680,0
1625794740,0
1625794800,0
1625794860,1
1625794920,0
1625794980,0
1625795040,0
1625795100,0
1625795160,0
1625795220,0
1625795280,0
1625795340,0
1625795400,1
1625795460,0
1625795520,0
1625795580,0
1625795640,0
1625795700,0
1625795760,0
1625795820,1
1625795880,0
1625795940,0
1625796000,0
1625796060,0
1625796120,0
1625796180,0
1625796240,0
1625796300,0
1625796360,0
1625796420,0
1625796480,0
1625796540,0
1625796600,0
1625796660,1
1625796720,1
1625796780,0
1625796840,0
1625796900,0
1625796960,0
1625797020,1
1625797080,0
1625797140,0
1625797200,0
1625797260,0
1625797320,0
1625797380,0
1625797440,0
1625797500,0
1625797560,0
1625797620,0
1625797680,0
1625797740,0
1625797800,0
1625797860,0
1625797920,0
1625797980,0
1625798040,0
1625798100,0
1625798160,0
1625798220,0
1625798280,1
1625798340,0
1625798400,0
1625798460,0
1625798520,0
1625798580,0
1625798640,0
1625798700,0
1625798760,0
1625798820,0
1625798880,0
1625798940,0
1625799000,0
1625799060,1
1625799120,0
1625799180,1
1625799240,1
1625799300,0
1625799360,1
1625799420,1
1625799480,0
1625799540,0
1625799600,0
1625799660,1
1625799720,0
1625799780,1
1625799840,1
1625799900,0
1625799960,0
1625800020,1
1625800080,0
1625800140,0
1625800200,1
1625800260,1
1625800320,0
1625800380,0
1625800440,0
1625800500,0
1625800560,0
1625800620,0
1625800680,0
1625800740,0
1625800800,0
1625800860,0
1625800920,0
1625800980,0
1625801040,0
1625801100,0
1625801160,0
1625801220,0
1625801280,0
1625801340,1
1625801400,0
1625801460,0
1625801520,0
1625801580,1
1625801640,1
1625801700,0
1625801760,0
1625801820,0
1625801880,0
1625801940,0
1625802000,0
1625802060,0
1625802120,0
1625802180,0
1625802240,0
1625802300,0
1625802360,0
1625802420,0
1625802480,1
1625802540,1
1625802600,1
1625802660,1
1625802720,1
1625802780,1
1625802840,1
1625802900,1
1625802960,1
1625803020,1
1625803080,1
1625803140,0
1625803200,1
1625803260,0
1625803320,0
1625803380,1
1625803440,0
1625803500,0
1625803560,0
1625803620,0
1625803680,0
1625803740,0
1625803800,0
1625803860,0
1625803920,0
1625803980,0
1625804040,0
1625804100,0
1625804160,0
1625804220,0
1625804280,0
1625804340,0
1625804400,0
1625804460,0
1625804520,0
1625804580,0
1625804640,0
1625804700,0
1625804760,0
1625804820,0
1625804880,0
1625804940,0
1625805000,0
1625805060,0
1625805120,0
1625805180,0
1625805240,0
1625805300,0
1625805360,0
1625805420,0
1625805480,0
1625805540,0
1625805600,0
1625805660,0
1625805720,0
1625805780,1
1625805840,1
1625805900,0
1625805960,0
1625806020,0
1625806080,0
1625806140,1
1625806200,0
1625806260,0
1625806320,0
1625806380,0
1625806440,0
1625806500,0
1625806560,0
1625806620,1
1625806680,0
1625806740,0
1625806800,0
1625806860,0
1625806920,0
1625806980,0
1625807040,0
1625807100,1
1625807160,0
1625807220,0
1625807280,0
1625807340,0
1625807400,0
1625807460,0
1625807520,0
1625807580,0
1625807640,0
1625807700,1
1625807760,0
1625807820,0
1625807880,1
1625807940,0
1625808000,0
1625808060,0
1625808120,0
1625808180,0
1625808240,0
1625808300,0
1625808360,0
1625808420,0
1625808480,0
1625808540,0
1625808600,1
1625808660,0
1625808720,0
1625808780,0
1625808840,1
1625808900,0
1625808960,0
1625809020,0
1625809080,0
1625809140,1
1625809200,0
1625809260,0
1625809320,0
1625809380,0
1625809440,0
1625809500,0
1625809560,0
1625809620,0
1625809680,0
1625809740,1
1625809800,0
1625809860,0
1625809920,0
1625809980,0
1625810040,0
1625810100,0
1625810160,0
1625810220,0
1625810280,0
1625810340,0
1625810400,0
1625810460,0
1625810520,1
1625810580,1
1625810640,0
1625810700,0
1625810760,1
1625810820,0
1625810880,0
1625810940,0
1625811000,1
1625811060,0
1625811120,0
1625811180,0
1625811240,0
1625811300,0
1625811360,0
1625811420,0
1625811480,0
1625811540,0
1625811600,0
1625811660,0
1625811720,0
1625811780,0
1625811840,0
1625811900,0
1625811960,0
1625812020,0
1625812080,0
1625812140,1
1625812200,0
1625812260,0
1625812320,0
1625812380,0
1625812440,0
1625812500,0
1625812560,0
1625812620,0
1625812680,0
1625812740,0
1625812800,0
1625812860,0
1625812920,1
1625812980,0
1625813040,0
1625813100,1
1625813160,0
1625813220,0
1625813280,0
1625813340,1
1625813400,0
1625813460,0
1625813520,0
1625813580,1
1625813640,0
1625813700,0
1625813760,0
1625813820,0
1625813880,0
1625813940,0
1625814000,0
1625814060,0
1625814120,0
1625814180,0
1625814240,0
1625814300,0
1625814360,0
1625814420,0
1625814480,0
1625814540,0
1625814600,0
1625814660,0
1625814720,1
1625814780,0
1625814840,0
1625814900,0
1625814960,0
1625815020,0
1625815080,0
1625815140,0
1625815200,1
1625815260,0
1625815320,0
1625815380,0
1625815440,0
1625815500,0
1625815560,0
1625815620,0
1625815680,0
1625815740,0
1625815800,0
1625815860,0
1625815920,1
1625815980,1
1625816040,0
1625816100,0
1625816160,0
1625816220,0
1625816280,0
1625816340,0
1625816400,0
1625816460,0
1625816520,0
1625816580,0
1625816640,0
1625816700,0
1625816760,0
1625816820,0
1625816880,0
1625816940,0
1625817000,0
1625817060,0
1625817120,0
1625817180,0
1625817240,0
1625817300,0
1625817360,0
1625817420,0
1625817480,0
1625817540,0
1625817600,0
1625817660,1
1625817720,0
1625817780,0
1625817840,0
1625817900,0
1625817960,0
1625818020,0
1625818080,1
1625818140,0
1625818200,0
1625818260,0
1625818320,1
1625818380,1
1625818440,0
1625818500,0
1625818560,0
1625818620,0
1625818680,0
1625818740,0
1625818800,0
1625818860,0
1625818920,0
1625818980,0
1625819040,0
1625819100,0
1625819160,0
1625819220,1
1625819280,0
1625819340,0
1625819400,0
1625819460,1
1625819520,1
1625819580,0
1625819640,0
1625819700,0
1625819760,0
1625819820,0
1625819880,0
1625819940,0
1625820000,0
1625820060,0
1625820120,0
1625820180,0
1625820240,0
1625820300,0
1625820360,1
1625820420,1
1625820480,0
1625820540,0
1625820600,0
1625820660,0
1625820720,0
1625820780,0
1625820840,0
1625820900,0
1625820960,0
1625821020,0
1625821080,0
1625821140,0
1625821200,0
1625821260,0
1625821320,0
1625821380,0
1625821440,0
1625821500,0
1625821560,0
1625821620,0
1625821680,0
1625821740,1
1625821800,0
1625821860,0
1625821920,0
1625821980,0
1625822040,0
1625822100,0
1625822160,0
1625822220,0
1625822280,0
1625822340,0
1625822400,1
1625822460,0
1625822520,0
1625822580,0
1625822640,0
1625822700,0
1625822760,0
1625822820,0
1625822880,1
1625822940,0
1625823000,0
1625823060,0
1625823120,0
1625823180,0
1625823240,0
1625823300,0
1625823360,0
1625823420,0
1625823480,1
1625823540,0
1625823600,0
1625823660,0
1625823720,0
1625823780,0
1625823840,0
1625823900,0
1625823960,0
1625824020,0
1625824080,0
1625824140,0
1625824200,0
1625824260,0
1625824320,0
1625824380,0
1625824440,0
1625824500,1
1625824560,0
1625824620,0
1625824680,0
1625824740,0
1625824800,0
1625824860,0
1625824920,0
1625824980,0
1625825040,0
1625825100,1
1625825160,0
1625825220,0
1625825280,0
1625825340,0
1625825400,0
1625825460,0
1625825520,0
1625825580,0
1625825640,0
1625825700,0
1625825760,0
1625825820,0
1625825880,0
1625825940,1
1625826000,0
1625826060,0
1625826120,0
1625826180,0
1625826240,0
1625826300,0
1625826360,0
1625826420,0
1625826480,1
1625826540,1
1625826600,0
1625826660,0
1625826720,0
1625826780,0
1625826840,0
1625826900,0
1625826960,0
1625827020,0
1625827080,0
1625827140,0
1625827200,0
1625827260,0
1625827320,0
1625827380,0
1625827440,0
1625827500,0
1625827560,1
1625827620,1
1625827680,0
1625827740,1
1625827800,1
1625827860,0
1625827920,0
1625827980,0
1625828040,1
1625828100,0
1625828160,0
1625828220,0
1625828280,0
1625828340,0
1625828400,0
1625828460,0
1625828520,0
1625828580,0
1625828640,0
1625828700,0
1625828760,0
1625828820,0
1625828880,0
1625828940,0
1625829000,0
1625829060,0
1625829120,0
1625829180,0
1625829240,0
1625829300,0
1625829360,0
1625829420,0
1625829480,0
1625829540,0
1625829600,0
1625829660,0
1625829720,0
1625829780,0
1625829840,0
1625829900,0
1625829960,0
1625830020,0
1625830080,0
1625830140,0
1625830200,1
1625830260,1
1625830320,0
1625830380,0
1625830440,0
1625830500,0
1625830560,0
1625830620,0
1625830680,1
1625830740,0
1625830800,0
1625830860,0
1625830920,0
1625830980,0
1625831040,0
1625831100,0
1625831160,0
1625831220,0
1625831280,0
1625831340,0
1625831400,1
1625831460,0
1625831520,0
1625831580,0
1625831640,0
1625831700,1
1625831760,0
1625831820,0
1625831880,0
1625831940,0
1625832000,0
1625832060,0
1625832120,0
1625832180,1
1625832240,0
1625832300,0
1625832360,0
1625832420,0
1625832480,0
1625832540,0
1625832600,0
1625832660,0
1625832720,0
1625832780,0
1625832840,0
1625832900,0
1625832960,0
1625833020,0
1625833080,1
1625833140,0
1625833200,0
1625833260,1
1625833320,1
1625833380,0
1625833440,0
1625833500,0
1625833560,0
1625833620,0
1625833680,0
1625833740,0
1625833800,0
1625833860,0
1625833920,0
1625833980,0
1625834040,0
1625834100,0
1625834160,0
1625834220,1
1625834280,0
1625834340,0
1625834400,0
1625834460,0
1625834520,0
1625834580,0
1625834640,0
1625834700,1
1625834760,1
1625834820,1
1625834880,0
1625834940,0
1625835000,0
1625835060,0
1625835120,0
1625835180,0
1625835240,0
1625835300,0
1625835360,0
1625835420,0
1625835480,0
1625835540,0
1625835600,0
1625835660,0
1625835720,0
1625835780,0
1625835840,0
1625835900,0
1625835960,0
1625836020,0
1625836080,0
1625836140,0
1625836200,0
1625836260,0
1625836320,0
1625836380,1
1625836440,0
1625836500,1
1625836560,0
1625836620,0
1625836680,0
1625836740,0
1625836800,0
1625836860,0
1625836920,0
1625836980,0
1625837040,0
1625837100,0
1625837160,0
1625837220,0
1625837280,0
1625837340,1
1625837400,1
1625837460,1
1625837520,0
1625837580,0
1625837640,0
1625837700,0
1625837760,1
1625837820,0
1625837880,0
1625837940,0
1625838000,0
1625838060,0
1625838120,0
1625838180,0
1625838240,0
1625838300,0
1625838360,1
1625838420,0
1625838480,0
1625838540,1
1625838600,0
1625838660,0
1625838720,0
1625838780,0
1625838840,1
1625838900,0
1625838960,0
1625839020,0
1625839080,1
1625839140,0
1625839200,0
1625839260,1
1625839320,1
1625839380,1
1625839440,0
1625839500,0
1625839560,1
1625839620,0
1625839680,0
1625839740,0
1625839800,0
1625839860,0
1625839920,0
1625839980,0
1625840040,0
1625840100,0
1625840160,0
1625840220,0
1625840280,1
1625840340,0
1625840400,0
1625840460,1
1625840520,0
1625840580,0
1625840640,1
1625840700,1
1625840760,0
1625840820,0
1625840880,1
1625840940,0
1625841000,0
1625841060,0
1625841120,0
1625841180,0
1625841240,0
1625841300,0
1625841360,0
1625841420,0
1625841480,0
1625841540,0
1625841600,1
1625841660,0
1625841720,0
1625841780,0
1625841840,0
1625841900,0
1625841960,0
1625842020,0
1625842080,1
1625842140,0
1625842200,0
1625842260,0
1625842320,0
1625842380,1
1625842440,0
1625842500,0
1625842560,0
1625842620,0
1625842680,0
1625842740,0
1625842800,0
1625842860,0
1625842920,0
1625842980,0
1625843040,0
1625843100,1
1625843160,0
1625843220,0
1625843280,0
1625843340,1
1625843400,0
1625843460,0
1625843520,0
1625843580,0
1625843640,0
1625843700,0
1625843760,0
1625843820,1
1625843880,1
1625843940,0
1625844000,0
1625844060,0
1625844120,0
1625844180,0
1625844240,0
1625844300,0
1625844360,0
1625844420,0
1625844480,0
1625844540,0
1625844600,0
1625844660,0
1625844720,0
1625844780,0
1625844840,0
1625844900,0
1625844960,0
1625845020,0
1625845080,0
1625845140,0
1625845200,0
1625845260,0
1625845320,0
1625845380,0
1625845440,1
1625845500,1
1625845560,0
1625845620,0
1625845680,0
1625845740,0
1625845800,0
1625845860,0
1625845920,1
1625845980,0
1625846040,1
1625846100,0
1625846160,0
1625846220,0
1625846280,0
1625846340,0
1625846400,0
1625846460,1
1625846520,0
1625846580,0
1625846640,0
1625846700,0
1625846760,0
1625846820,0
1625846880,0
1625846940,0
1625847000,0
1625847060,0
1625847120,0
1625847180,0
1625847240,0
1625847300,0
1625847360,0
1625847420,0
1625847480,0
1625847540,0
1625847600,0
1625847660,1
1625847720,1
1625847780,0
1625847840,0
1625847900,0
1625847960,0
1625848020,1
1625848080,1
1625848140,1
1625848200,1
1625848260,1
1625848320,1
1625848380,1
1625848440,0
1625848500,1
1625848560,0
1625848620,0
1625848680,0
1625848740,1
1625848800,0
1625848860,0
1625848920,0
1625848980,0
1625849040,0
1625849100,0
1625849160,0
1625849220,0
1625849280,0
1625849340,1
1625849400,0
1625849460,0
1625849520,0
1625849580,0
1625849640,0
1625849700,0
1625849760,0
1625849820,0
1625849880,0
1625849940,0
1625850000,0
1625850060,0
1625850120,0
1625850180,0
1625850240,0
1625850300,0
1625850360,0
1625850420,0
1625850480,0
1625850540,1
1625850600,0
1625850660,0
1625850720,0
1625850780,0
1625850840,0
1625850900,0
1625850960,0
1625851020,0
1625851080,0
1625851140,0
1625851200,0
1625851260,0
1625851320,1
1625851380,0
1625851440,0
1625851500,0
1625851560,0
1625851620,0
1625851680,0
1625851740,0
1625851800,0
1625851860,0
1625851920,0
1625851980,0
1625852040,0
1625852100,0
1625852160,0
1625852220,1
1625852280,0
1625852340,1
1625852400,0
1625852460,1
1625852520,0
1625852580,0
1625852640,0
1625852700,0
1625852760,0
1625852820,0
1625852880,0
1625852940,0
1625853000,1
1625853060,0
1625853120,0
1625853180,0
1625853240,0
1625853300,0
1625853360,0
1625853420,1
1625853480,0
1625853540,0
1625853600,0
1625853660,0
1625853720,1
1625853780,1
1625853840,0
1625853900,0
1625853960,0
1625854020,0
1625854080,0
1625854140,0
1625854200,1
1625854260,1
1625854320,0
1625854380,0
1625854440,0
1625854500,0
1625854560,0
1625854620,0
1625854680,0
1625854740,0
1625854800,0
1625854860,0
1625854920,1
1625854980,0
1625855040,0
1625855100,0
1625855160,0
1625855220,0
1625855280,1
1625855340,0
1625855400,1
1625855460,1
1625855520,1
1625855580,0
1625855640,0
1625855700,0
1625855760,0
1625855820,0
1625855880,0
1625855940,1
1625856000,0
1625856060,0
1625856120,0
1625856180,0
1625856240,0
1625856300,0
1625856360,0
1625856420,1
1625856480,0
1625856540,1
1625856600,0
1625856660,0
1625856720,0
1625856780,0
1625856840,0
1625856900,0
1625856960,1
1625857020,0
1625857080,0
1625857140,0
1625857200,0
1625857260,0
1625857320,1
1625857380,0
1625857440,0
1625857500,0
1625857560,0
1625857620,0
1625857680,0
1625857740,0
1625857800,0
1625857860,0
1625857920,0
1625857980,0
1625858040,0
1625858100,0
1625858160,0
1625858220,1
1625858280,0
1625858340,0
1625858400,0
1625858460,0
1625858520,0
1625858580,0
1625858640,0
1625858700,0
1625858760,0
1625858820,1
1625858880,1
1625858940,0
1625859000,0
1625859060,0
1625859120,0
1625859180,0
1625859240,0
1625859300,0
1625859360,0
1625859420,1
1625859480,1
1625859540,1
1625859600,0
1625859660,0
1625859720,0
1625859780,0
1625859840,0
1625859900,0
1625859960,0
1625860020,0
1625860080,0
1625860140,0
1625860200,0
1625860260,0
1625860320,0
1625860380,1
1625860440,0
1625860500,1
1625860560,0
1625860620,0
1625860680,1
1625860740,0
1625860800,0
1625860860,0
1625860920,0
1625860980,0
1625861040,0
1625861100,0
1625861160,0
1625861220,1
1625861280,1
1625861340,0
1625861400,0
1625861460,0
1625861520,0
1625861580,0
1625861640,0
1625861700,0
1625861760,0
1625861820,0
1625861880,0
1625861940,0
1625862000,1
1625862060,0
1625862120,0
1625862180,0
1625862240,0
1625862300,0
1625862360,0
1625862420,0
1625862480,0
1625862540,0
1625862600,0
1625862660,0
1625862720,0
1625862780,0
1625862840,0
1625862900,0
1625862960,0
1625863020,0
1625863080,0
1625863140,0
1625863200,0
1625863260,0
1625863320,0
1625863380,0
1625863440,0
1625863500,0
1625863560,0
1625863620,0
1625863680,0
1625863740,0
1625863800,0
1625863860,0
1625863920,0
1625863980,0
1625864040,0
1625864100,0
1625864160,0
1625864220,0
1625864280,0
1625864340,0
1625864400,0
1625864460,1
1625864520,1
1625864580,1
1625864640,0
1625864700,0
1625864760,0
1625864820,1
1625864880,0
1625864940,0
1625865000,0
1625865060,0
1625865120,1
1625865180,1
1625865240,0
1625865300,0
1625865360,0
1625865420,0
1625865480,0
1625865540,1
1625865600,0
1625865660,0
1625865720,0
1625865780,0
1625865840,0
1625865900,0
1625865960,0
1625866020,0
1625866080,0
1625866140,0
1625866200,0
1625866260,1
1625866320,0
1625866380,0
1625866440,0
1625866500,0
1625866560,1
1625866620,0
1625866680,0
1625866740,0
1625866800,0
1625866860,0
1625866920,0
1625866980,0
1625867040,0
1625867100,0
1625867160,0
1625867220,0
1625867280,0
1625867340,0
1625867400,0
1625867460,1
1625867520,1
1625867580,0
1625867640,0
1625867700,0
1625867760,0
1625867820,0
1625867880,0
1625867940,1
1625868000,1
1625868060,0
1625868120,0
1625868180,0
1625868240,0
1625868300,0
1625868360,0
1625868420,1
1625868480,1
1625868540,1
1625868600,0
1625868660,1
1625868720,0
1625868780,1
1625868840,1
1625868900,1
1625868960,1
1625869020,1
1625869080,1
1625869140,1
1625869200,1
1625869260,1
1625869320,1
1625869380,1
1625869440,0
1625869500,0
1625869560,0
1625869620,0
1625869680,0
1625869740,0
1625869800,0
1625869860,0
1625869920,0
1625869980,0
1625870040,1
1625870100,1
1625870160,0
1625870220,0
1625870280,0
1625870340,1
1625870400,0
1625870460,0
1625870520,0
1625870580,0
1625870640,0
1625870700,0
1625870760,0
1625870820,0
1625870880,1
1625870940,0
1625871000,0
1625871060,0
1625871120,0
1625871180,0
1625871240,0
1625871300,1
1625871360,1
1625871420,0
1625871480,0
1625871540,0
1625871600,1
1625871660,0
1625871720,0
1625871780,0
1625871840,0
1625871900,0
1625871960,0
1625872020,0
1625872080,0
1625872140,0
1625872200,0
1625872260,1
1625872320,1
1625872380,1
1625872440,0
1625872500,0
1625872560,0
1625872620,0
1625872680,1
1625872740,0
1625872800,0
1625872860,0
1625872920,0
1625872980,0
1625873040,0
1625873100,0
1625873160,0
1625873220,1
1625873280,0
1625873340,0
1625873400,0
1625873460,0
1625873520,0
1625873580,0
1625873640,0
1625873700,0
1625873760,1
1625873820,0
1625873880,0
1625873940,0
1625874000,0
1625874060,0
1625874120,0
1625874180,0
1625874240,0
1625874300,0
1625874360,0
1625874420,0
1625874480,1
1625874540,1
1625874600,0
1625874660,0
1625874720,0
1625874780,0
1625874840,0
1625874900,0
1625874960,1
1625875020,1
1625875080,0
1625875140,0
1625875200,0
1625875260,0
1625875320,0
1625875380,0
1625875440,0
1625875500,0
1625875560,0
1625875620,0
1625875680,1
1625875740,1
1625875800,0
1625875860,0
1625875920,0
1625875980,0
1625876040,0
1625876100,0
1625876160,0
1625876220,0
1625876280,0
1625876340,0
1625876400,0
1625876460,0
1625876520,0
1625876580,0
1625876640,0
1625876700,0
1625876760,1
1625876820,1
1625876880,0
1625876940,0
1625877000,0
1625877060,0
1625877120,0
1625877180,0
1625877240,0
1625877300,0
1625877360,0
1625877420,0
1625877480,0
1625877540,0
1625877600,0
1625877660,0
1625877720,0
1625877780,1
1625877840,1
1625877900,0
1625877960,1
1625878020,0
1625878080,1
1625878140,1
1625878200,0
1625878260,0
1625878320,0
1625878380,0
1625878440,0
1625878500,0
1625878560,0
1625878620,0
1625878680,0
1625878740,0
1625878800,0
1625878860,0
1625878920,0
1625878980,0
1625879040,1
1625879100,0
1625879160,0
1625879220,1
1625879280,0
1625879340,0
1625879400,0
1625879460,0
1625879520,0
1625879580,0
1625879640,0
1625879700,0
1625879760,0
1625879820,0
1625879880,0
1625879940,0
1625880000,1
1625880060,0
1625880120,1
1625880180,0
1625880240,0
1625880300,0
1625880360,0
1625880420,0
1625880480,1
1625880540,0
1625880600,1
1625880660,1
1625880720,0
1625880780,1
1625880840,0
1625880900,0
1625880960,0
1625881020,0
1625881080,0
1625881140,0
1625881200,0
1625881260,0
1625881320,0
1625881380,0
1625881440,0
1625881500,0
1625881560,1
1625881620,1
1625881680,0
1625881740,0
1625881800,0
1625881860,0
1625881920,0
1625881980,0
1625882040,0
1625882100,0
1625882160,0
1625882220,0
1625882280,0
1625882340,0
1625882400,0
1625882460,0
1625882520,0
1625882580,0
1625882640,0
1625882700,0
1625882760,0
1625882820,0
1625882880,0
1625882940,0
1625883000,1
1625883060,0
1625883120,0
1625883180,0
1625883240,0
1625883300,0
1625883360,0
1625883420,0
1625883480,1
1625883540,0
1625883600,0
1625883660,0
1625883720,0
1625883780,0
1625883840,0
1625883900,0
1625883960,0
1625884020,0
1625884080,0
1625884140,0
1625884200,0
1625884260,0
1625884320,0
1625884380,0
1625884440,0
1625884500,0
1625884560,0
1625884620,1
1625884680,0
1625884740,1
1625884800,1
1625884860,0
1625884920,0
1625884980,1
1625885040,0
1625885100,0
1625885160,0
1625885220,0
1625885280,0
1625885340,1
1625885400,1
1625885460,0
1625885520,0
1625885580,0
1625885640,0
1625885700,1
1625885760,0
1625885820,0
1625885880,0
1625885940,0
1625886000,0
1625886060,0
1625886120,0
1625886180,1
1625886240,0
1625886300,0
1625886360,0
1625886420,0
1625886480,0
1625886540,0
1625886600,0
1625886660,1
1625886720,0
1625886780,0
1625886840,0
1625886900,1
1625886960,1
1625887020,0
1625887080,0
1625887140,0
1625887200,1
1625887260,0
1625887320,0
1625887380,0
1625887440,0
1625887500,0
1625887560,0
1625887620,0
1625887680,0
1625887740,0
1625887800,0
1625887860,0
1625887920,0
1625887980,1
1625888040,1
1625888100,0
1625888160,0
1625888220,1
1625888280,1
1625888340,0
1625888400,0
1625888460,0
1625888520,0
1625888580,0
1625888640,0
1625888700,0
1625888760,0
1625888820,0
1625888880,0
1625888940,0
1625889000,0
1625889060,0
1625889120,0
1625889180,0
1625889240,0
1625889300,1
1625889360,0
1625889420,0
1625889480,0
1625889540,0
1625889600,0
1625889660,0
1625889720,0
1625889780,0
1625889840,0
1625889900,0
1625889960,0
1625890020,0
1625890080,0
1625890140,0
1625890200,0
1625890260,0
1625890320,0
1625890380,0
1625890440,0
1625890500,0
1625890560,0
1625890620,0
1625890680,0
1625890740,0
1625890800,1
1625890860,1
1625890920,0
1625890980,0
1625891040,0
1625891100,0
1625891160,0
1625891220,0
1625891280,0
1625891340,0
1625891400,0
1625891460,0
1625891520,0
1625891580,0
1625891640,0
1625891700,0
1625891760,0
1625891820,0
1625891880,1
1625891940,0
1625892000,0
1625892060,0
1625892120,0
1625892180,0
1625892240,0
1625892300,0
1625892360,0
1625892420,1
1625892480,0
1625892540,0
1625892600,0
1625892660,0
1625892720,0
1625892780,0
1625892840,0
1625892900,0
1625892960,0
1625893020,0
1625893080,0
1625893140,0
1625893200,0
1625893260,0
1625893320,0
1625893380,0
1625893440,0
1625893500,0
1625893560,0
1625893620,0
1625893680,0
1625893740,0
1625893800,0
1625893860,1
1625893920,0
1625893980,0
1625894040,0
1625894100,0
1625894160,0
1625894220,0
1625894280,1
1625894340,0
1625894400,0
1625894460,0
1625894520,0
1625894580,0
1625894640,0
1625894700,0
1625894760,0
1625894820,0
1625894880,0
1625894940,0
1625895000,0
1625895060,0
1625895120,0
1625895180,0
1625895240,0
1625895300,0
1625895360,0
1625895420,0
1625895480,0
1625895540,0
1625895600,1
1625895660,0
1625895720,1
1625895780,0
1625895840,0
1625895900,0
1625895960,0
1625896020,1
1625896080,0
1625896140,0
1625896200,0
1625896260,0
1625896320,0
1625896380,0
1625896440,0
1625896500,0
1625896560,0
1625896620,0
1625896680,0
1625896740,0
1625896800,0
1625896860,1
1625896920,0
1625896980,0
1625897040,0
1625897100,0
1625897160,0
1625897220,1
1625897280,0
1625897340,0
1625897400,0
1625897460,0
1625897520,0
1625897580,0
1625897640,1
1625897700,1
1625897760,1
1625897820,0
1625897880,0
1625897940,0
1625898000,0
1625898060,0
1625898120,0
1625898180,0
1625898240,0
1625898300,0
1625898360,0
1625898420,0
1625898480,0
1625898540,0
1625898600,0
1625898660,0
1625898720,0
1625898780,0
1625898840,0
1625898900,0
1625898960,0
1625899020,0
1625899080,0
1625899140,0
1625899200,0
1625899260,0
1625899320,0
1625899380,0
1625899440,0
1625899500,0
1625899560,0
1625899620,0
1625899680,1
1625899740,0
1625899800,0
1625899860,0
1625899920,0
1625899980,0
1625900040,0
1625900100,0
1625900160,0
1625900220,0
1625900280,0
1625900340,0
1625900400,1
1625900460,0
1625900520,0
1625900580,0
1625900640,0
1625900700,0
1625900760,0
1625900820,1
1625900880,1
1625900940,0
1625901000,1
1625901060,1
1625901120,0
1625901180,0
1625901240,0
1625901300,0
1625901360,0
1625901420,0
1625901480,0
1625901540,0
1625901600,0
1625901660,0
1625901720,0
1625901780,0
1625901840,0
1625901900,0
1625901960,0
1625902020,0
1625902080,0
1625902140,0
1625902200,0
1625902260,0
1625902320,0
1625902380,1
1625902440,0
1625902500,0
1625902560,0
1625902620,1
1625902680,0
1625902740,0
1625902800,0
1625902860,0
1625902920,0
1625902980,0
1625903040,0
1625903100,0
1625903160,0
1625903220,0
1625903280,0
1625903340,0
1625903400,0
1625903460,0
1625903520,0
1625903580,0
1625903640,0
1625903700,0
1625903760,0
1625903820,0
1625903880,0
1625903940,0
1625904000,0
1625904060,0
1625904120,0
1625904180,0
1625904240,0
1625904300,0
1625904360,1
1625904420,0
1625904480,0
1625904540,0
1625904600,0
1625904660,1
1625904720,0
1625904780,0
1625904840,0
1625904900,0
1625904960,0
1625905020,0
1625905080,1
1625905140,1
1625905200,0
1625905260,0
1625905320,0
1625905380,0
1625905440,0
1625905500,0
1625905560,0
1625905620,0
1625905680,1
1625905740,0
1625905800,0
1625905860,1
1625905920,0
1625905980,0
1625906040,0
1625906100,0
1625906160,0
1625906220,0
1625906280,0
1625906340,0
1625906400,1
1625906460,1
1625906520,0
1625906580,1
1625906640,0
1625906700,0
1625906760,0
1625906820,1
1625906880,0
1625906940,0
1625907000,0
1625907060,0
1625907120,0
1625907180,0
1625907240,0
1625907300,1
1625907360,1
1625907420,1
1625907480,0
1625907540,1
1625907600,1
1625907660,1
1625907720,1
1625907780,0
1625907840,0
1625907900,0
1625907960,0
1625908020,0
1625908080,0
1625908140,0
1625908200,0
1625908260,0
1625908320,0
1625908380,0
1625908440,0
1625908500,0
1625908560,0
1625908620,0
1625908680,0
1625908740,0
1625908800,1
1625908860,1
1625908920,1
1625908980,0
1625909040,0
1625909100,1
1625909160,0
1625909220,1
1625909280,1
1625909340,0
1625909400,0
1625909460,0
1625909520,0
1625909580,0
1625909640,0
1625909700,0
1625909760,0
1625909820,0
1625909880,1
1625909940,0
1625910000,0
1625910060,0
1625910120,0
1625910180,0
1625910240,0
1625910300,0
1625910360,0
1625910420,0
1625910480,1
1625910540,0
1625910600,0
1625910660,0
1625910720,0
1625910780,1
1625910840,0
1625910900,0
1625910960,0
1625911020,1
1625911080,0
1625911140,0
1625911200,0
1625911260,1
1625911320,0
1625911380,0
1625911440,0
1625911500,0
1625911560,0
1625911620,0
1625911680,0
1625911740,0
1625911800,1
1625911860,1
1625911920,0
1625911980,0
1625912040,1
1625912100,0
1625912160,0
1625912220,0
1625912280,0
1625912340,0
1625912400,0
1625912460,1
1625912520,1
1625912580,1
1625912640,0
1625912700,0
1625912760,0
1625912820,1
1625912880,1
1625912940,0
1625913000,0
1625913060,0
1625913120,0
1625913180,0
1625913240,0
1625913300,0
1625913360,0
1625913420,0
1625913480,0
1625913540,0
1625913600,0
1625913660,0
1625913720,0
1625913780,1
1625913840,0
1625913900,0
1625913960,0
1625914020,0
1625914080,0
1625914140,0
1625914200,1
1625914260,1
1625914320,0
1625914380,0
1625914440,0
1625914500,0
1625914560,0
1625914620,0
1625914680,0
1625914740,0
1625914800,0
1625914860,0
1625914920,0
1625914980,0
1625915040,0
1625915100,0
1625915160,0
1625915220,0
1625915280,1
1625915340,1
1625915400,0
1625915460,0
1625915520,0
1625915580,0
1625915640,1
1625915700,0
1625915760,0
1625915820,0
1625915880,0
1625915940,1
1625916000,1
1625916060,0
1625916120,0
1625916180,0
1625916240,0
1625916300,0
1625916360,0
1625916420,0
1625916480,0
1625916540,0
1625916600,1
1625916660,1
1625916720,0
1625916780,0
1625916840,0
1625916900,0
1625916960,0
1625917020,0
1625917080,0
1625917140,0
1625917200,1
1625917260,0
1625917320,0
1625917380,0
1625917440,0
1625917500,0
1625917560,1
1625917620,1
1625917680,0
1625917740,0
1625917800,1
1625917860,0
1625917920,0
1625917980,0
1625918040,0
1625918100,0
1625918160,0
1625918220,0
1625918280,1
1625918340,0
1625918400,0
1625918460,0
1625918520,0
1625918580,0
1625918640,1
1625918700,0
1625918760,0
1625918820,0
1625918880,0
1625918940,0
1625919000,0
1625919060,0
1625919120,1
1625919180,0
1625919240,0
1625919300,0
1625919360,0
1625919420,1
1625919480,0
1625919540,0
1625919600,1
1625919660,1
1625919720,1
1625919780,0
1625919840,0
1625919900,0
1625919960,0
1625920020,0
1625920080,0
1625920140,0
1625920200,0
1625920260,1
1625920320,1
1625920380,0
1625920440,0
1625920500,0
1625920560,0
1625920620,0
1625920680,0
1625920740,0
1625920800,0
1625920860,0
1625920920,0
1625920980,0
1625921040,0
1625921100,0
1625921160,1
1625921220,0
1625921280,0
1625921340,0
1625921400,0
1625921460,0
1625921520,0
1625921580,0
1625921640,0
1625921700,0
1625921760,0
1625921820,0
1625921880,0
1625921940,0
1625922000,0
1625922060,1
1625922120,0
1625922180,0
1625922240,0
1625922300,0
1625922360,0
1625922420,0
1625922480,0
1625922540,0
1625922600,0
1625922660,0
1625922720,0
1625922780,0
1625922840,0
1625922900,1
1625922960,0
1625923020,0
1625923080,0
1625923140,0
1625923200,0
1625923260,0
1625923320,0
1625923380,0
1625923440,0
1625923500,1
1625923560,0
1625923620,0
1625923680,0
1625923740,0
1625923800,0
1625923860,0
1625923920,0
1625923980,1
1625924040,0
1625924100,0
1625924160,0
1625924220,0
1625924280,0
1625924340,0
1625924400,1
1625924460,0
1625924520,0
1625924580,0
1625924640,0
1625924700,0
1625924760,0
1625924820,0
1625924880,0
1625924940,0
1625925000,0
1625925060,0
1625925120,1
1625925180,0
1625925240,0
1625925300,0
1625925360,0
1625925420,0
1625925480,0
1625925540,1
1625925600,1
1625925660,0
1625925720,1
1625925780,0
1625925840,0
1625925900,0
1625925960,0
1625926020,0
1625926080,0
1625926140,0
1625926200,0
1625926260,0
1625926320,0
1625926380,0
1625926440,0
1625926500,0
1625926560,0
1625926620,1
1625926680,0
1625926740,0
1625926800,0
1625926860,0
1625926920,0
1625926980,0
1625927040,0
1625927100,0
1625927160,1
1625927220,0
1625927280,0
1625927340,0
1625927400,0
1625927460,0
1625927520,1
1625927580,0
1625927640,1
1625927700,1
1625927760,1
1625927820,0
1625927880,0
1625927940,0
1625928000,0
1625928060,0
1625928120,0
1625928180,0
1625928240,0
1625928300,0
1625928360,0
1625928420,1
1625928480,0
1625928540,0
1625928600,0
1625928660,0
1625928720,0
1625928780,0
1625928840,0
1625928900,0
1625928960,0
1625929020,0
1625929080,0
1625929140,0
1625929200,1
1625929260,0
1625929320,0
1625929380,0
1625929440,0
1625929500,0
1625929560,0
1625929620,1
1625929680,1
1625929740,1
1625929800,0
1625929860,0
1625929920,0
1625929980,1
1625930040,1
1625930100,0
1625930160,0
1625930220,0
1625930280,0
1625930340,0
1625930400,0
1625930460,0
1625930520,0
1625930580,0
1625930640,0
1625930700,0
1625930760,0
1625930820,0
1625930880,0
1625930940,0
1625931000,0
1625931060,0
1625931120,0
1625931180,0
1625931240,0
1625931300,0
1625931360,0
1625931420,0
1625931480,0
1625931540,0
1625931600,0
1625931660,0
1625931720,0
1625931780,0
1625931840,0
1625931900,0
1625931960,0
1625932020,0
1625932080,0
1625932140,1
1625932200,1
1625932260,0
1625932320,0
1625932380,0
1625932440,0
1625932500,0
1625932560,0
1625932620,0
1625932680,0
1625932740,0
1625932800,1
1625932860,0
1625932920,0
1625932980,0
1625933040,0
1625933100,0
1625933160,0
1625933220,1
1625933280,0
1625933340,0
1625933400,0
1625933460,0
1625933520,0
1625933580,1
1625933640,1
1625933700,1
1625933760,0
1625933820,0
1625933880,0
1625933940,0
1625934000,0
1625934060,0
1625934120,0
1625934180,0
1625934240,0
1625934300,0
1625934360,0
1625934420,0
1625934480,1
1625934540,1
1625934600,1
1625934660,0
1625934720,1
1625934780,1
1625934840,0
1625934900,0
1625934960,0
1625935020,0
1625935080,0
1625935140,0
1625935200,0
1625935260,0
1625935320,0
1625935380,1
1625935440,1
1625935500,0
1625935560,0
1625935620,0
1625935680,0
1625935740,0
1625935800,0
1625935860,0
1625935920,0
1625935980,1
1625936040,0
1625936100,0
1625936160,0
1625936220,0
1625936280,0
1625936340,0
1625936400,0
1625936460,0
1625936520,0
1625936580,0
1625936640,0
1625936700,0
1625936760,0
1625936820,0
1625936880,0
1625936940,0
1625937000,0
1625937060,1
1625937120,0
1625937180,1
1625937240,0
1625937300,0
1625937360,1
1625937420,0
1625937480,0
1625937540,0
1625937600,1
1625937660,1
1625937720,0
1625937780,0
1625937840,0
1625937900,0
1625937960,1
1625938020,0
1625938080,1
1625938140,0
1625938200,0
1625938260,0
1625938320,0
1625938380,0
1625938440,0
1625938500,0
1625938560,0
1625938620,0
1625938680,0
1625938740,0
1625938800,0
1625938860,1
1625938920,0
1625938980,0
1625939040,0
1625939100,0
1625939160,0
1625939220,1
1625939280,0
1625939340,0
1625939400,0
1625939460,0
1625939520,1
1625939580,0
1625939640,0
1625939700,0
1625939760,0
1625939820,1
1625939880,0
1625939940,0
1625940000,0
1625940060,0
1625940120,0
1625940180,0
1625940240,0
1625940300,0
1625940360,0
1625940420,0
1625940480,0
1625940540,0
1625940600,0
1625940660,0
1625940720,0
1625940780,0
1625940840,0
1625940900,1
1625940960,1
1625941020,1
1625941080,0
1625941140,0
1625941200,0
1625941260,0
1625941320,0
1625941380,1
1625941440,1
1625941500,0
1625941560,0
1625941620,0
1625941680,0
1625941740,0
1625941800,0
1625941860,0
1625941920,1
1625941980,0
1625942040,0
1625942100,0
1625942160,0
1625942220,0
1625942280,0
1625942340,0
1625942400,0
1625942460,0
1625942520,0
1625942580,0
1625942640,0
1625942700,1
1625942760,1
1625942820,0
1625942880,0
1625942940,0
1625943000,0
1625943060,0
1625943120,0
1625943180,0
1625943240,1
1625943300,0
1625943360,1
1625943420,0
1625943480,0
1625943540,0
1625943600,0
1625943660,0
1625943720,0
1625943780,0
1625943840,0
1625943900,0
1625943960,0
1625944020,0
1625944080,0
1625944140,0
1625944200,1
1625944260,0
1625944320,0
1625944380,0
1625944440,0
1625944500,0
1625944560,0
1625944620,0
1625944680,0
1625944740,0
1625944800,0
1625944860,0
1625944920,0
1625944980,0
1625945040,0
1625945100,0
1625945160,0
1625945220,1
1625945280,1
1625945340,0
1625945400,1
1625945460,0
1625945520,0
1625945580,0
1625945640,0
1625945700,0
1625945760,1
1625945820,0
1625945880,0
1625945940,0
1625946000,0
1625946060,1
1625946120,1
1625946180,0
1625946240,1
1625946300,0
1625946360,0
1625946420,0
1625946480,0
1625946540,1
1625946600,1
1625946660,0
1625946720,0
1625946780,0
1625946840,0
1625946900,0
1625946960,0
1625947020,0
1625947080,0
1625947140,0
1625947200,0
1625947260,1
1625947320,0
1625947380,0
1625947440,0
1625947500,1
1625947560,0
1625947620,1
1625947680,1
1625947740,1
1625947800,1
1625947860,0
1625947920,0
1625947980,0
1625948040,0
1625948100,1
1625948160,0
1625948220,0
1625948280,0
1625948340,1
1625948400,0
1625948460,1
1625948520,0
1625948580,1
1625948640,0
1625948700,0
1625948760,0
1625948820,0
1625948880,1
1625948940,0
1625949000,0
1625949060,0
1625949120,1
1625949180,0
1625949240,0
1625949300,0
1625949360,0
1625949420,0
1625949480,0
1625949540,0
1625949600,0
1625949660,0
1625949720,0
1625949780,0
1625949840,1
1625949900,0
1625949960,0
1625950020,0
1625950080,0
1625950140,1
1625950200,1
1625950260,0
1625950320,0
1625950380,0
1625950440,0
1625950500,0
1625950560,0
1625950620,0
1625950680,0
1625950740,0
1625950800,0
1625950860,0
1625950920,0
1625950980,0
1625951040,1
1625951100,0
1625951160,0
1625951220,0
1625951280,0
1625951340,1
1625951400,0
1625951460,0
1625951520,0
1625951580,0
1625951640,0
1625951700,0
1625951760,0
1625951820,0
1625951880,0
1625951940,0
1625952000,0
1625952060,0
1625952120,0
1625952180,0
1625952240,0
1625952300,0
1625952360,0
1625952420,0
1625952480,0
1625952540,0
1625952600,0
1625952660,1
1625952720,0
1625952780,0
1625952840,0
1625952900,1
1625952960,0
1625953020,0
1625953080,0
1625953140,1
1625953200,0
1625953260,0
1625953320,0
1625953380,0
1625953440,0
1625953500,0
1625953560,1
1625953620,0
1625953680,0
1625953740,0
1625953800,0
1625953860,0
1625953920,0
1625953980,0
1625954040,0
1625954100,0
1625954160,0
1625954220,0
1625954280,0
1625954340,0
1625954400,1
1625954460,0
1625954520,0
1625954580,0
1625954640,0
1625954700,0
1625954760,1
1625954820,0
1625954880,0
1625954940,0
1625955000,0
1625955060,1
1625955120,0
1625955180,0
1625955240,0
1625955300,0
1625955360,0
1625955420,0
1625955480,0
1625955540,0
1625955600,0
1625955660,0
1625955720,1
1625955780,0
1625955840,0
1625955900,0
1625955960,0
1625956020,0
1625956080,1
1625956140,0
1625956200,1
1625956260,1
1625956320,0
1625956380,0
1625956440,0
1625956500,1
1625956560,1
1625956620,1
1625956680,0
1625956740,1
1625956800,0
1625956860,0
1625956920,0
1625956980,0
1625957040,0
1625957100,0
1625957160,0
1625957220,0
1625957280,0
1625957340,0
1625957400,0
1625957460,0
1625957520,0
1625957580,0
1625957640,1
1625957700,0
1625957760,0
1625957820,0
1625957880,0
1625957940,1
1625958000,1
1625958060,1
1625958120,1
1625958180,1
1625958240,1
1625958300,1
1625958360,1
1625958420,1
1625958480,1
1625958540,1
1625958600,1
1625958660,0
1625958720,0
1625958780,0
1625958840,0
1625958900,0
1625958960,0
1625959020,0
1625959080,0
1625959140,1
1625959200,0
1625959260,0
1625959320,0
1625959380,0
1625959440,0
1625959500,0
1625959560,0
1625959620,0
1625959680,0
1625959740,0
1625959800,0
1625959860,0
1625959920,0
1625959980,0
1625960040,0
1625960100,0
1625960160,0
1625960220,0
1625960280,0
1625960340,0
1625960400,0
1625960460,0
1625960520,0
1625960580,0
1625960640,0
1625960700,0
1625960760,0
1625960820,0
1625960880,0
1625960940,0
1625961000,0
1625961060,0
1625961120,0
1625961180,1
1625961240,1
1625961300,0
1625961360,0
1625961420,1
1625961480,0
1625961540,0
1625961600,0
1625961660,0
1625961720,0
1625961780,0
1625961840,0
1625961900,0
1625961960,0
1625962020,0
1625962080,0
1625962140,0
1625962200,1
1625962260,0
1625962320,0
1625962380,0
1625962440,0
1625962500,0
1625962560,0
1625962620,0
1625962680,0
1625962740,0
1625962800,0
1625962860,1
1625962920,0
1625962980,0
1625963040,0
1625963100,1
1625963160,0
1625963220,1
1625963280,1
1625963340,0
1625963400,0
1625963460,1
1625963520,0
1625963580,0
1625963640,1
1625963700,1
1625963760,0
1625963820,0
1625963880,0
1625963940,0
1625964000,0
1625964060,0
1625964120,0
1625964180,0
1625964240,1
1625964300,1
1625964360,1
1625964420,0
1625964480,1
1625964540,0
1625964600,0
1625964660,1
1625964720,0
1625964780,0
1625964840,0
1625964900,0
1625964960,0
1625965020,0
1625965080,0
1625965140,0
1625965200,0
1625965260,1
1625965320,0
1625965380,0
1625965440,0
1625965500,0
1625965560,0
1625965620,0
1625965680,0
1625965740,0
1625965800,0
1625965860,1
1625965920,0
1625965980,0
1625966040,0
1625966100,0
1625966160,0
1625966220,0
1625966280,0
1625966340,0
1625966400,0
1625966460,0
1625966520,1
1625966580,0
1625966640,0
1625966700,0
1625966760,0
1625966820,0
1625966880,0
1625966940,0
1625967000,0
1625967060,0
1625967120,0
1625967180,0
1625967240,0
1625967300,0
1625967360,0
1625967420,0
1625967480,1
1625967540,0
1625967600,0
1625967660,0
1625967720,0
1625967780,0
1625967840,0
1625967900,0
1625967960,0
1625968020,0
1625968080,0
1625968140,0
1625968200,0
1625968260,0
1625968320,0
1625968380,0
1625968440,0
1625968500,1
1625968560,0
1625968620,0
1625968680,0
1625968740,0
1625968800,0
1625968860,0
1625968920,0
1625968980,0
1625969040,0
1625969100,0
1625969160,0
1625969220,0
1625969280,0
1625969340,0
1625969400,0
1625969460,0
1625969520,0
1625969580,0
1625969640,0
1625969700,0
1625969760,0
1625969820,0
1625969880,0
1625969940,0
1625970000,0
1625970060,0
1625970120,0
1625970180,0
1625970240,1
1625970300,0
1625970360,0
1625970420,1
1625970480,0
1625970540,0
1625970600,0
1625970660,0
1625970720,0
1625970780,0
1625970840,1
1625970900,0
1625970960,0
1625971020,0
1625971080,0
1625971140,0
1625971200,0
1625971260,1
1625971320,0
1625971380,1
1625971440,0
1625971500,0
1625971560,0
1625971620,0
1625971680,0
1625971740,1
1625971800,0
1625971860,0
1625971920,0
1625971980,0
1625972040,1
1625972100,0
1625972160,0
1625972220,0
1625972280,0
1625972340,0
1625972400,0
1625972460,1
1625972520,0
1625972580,0
1625972640,0
1625972700,0
1625972760,0
1625972820,0
1625972880,0
1625972940,0
1625973000,0
1625973060,1
1625973120,0
1625973180,0
1625973240,0
1625973300,1
1625973360,0
1625973420,0
1625973480,0
1625973540,0
1625973600,0
1625973660,0
1625973720,1
1625973780,0
1625973840,0
1625973900,0
1625973960,0
1625974020,0
1625974080,0
1625974140,0
1625974200,0
1625974260,0
1625974320,0
1625974380,0
1625974440,0
1625974500,0
1625974560,0
1625974620,0
1625974680,1
1625974740,0
1625974800,0
1625974860,0
1625974920,0
1625974980,0
1625975040,0
1625975100,0
1625975160,0
1625975220,0
1625975280,1
1625975340,1
1625975400,0
1625975460,0
1625975520,0
1625975580,0
1625975640,1
1625975700,0
1625975760,0
1625975820,0
1625975880,1
1625975940,0
1625976000,1
1625976060,0
1625976120,0
1625976180,1
1625976240,1
1625976300,0
1625976360,0
1625976420,0
1625976480,0
1625976540,0
1625976600,1
1625976660,0
1625976720,0
1625976780,0
1625976840,0
1625976900,0
1625976960,0
1625977020,0
1625977080,0
1625977140,0
1625977200,0
1625977260,0
1625977320,0
1625977380,1
1625977440,1
1625977500,1
1625977560,1
1625977620,0
1625977680,0
1625977740,0
1625977800,0
1625977860,1
1625977920,0
1625977980,0
1625978040,0
1625978100,0
1625978160,0
1625978220,0
1625978280,0
1625978340,0
1625978400,1
1625978460,0
1625978520,0
1625978580,0
1625978640,0
1625978700,0
1625978760,0
1625978820,0
1625978880,1
1625978940,0
1625979000,0
1625979060,1
1625979120,1
1625979180,0
1625979240,0
1625979300,0
1625979360,0
1625979420,0
1625979480,0
1625979540,0
1625979600,0
1625979660,0
1625979720,0
1625979780,0
1625979840,0
1625979900,0
1625979960,0
1625980020,0
1625980080,0
1625980140,0
1625980200,1
1625980260,1
1625980320,0
1625980380,1
1625980440,1
1625980500,1
1625980560,1
1625980620,1
1625980680,1
1625980740,1
1625980800,1
1625980860,1
1625980920,1
1625980980,1
1625981040,1
1625981100,0
1625981160,0
1625981220,0
1625981280,0
1625981340,0
1625981400,0
1625981460,0
1625981520,0
1625981580,0
1625981640,0
1625981700,0
1625981760,1
1625981820,1
1625981880,0
1625981940,0
1625982000,0
1625982060,0
1625982120,1
1625982180,1
1625982240,0
1625982300,0
1625982360,0
1625982420,0
1625982480,0
1625982540,0
1625982600,0
1625982660,0
1625982720,1
1625982780,0
1625982840,1
1625982900,1
1625982960,1
1625983020,0
1625983080,0
1625983140,0
1625983200,0
1625983260,0
1625983320,0
1625983380,0
1625983440,0
1625983500,0
1625983560,0
1625983620,0
1625983680,0
1625983740,0
1625983800,0
1625983860,0
1625983920,0
1625983980,0
1625984040,0
1625984100,1
1625984160,0
1625984220,0
1625984280,0
1625984340,0
1625984400,0
1625984460,0
1625984520,0
1625984580,0
1625984640,0
1625984700,1
1625984760,0
1625984820,0
1625984880,0
1625984940,0
1625985000,0
1625985060,0
1625985120,0
1625985180,0
1625985240,0
1625985300,1
1625985360,0
1625985420,0
1625985480,0
1625985540,1
1625985600,1
1625985660,0
1625985720,1
1625985780,0
1625985840,0
1625985900,0
1625985960,0
1625986020,0
1625986080,0
1625986140,0
1625986200,0
1625986260,0
1625986320,1
1625986380,0
1625986440,1
1625986500,0
1625986560,0
1625986620,1
1625986680,1
1625986740,0
1625986800,0
1625986860,1
1625986920,0
1625986980,1
1625987040,0
1625987100,0
1625987160,0
1625987220,0
1625987280,0
1625987340,0
1625987400,0
1625987460,0
1625987520,0
1625987580,0
1625987640,0
1625987700,0
1625987760,1
1625987820,0
1625987880,0
1625987940,0
1625988000,0
1625988060,0
1625988120,0
1625988180,0
1625988240,1
1625988300,1
1625988360,0
1625988420,0
1625988480,0
1625988540,1
1625988600,0
1625988660,0
1625988720,1
1625988780,0
1625988840,1
1625988900,1
1625988960,0
1625989020,0
1625989080,0
1625989140,0
1625989200,0
1625989260,0
1625989320,0
1625989380,0
1625989440,0
1625989500,0
1625989560,0
1625989620,0
1625989680,0
1625989740,0
1625989800,0
1625989860,0
1625989920,0
1625989980,0
1625990040,0
1625990100,0
1625990160,0
1625990220,1
1625990280,0
1625990340,0
1625990400,0
1625990460,0
1625990520,0
1625990580,0
1625990640,0
1625990700,0
1625990760,0
1625990820,0
1625990880,0
1625990940,1
1625991000,1
1625991060,0
1625991120,0
1625991180,0
1625991240,1
1625991300,0
1625991360,0
1625991420,0
1625991480,0
1625991540,0
1625991600,0
1625991660,1
1625991720,0
1625991780,0
1625991840,0
1625991900,0
1625991960,0
1625992020,0
1625992080,0
1625992140,1
1625992200,0
1625992260,0
1625992320,0
1625992380,0
1625992440,0
1625992500,0
1625992560,0
1625992620,0
1625992680,0
1625992740,0
1625992800,0
1625992860,0
1625992920,0
1625992980,0
1625993040,0
1625993100,0
1625993160,0
1625993220,0
1625993280,1
1625993340,0
1625993400,0
1625993460,0
1625993520,0
1625993580,1
1625993640,0
1625993700,1
1625993760,0
1625993820,0
1625993880,1
1625993940,1
1625994000,0
1625994060,0
1625994120,0
1625994180,0
1625994240,0
1625994300,1
1625994360,1
1625994420,0
1625994480,0
1625994540,0
1625994600,0
1625994660,0
1625994720,0
1625994780,0
1625994840,0
1625994900,0
1625994960,0
1625995020,0
1625995080,1
1625995140,0
1625995200,0
1625995260,0
1625995320,0
1625995380,0
1625995440,0
1625995500,1
1625995560,1
1625995620,1
1625995680,1
1625995740,0
1625995800,0
1625995860,0
1625995920,0
1625995980,0
1625996040,1
1625996100,0
1625996160,0
1625996220,0
1625996280,0
1625996340,1
1625996400,0
1625996460,1
1625996520,1
1625996580,0
1625996640,0
1625996700,0
1625996760,0
1625996820,0
1625996880,0
1625996940,0
1625997000,1
1625997060,0
1625997120,0
1625997180,1
1625997240,0
1625997300,0
1625997360,0
1625997420,1
1625997480,1
1625997540,0
1625997600,0
1625997660,0
1625997720,0
1625997780,0
1625997840,0
1625997900,0
1625997960,0
1625998020,0
1625998080,0
1625998140,0
1625998200,0
1625998260,1
1625998320,0
1625998380,0
1625998440,0
1625998500,0
1625998560,1
1625998620,0
1625998680,1
1625998740,0
1625998800,0
1625998860,0
1625998920,0
1625998980,1
1625999040,1
1625999100,0
1625999160,0
1625999220,0
1625999280,0
1625999340,0
1625999400,1
1625999460,0
1625999520,0
1625999580,0
1625999640,0
1625999700,0
1625999760,0
1625999820,1
1625999880,0
1625999940,0
1626000000,0
1626000060,0
1626000120,0
1626000180,1
1626000240,0
1626000300,0
1626000360,0
1626000420,1
1626000480,0
1626000540,0
1626000600,0
1626000660,0
1626000720,0
1626000780,1
1626000840,1
1626000900,1
1626000960,1
1626001020,1
1626001080,1
1626001140,1
1626001200,1
1626001260,1
1626001320,1
1626001380,1
1626001440,1
1626001500,0
1626001560,1
1626001620,0
1626001680,0
1626001740,0
1626001800,0
1626001860,0
1626001920,1
1626001980,1
1626002040,1
1626002100,0
1626002160,0
1626002220,0
1626002280,0
1626002340,0
1626002400,1
1626002460,0
1626002520,0
1626002580,0
1626002640,0
1626002700,0
1626002760,0
1626002820,1
1626002880,0
1626002940,0
1626003000,0
1626003060,1
1626003120,0
1626003180,0
1626003240,1
1626003300,1
1626003360,0
1626003420,0
1626003480,1
1626003540,1
1626003600,0
1626003660,0
1626003720,0
1626003780,1
1626003840,0
1626003900,0
1626003960,0
1626004020,0
1626004080,0
1626004140,0
1626004200,1
1626004260,0
1626004320,0
1626004380,0
1626004440,0
1626004500,0
1626004560,0
1626004620,1
1626004680,1
1626004740,0
1626004800,0
1626004860,1
1626004920,0
1626004980,0
1626005040,1
1626005100,0
1626005160,1
1626005220,0
1626005280,1
1626005340,0
1626005400,0
1626005460,0
1626005520,0
1626005580,1
1626005640,0
1626005700,0
1626005760,0
1626005820,0
1626005880,1
1626005940,0
1626006000,0
1626006060,0
1626006120,0
1626006180,0
1626006240,1
1626006300,0
1626006360,1
1626006420,1
1626006480,0
1626006540,0
1626006600,1
1626006660,1
1626006720,0
1626006780,0
1626006840,0
1626006900,0
1626006960,1
1626007020,0
1626007080,0
1626007140,0
1626007200,0
1626007260,0
1626007320,0
1626007380,0
1626007440,0
1626007500,0
1626007560,0
1626007620,0
1626007680,0
1626007740,0
1626007800,0
1626007860,0
1626007920,0
1626007980,0
1626008040,0
1626008100,0
1626008160,0
1626008220,0
1626008280,1
1626008340,0
1626008400,0
1626008460,0
1626008520,0
1626008580,0
1626008640,1
1626008700,0
1626008760,0
1626008820,0
1626008880,1
1626008940,1
1626009000,0
1626009060,0
1626009120,0
1626009180,1
1626009240,0
1626009300,0
1626009360,0
1626009420,0
1626009480,1
1626009540,1
1626009600,1
1626009660,0
1626009720,1
1626009780,0
1626009840,0
1626009900,0
1626009960,0
1626010020,0
1626010080,1
1626010140,0
1626010200,0
1626010260,0
1626010320,0
1626010380,0
1626010440,0
1626010500,0
1626010560,0
1626010620,0
1626010680,0
1626010740,0
1626010800,1
1626010860,1
1626010920,1
1626010980,0
1626011040,1
1626011100,1
1626011160,0
1626011220,0
1626011280,1
1626011340,0
1626011400,0
1626011460,0
1626011520,0
1626011580,0
1626011640,0
1626011700,0
1626011760,0
1626011820,0
1626011880,0
1626011940,0
1626012000,0
1626012060,1
1626012120,0
1626012180,0
1626012240,0
1626012300,0
1626012360,0
1626012420,1
1626012480,0
1626012540,0
1626012600,0
1626012660,0
1626012720,0
1626012780,0
1626012840,0
1626012900,0
1626012960,0
1626013020,1
1626013080,0
1626013140,1
1626013200,0
1626013260,0
1626013320,0
1626013380,1
1626013440,0
1626013500,1
1626013560,1
1626013620,0
1626013680,0
1626013740,0
1626013800,0
1626013860,0
1626013920,0
1626013980,0
1626014040,0
1626014100,0
1626014160,0
1626014220,0
1626014280,0
1626014340,0
1626014400,0
1626014460,1
1626014520,0
1626014580,1
1626014640,1
1626014700,0
1626014760,1
1626014820,0
1626014880,0
1626014940,1
1626015000,0
1626015060,0
1626015120,0
1626015180,0
1626015240,0
1626015300,0
1626015360,0
1626015420,0
1626015480,1
1626015540,0
1626015600,0
1626015660,0
1626015720,0
1626015780,0
1626015840,1
1626015900,0
1626015960,1
1626016020,1
1626016080,0
1626016140,1
1626016200,0
1626016260,0
1626016320,0
1626016380,0
1626016440,0
1626016500,0
1626016560,0
1626016620,0
1626016680,0
1626016740,0
1626016800,0
1626016860,0
1626016920,0
1626016980,0
1626017040,0
1626017100,0
1626017160,1
1626017220,0
1626017280,0
1626017340,0
1626017400,0
1626017460,0
1626017520,0
1626017580,0
1626017640,0
1626017700,1
1626017760,1
1626017820,0
1626017880,0
1626017940,1
1626018000,1
1626018060,0
1626018120,0
1626018180,0
1626018240,0
1626018300,0
1626018360,0
1626018420,0
1626018480,1
1626018540,0
1626018600,0
1626018660,0
1626018720,0
1626018780,0
1626018840,0
1626018900,0
1626018960,0
1626019020,0
1626019080,0
1626019140,0
1626019200,0
1626019260,0
1626019320,1
1626019380,0
1626019440,0
1626019500,0
1626019560,0
1626019620,0
1626019680,0
1626019740,0
1626019800,0
1626019860,0
1626019920,0
1626019980,0
1626020040,1
1626020100,0
1626020160,0
1626020220,0
1626020280,0
1626020340,0
1626020400,1
1626020460,1
1626020520,0
1626020580,1
1626020640,0
1626020700,0
1626020760,0
1626020820,0
1626020880,0
1626020940,0
1626021000,0
1626021060,0
1626021120,0
1626021180,0
1626021240,0
1626021300,1
1626021360,1
1626021420,0
1626021480,0
1626021540,0
1626021600,1
1626021660,1
1626021720,0
1626021780,1
1626021840,0
1626021900,0
1626021960,0
1626022020,0
1626022080,0
1626022140,0
1626022200,0
1626022260,0
1626022320,0
1626022380,0
1626022440,0
1626022500,0
1626022560,0
1626022620,0
1626022680,0
1626022740,0
1626022800,0
1626022860,0
1626022920,0
1626022980,0
1626023040,1
1626023100,0
1626023160,0
1626023220,0
1626023280,0
1626023340,0
1626023400,0
1626023460,0
1626023520,0
1626023580,0
1626023640,0
1626023700,0
1626023760,0
1626023820,0
1626023880,0
1626023940,0
1626024000,1
1626024060,0
1626024120,0
1626024180,0
1626024240,0
1626024300,0
1626024360,1
1626024420,0
1626024480,0
1626024540,0
1626024600,1
1626024660,0
1626024720,0
1626024780,0
1626024840,0
1626024900,0
1626024960,0
1626025020,0
1626025080,0
1626025140,0
1626025200,0
1626025260,0
1626025320,0
1626025380,1
1626025440,0
1626025500,0
1626025560,0
1626025620,0
1626025680,0
1626025740,0
1626025800,0
1626025860,0
1626025920,0
1626025980,1
1626026040,1
1626026100,0
1626026160,0
1626026220,0
1626026280,0
1626026340,0
1626026400,1
1626026460,0
1626026520,0
1626026580,0
1626026640,1
1626026700,0
1626026760,1
1626026820,0
1626026880,0
1626026940,0
1626027000,1
1626027060,0
1626027120,1
1626027180,0
1626027240,0
1626027300,1
1626027360,1
1626027420,0
1626027480,0
1626027540,0
1626027600,0
1626027660,0
1626027720,0
1626027780,0
1626027840,0
1626027900,0
1626027960,0
1626028020,0
1626028080,0
1626028140,0
1626028200,0
1626028260,0
1626028320,1
1626028380,1
1626028440,0
1626028500,0
1626028560,0
1626028620,0
1626028680,0
1626028740,0
1626028800,0
1626028860,0
1626028920,0
1626028980,0
1626029040,0
1626029100,0
1626029160,0
1626029220,1
1626029280,0
1626029340,0
1626029400,0
1626029460,1
1626029520,0
1626029580,0
1626029640,0
1626029700,0
1626029760,0
1626029820,0
1626029880,0
1626029940,0
1626030000,0
1626030060,0
1626030120,1
1626030180,1
1626030240,1
1626030300,0
1626030360,0
1626030420,0
1626030480,0
1626030540,0
1626030600,0
1626030660,0
1626030720,0
1626030780,0
1626030840,1
1626030900,1
1626030960,0
1626031020,0
1626031080,0
1626031140,1
1626031200,0
1626031260,1
1626031320,1
1626031380,1
1626031440,1
1626031500,0
1626031560,0
1626031620,0
1626031680,0
1626031740,1
1626031800,0
1626031860,0
1626031920,0
1626031980,0
1626032040,1
1626032100,0
1626032160,0
1626032220,1
1626032280,0
1626032340,1
1626032400,1
1626032460,1
1626032520,1
1626032580,1
1626032640,1
1626032700,1
1626032760,1
1626032820,1
1626032880,1
1626032940,1
1626033000,1
1626033060,1
1626033120,1
1626033180,1
1626033240,0
1626033300,0
1626033360,1
1626033420,0
1626033480,0
1626033540,0
1626033600,0
1626033660,0
1626033720,0
1626033780,0
1626033840,0
1626033900,0
1626033960,0
1626034020,0
1626034080,0
1626034140,0
1626034200,0
1626034260,0
1626034320,0
1626034380,1
1626034440,1
1626034500,0
1626034560,0
1626034620,0
1626034680,0
1626034740,0
1626034800,0
1626034860,0
1626034920,0
1626034980,0
1626035040,0
1626035100,0
1626035160,0
1626035220,1
1626035280,0
1626035340,0
1626035400,0
1626035460,0
1626035520,0
1626035580,0
1626035640,0
1626035700,0
1626035760,0
1626035820,0
1626035880,0
1626035940,0
1626036000,0
1626036060,1
1626036120,0
1626036180,0
1626036240,0
1626036300,0
1626036360,0
1626036420,0
1626036480,1
1626036540,1
1626036600,0
1626036660,0
1626036720,0
1626036780,0
1626036840,0
1626036900,0
1626036960,1
1626037020,1
1626037080,0
1626037140,1
1626037200,0
1626037260,0
1626037320,0
1626037380,0
1626037440,0
1626037500,0
1626037560,0
1626037620,0
1626037680,0
1626037740,0
1626037800,0
1626037860,0
1626037920,0
1626037980,1
1626038040,0
1626038100,0
1626038160,0
1626038220,0
1626038280,0
1626038340,0
1626038400,0
1626038460,0
1626038520,0
1626038580,0
1626038640,0
1626038700,1
1626038760,0
1626038820,0
1626038880,0
1626038940,0
1626039000,0
1626039060,0
1626039120,0
1626039180,0
1626039240,0
1626039300,0
1626039360,0
1626039420,1
1626039480,1
1626039540,0
1626039600,0
1626039660,0
1626039720,0
1626039780,1
1626039840,0
1626039900,0
1626039960,0
1626040020,1
1626040080,0
1626040140,0
1626040200,0
1626040260,0
1626040320,0
1626040380,0
1626040440,0
1626040500,0
1626040560,0
1626040620,0
1626040680,0
1626040740,0
1626040800,0
1626040860,0
1626040920,0
1626040980,1
1626041040,1
1626041100,1
1626041160,0
1626041220,0
1626041280,0
1626041340,0
1626041400,0
1626041460,0
1626041520,0
1626041580,0
1626041640,0
1626041700,1
1626041760,0
1626041820,0
1626041880,0
1626041940,0
1626042000,1
1626042060,0
1626042120,1
1626042180,1
1626042240,1
1626042300,0
1626042360,0
1626042420,0
1626042480,0
1626042540,0
1626042600,0
1626042660,0
1626042720,0
1626042780,0
1626042840,0
1626042900,0
1626042960,0
1626043020,0
1626043080,1
1626043140,0
1626043200,0
1626043260,0
1626043320,0
1626043380,0
1626043440,0
1626043500,0
1626043560,0
1626043620,0
1626043680,0
1626043740,0
1626043800,0
1626043860,0
1626043920,0
1626043980,0
1626044040,1
1626044100,1
1626044160,1
1626044220,0
1626044280,0
1626044340,0
1626044400,0
1626044460,1
1626044520,0
1626044580,0
1626044640,1
1626044700,0
1626044760,0
1626044820,0
1626044880,0
1626044940,0
1626045000,1
1626045060,0
1626045120,0
1626045180,0
1626045240,0
1626045300,0
1626045360,0
1626045420,0
1626045480,0
1626045540,0
1626045600,0
1626045660,0
1626045720,0
1626045780,0
1626045840,0
1626045900,0
1626045960,0
1626046020,0
1626046080,0
1626046140,0
1626046200,1
1626046260,1
1626046320,1
1626046380,0
1626046440,1
1626046500,0
1626046560,0
1626046620,0
1626046680,0
1626046740,0
1626046800,0
1626046860,1
1626046920,0
1626046980,0
1626047040,0
1626047100,0
1626047160,0
1626047220,0
1626047280,0
1626047340,0
1626047400,1
1626047460,1
1626047520,0
1626047580,1
1626047640,0
1626047700,0
1626047760,0
1626047820,0
1626047880,0
1626047940,0
1626048000,0
1626048060,0
1626048120,0
1626048180,0
1626048240,0
1626048300,1
1626048360,0
1626048420,0
1626048480,0
1626048540,0
1626048600,0
1626048660,0
1626048720,0
1626048780,0
1626048840,0
1626048900,0
1626048960,0
1626049020,0
1626049080,0
1626049140,0
1626049200,0
1626049260,0
1626049320,0
1626049380,1
1626049440,0
1626049500,0
1626049560,0
1626049620,0
1626049680,1
1626049740,0
1626049800,0
1626049860,0
1626049920,0
1626049980,0
1626050040,0
1626050100,0
1626050160,0
1626050220,0
1626050280,0
1626050340,0
1626050400,1
1626050460,1
1626050520,0
1626050580,0
1626050640,0
1626050700,0
1626050760,1
1626050820,1
1626050880,0
1626050940,0
1626051000,0
1626051060,1
1626051120,1
1626051180,0
1626051240,0
1626051300,0
1626051360,0
1626051420,0
1626051480,0
1626051540,1
1626051600,0
1626051660,0
1626051720,1
1626051780,1
1626051840,0
1626051900,0
1626051960,0
1626052020,0
1626052080,0
1626052140,0
1626052200,0
1626052260,0
1626052320,0
1626052380,0
1626052440,0
1626052500,0
1626052560,1
1626052620,0
1626052680,0
1626052740,0
1626052800,0
1626052860,0
1626052920,1
1626052980,1
1626053040,1
1626053100,0
1626053160,0
1626053220,0
1626053280,0
1626053340,0
1626053400,0
1626053460,0
1626053520,0
1626053580,0
1626053640,0
1626053700,0
1626053760,0
1626053820,0
1626053880,0
1626053940,0
1626054000,0
1626054060,0
1626054120,0
1626054180,0
1626054240,0
1626054300,0
1626054360,0
1626054420,1
1626054480,0
1626054540,1
1626054600,1
1626054660,0
1626054720,0
1626054780,1
1626054840,0
1626054900,0
1626054960,0
1626055020,0
1626055080,0
1626055140,0
1626055200,0
1626055260,0
1626055320,1
1626055380,0
1626055440,0
1626055500,0
1626055560,0
1626055620,0
1626055680,0
1626055740,0
1626055800,0
1626055860,0
1626055920,1
1626055980,0
1626056040,0
1626056100,0
1626056160,0
1626056220,0
1626056280,0
1626056340,0
1626056400,0
1626056460,0
1626056520,0
1626056580,0
1626056640,0
1626056700,0
1626056760,0
1626056820,1
1626056880,1
1626056940,0
1626057000,0
1626057060,0
1626057120,0
1626057180,0
1626057240,1
1626057300,0
1626057360,0
1626057420,0
1626057480,0
1626057540,0
1626057600,0
1626057660,0
1626057720,0
1626057780,0
1626057840,0
1626057900,1
1626057960,0
1626058020,0
1626058080,0
1626058140,0
1626058200,0
1626058260,0
1626058320,0
1626058380,0
1626058440,0
1626058500,0
1626058560,0
1626058620,0
1626058680,0
1626058740,0
1626058800,0
1626058860,1
1626058920,0
1626058980,0
1626059040,0
1626059100,0
1626059160,0
1626059220,0
1626059280,0
1626059340,0
1626059400,0
1626059460,0
1626059520,0
1626059580,0
1626059640,0
1626059700,0
1626059760,0
1626059820,1
1626059880,0
1626059940,1
1626060000,0
1626060060,0
1626060120,0
1626060180,0
1626060240,0
1626060300,0
1626060360,0
1626060420,0
1626060480,0
1626060540,0
1626060600,0
1626060660,0
1626060720,1
1626060780,0
1626060840,1
1626060900,1
1626060960,0
1626061020,0
1626061080,0
1626061140,0
1626061200,0
1626061260,0
1626061320,0
1626061380,0
1626061440,0
1626061500,0
1626061560,0
1626061620,0
1626061680,0
1626061740,0
1626061800,0
1626061860,0
1626061920,0
1626061980,0
1626062040,0
1626062100,1
1626062160,0
1626062220,0
1626062280,0
1626062340,0
1626062400,0
1626062460,0
1626062520,0
1626062580,0
1626062640,0
1626062700,0
1626062760,0
1626062820,0
1626062880,0
1626062940,0
1626063000,0
1626063060,1
1626063120,0
1626063180,1
1626063240,1
1626063300,1
1626063360,0
1626063420,0
1626063480,0
1626063540,0
1626063600,1
1626063660,1
1626063720,0
1626063780,0
1626063840,0
1626063900,0
1626063960,0
1626064020,0
1626064080,0
1626064140,0
1626064200,0
1626064260,1
1626064320,1
1626064380,0
1626064440,0
1626064500,0
1626064560,0
1626064620,1
1626064680,1
1626064740,0
1626064800,0
1626064860,0
1626064920,0
1626064980,0
1626065040,0
1626065100,0
1626065160,0
1626065220,1
1626065280,1
1626065340,0
1626065400,0
1626065460,1
1626065520,0
1626065580,0
1626065640,0
1626065700,0
1626065760,0
1626065820,0
1626065880,0
1626065940,0
1626066000,0
1626066060,0
1626066120,0
1626066180,0
1626066240,1
1626066300,1
1626066360,1
1626066420,1
1626066480,0
1626066540,0
1626066600,0
1626066660,1
1626066720,0
1626066780,0
1626066840,0
1626066900,0
1626066960,0
1626067020,0
1626067080,0
1626067140,0
1626067200,0
1626067260,1
1626067320,0
1626067380,0
1626067440,0
1626067500,0
1626067560,0
1626067620,0
1626067680,0
1626067740,0
1626067800,1
1626067860,0
1626067920,0
1626067980,1
1626068040,0
1626068100,0
1626068160,1
1626068220,0
1626068280,0
1626068340,0
1626068400,0
1626068460,0
1626068520,0
1626068580,0
1626068640,0
1626068700,1
1626068760,0
1626068820,0
1626068880,0
1626068940,0
1626069000,0
1626069060,1
1626069120,1
1626069180,0
1626069240,0
1626069300,0
1626069360,0
1626069420,0
1626069480,0
1626069540,0
1626069600,0
1626069660,0
1626069720,0
1626069780,1
1626069840,0
1626069900,0
1626069960,0
1626070020,0
1626070080,0
1626070140,0
1626070200,0
1626070260,0
1626070320,0
1626070380,0
1626070440,0
1626070500,0
1626070560,1
1626070620,0
1626070680,1
1626070740,0
1626070800,0
1626070860,0
1626070920,0
1626070980,0
1626071040,0
1626071100,0
1626071160,0
1626071220,0
1626071280,0
1626071340,0
1626071400,0
1626071460,0
1626071520,0
1626071580,0
1626071640,0
1626071700,0
1626071760,0
1626071820,0
1626071880,0
1626071940,0
1626072000,0
1626072060,0
1626072120,0
1626072180,0
1626072240,1
1626072300,0
1626072360,0
1626072420,0
1626072480,0
1626072540,0
1626072600,0
1626072660,0
1626072720,0
1626072780,0
1626072840,0
1626072900,0
1626072960,1
1626073020,0
1626073080,0
1626073140,0
1626073200,0
1626073260,1
1626073320,0
1626073380,0
1626073440,0
1626073500,0
1626073560,0
1626073620,0
1626073680,0
1626073740,0
1626073800,0
1626073860,0
1626073920,0
1626073980,0
1626074040,0
1626074100,0
1626074160,0
1626074220,0
1626074280,1
1626074340,1
1626074400,0
1626074460,0
1626074520,1
1626074580,1
1626074640,0
1626074700,0
1626074760,0
1626074820,0
1626074880,1
1626074940,0
1626075000,0
1626075060,0
1626075120,0
1626075180,0
1626075240,0
1626075300,0
1626075360,0
1626075420,0
1626075480,0
1626075540,0
1626075600,0
1626075660,0
1626075720,0
1626075780,0
1626075840,0
1626075900,0
1626075960,0
1626076020,1
1626076080,0
1626076140,0
1626076200,0
1626076260,0
1626076320,0
1626076380,0
1626076440,0
1626076500,1
1626076560,0
1626076620,1
1626076680,1
1626076740,0
1626076800,0
1626076860,0
1626076920,0
1626076980,1
1626077040,0
1626077100,0
1626077160,0
1626077220,0
1626077280,0
1626077340,0
1626077400,0
1626077460,0
1626077520,0
1626077580,0
1626077640,0
1626077700,0
1626077760,0
1626077820,0
1626077880,0
1626077940,0
1626078000,0
1626078060,0
1626078120,0
1626078180,0
1626078240,0
1626078300,0
1626078360,0
1626078420,0
1626078480,0
1626078540,0
1626078600,0
1626078660,1
1626078720,1
1626078780,0
1626078840,0
1626078900,0
1626078960,0
1626079020,0
1626079080,0
1626079140,0
1626079200,0
1626079260,0
1626079320,0
1626079380,0
1626079440,1
1626079500,1
1626079560,0
1626079620,0
1626079680,0
1626079740,0
1626079800,0
1626079860,0
1626079920,0
1626079980,0
1626080040,0
1626080100,0
1626080160,0
1626080220,0
1626080280,0
1626080340,0
1626080400,0
1626080460,0
1626080520,0
1626080580,0
1626080640,1
1626080700,0
1626080760,0
1626080820,0
1626080880,0
1626080940,0
1626081000,1
1626081060,0
1626081120,0
1626081180,0
1626081240,0
1626081300,0
1626081360,0
1626081420,0
1626081480,0
1626081540,0
1626081600,1
1626081660,0
1626081720,0
1626081780,0
1626081840,0
1626081900,0
1626081960,0
1626082020,1
1626082080,0
1626082140,0
1626082200,0
1626082260,0
1626082320,0
1626082380,0
1626082440,0
1626082500,0
1626082560,0
1626082620,0
1626082680,1
1626082740,1
1626082800,0
1626082860,0
1626082920,0
1626082980,0
1626083040,0
1626083100,0
1626083160,0
1626083220,0
1626083280,1
1626083340,0
1626083400,0
1626083460,0
1626083520,0
1626083580,0
1626083640,0
1626083700,1
1626083760,0
1626083820,0
1626083880,0
1626083940,0
1626084000,0
1626084060,0
1626084120,0
1626084180,0
1626084240,1
1626084300,0
1626084360,0
1626084420,1
1626084480,0
1626084540,0
1626084600,0
1626084660,0
1626084720,1
1626084780,0
1626084840,0
1626084900,0
1626084960,1
1626085020,0
1626085080,0
1626085140,0
1626085200,0
1626085260,0
1626085320,1
1626085380,1
1626085440,0
1626085500,0
1626085560,0
1626085620,1
1626085680,1
1626085740,1
1626085800,0
1626085860,0
1626085920,0
1626085980,0
1626086040,0
1626086100,0
1626086160,0
1626086220,0
1626086280,0
1626086340,0
1626086400,1
1626086460,0
1626086520,1
1626086580,0
1626086640,1
1626086700,1
1626086760,1
1626086820,0
1626086880,0
1626086940,0
1626087000,0
1626087060,1
1626087120,0
1626087180,0
1626087240,0
1626087300,0
1626087360,0
1626087420,0
1626087480,1
1626087540,1
1626087600,0
1626087660,0
1626087720,0
1626087780,0
1626087840,0
1626087900,1
1626087960,0
1626088020,0
1626088080,0
1626088140,0
1626088200,0
1626088260,0
1626088320,0
1626088380,0
1626088440,0
1626088500,0
1626088560,0
1626088620,0
1626088680,0
1626088740,0
1626088800,1
1626088860,0
1626088920,0
1626088980,0
1626089040,1
1626089100,0
1626089160,0
1626089220,0
1626089280,0
1626089340,0
1626089400,0
1626089460,0
1626089520,1
1626089580,1
1626089640,0
1626089700,0
1626089760,0
1626089820,0
1626089880,0
1626089940,1
1626090000,1
1626090060,1
1626090120,0
1626090180,0
1626090240,0
1626090300,0
1626090360,0
1626090420,0
1626090480,0
1626090540,0
1626090600,0
1626090660,1
1626090720,1
1626090780,0
1626090840,0
1626090900,0
1626090960,0
1626091020,0
1626091080,0
1626091140,0
1626091200,0
1626091260,0
1626091320,0
1626091380,0
1626091440,0
1626091500,1
1626091560,0
1626091620,0
1626091680,0
1626091740,0
1626091800,0
1626091860,0
1626091920,0
1626091980,0
1626092040,1
1626092100,0
1626092160,0
1626092220,1
1626092280,0
1626092340,1
1626092400,0
1626092460,0
1626092520,0
1626092580,1
1626092640,0
1626092700,0
1626092760,0
1626092820,0
1626092880,0
1626092940,0
1626093000,0
1626093060,0
1626093120,0
1626093180,0
1626093240,0
1626093300,0
1626093360,0
1626093420,0
1626093480,0
1626093540,0
1626093600,0
1626093660,0
1626093720,0
1626093780,1
1626093840,0
1626093900,0
1626093960,0
1626094020,0
1626094080,0
1626094140,0
1626094200,1
1626094260,0
1626094320,0
1626094380,1
1626094440,1
1626094500,0
1626094560,1
1626094620,1
1626094680,0
1626094740,0
1626094800,0
1626094860,0
1626094920,0
1626094980,1
1626095040,1
1626095100,0
1626095160,0
1626095220,0
1626095280,0
1626095340,0
1626095400,0
1626095460,0
1626095520,1
1626095580,1
1626095640,0
1626095700,0
1626095760,0
1626095820,0
1626095880,0
1626095940,0
1626096000,1
1626096060,0
1626096120,0
1626096180,1
1626096240,0
1626096300,0
1626096360,0
1626096420,1
1626096480,1
1626096540,0
1626096600,0
1626096660,1
1626096720,0
1626096780,0
1626096840,1
1626096900,1
1626096960,0
1626097020,0
1626097080,0
1626097140,0
1626097200,0
1626097260,0
1626097320,0
1626097380,1
1626097440,0
1626097500,1
1626097560,0
1626097620,0
1626097680,0
1626097740,0
1626097800,0
1626097860,0
1626097920,0
1626097980,0
1626098040,1
1626098100,0
1626098160,0
1626098220,1
1626098280,0
1626098340,0
1626098400,0
1626098460,0
1626098520,0
1626098580,0
1626098640,0
1626098700,0
1626098760,0
1626098820,1
1626098880,0
1626098940,1
1626099000,1
1626099060,1
1626099120,1
1626099180,1
1626099240,1
1626099300,1
1626099360,1
1626099420,1
1626099480,1
1626099540,1
1626099600,0
1626099660,0
1626099720,0
1626099780,0
1626099840,0
1626099900,1
1626099960,1
1626100020,0
1626100080,1
1626100140,0
1626100200,0
1626100260,0
1626100320,0
1626100380,0
1626100440,1
1626100500,0
1626100560,0
1626100620,0
1626100680,0
1626100740,0
1626100800,1
1626100860,0
1626100920,0
1626100980,0
1626101040,1
1626101100,0
1626101160,0
1626101220,0
1626101280,0
1626101340,0
1626101400,1
1626101460,1
1626101520,0
1626101580,1
1626101640,1
1626101700,0
1626101760,1
1626101820,1
1626101880,0
1626101940,0
1626102000,0
1626102060,0
1626102120,1
1626102180,0
1626102240,0
1626102300,0
1626102360,1
1626102420,1
1626102480,1
1626102540,0
1626102600,1
1626102660,1
1626102720,1
1626102780,1
1626102840,1
1626102900,1
1626102960,1
1626103020,1
1626103080,1
1626103140,1
1626103200,1
1626103260,0
1626103320,0
1626103380,1
1626103440,0
1626103500,0
1626103560,0
1626103620,0
1626103680,0
1626103740,1
1626103800,0
1626103860,0
1626103920,0
1626103980,1
1626104040,0
1626104100,0
1626104160,0
1626104220,0
1626104280,0
1626104340,0
1626104400,0
1626104460,0
1626104520,1
1626104580,0
1626104640,0
1626104700,1
1626104760,0
1626104820,0
1626104880,1
1626104940,0
1626105000,1
1626105060,0
1626105120,0
1626105180,0
1626105240,0
1626105300,0
1626105360,0
1626105420,0
1626105480,1
1626105540,0
1626105600,1
1626105660,0
1626105720,0
1626105780,1
1626105840,0
1626105900,0
1626105960,0
1626106020,0
1626106080,0
1626106140,0
1626106200,1
1626106260,1
1626106320,0
1626106380,0
1626106440,0
1626106500,0
1626106560,0
1626106620,0
1626106680,0
1626106740,0
1626106800,0
1626106860,0
1626106920,1
1626106980,1
1626107040,0
1626107100,0
1626107160,0
1626107220,0
1626107280,1
1626107340,0
1626107400,0
1626107460,1
1626107520,0
1626107580,0
1626107640,0
1626107700,0
1626107760,0
1626107820,1
1626107880,0
1626107940,0
1626108000,0
1626108060,0
1626108120,0
1626108180,1
1626108240,0
1626108300,0
1626108360,1
1626108420,1
1626108480,1
1626108540,0
1626108600,0
1626108660,0
1626108720,0
1626108780,1
1626108840,1
1626108900,1
1626108960,0
1626109020,0
1626109080,0
1626109140,1
1626109200,0
1626109260,0
1626109320,0
1626109380,0
1626109440,1
1626109500,1
1626109560,0
1626109620,0
1626109680,0
1626109740,0
1626109800,0
1626109860,0
1626109920,0
1626109980,0
1626110040,0
1626110100,0
1626110160,1
1626110220,1
1626110280,0
1626110340,0
1626110400,0
1626110460,1
1626110520,0
1626110580,0
1626110640,1
1626110700,1
1626110760,0
1626110820,0
1626110880,0
1626110940,0
1626111000,0
1626111060,0
1626111120,0
1626111180,0
1626111240,0
1626111300,1
1626111360,0
1626111420,0
1626111480,0
1626111540,0
1626111600,0
1626111660,1
1626111720,0
1626111780,1
1626111840,1
1626111900,0
1626111960,0
1626112020,0
1626112080,1
1626112140,1
1626112200,0
1626112260,0
1626112320,0
1626112380,0
1626112440,1
1626112500,1
1626112560,1
1626112620,1
1626112680,1
1626112740,0
1626112800,0
1626112860,0
1626112920,0
1626112980,0
1626113040,0
1626113100,0
1626113160,0
1626113220,1
1626113280,0
1626113340,0
1626113400,0
1626113460,0
1626113520,1
1626113580,0
1626113640,0
1626113700,1
1626113760,1
1626113820,0
1626113880,0
1626113940,0
1626114000,0
1626114060,0
1626114120,0
1626114180,1
1626114240,0
1626114300,0
1626114360,1
1626114420,1
1626114480,1
1626114540,0
1626114600,0
1626114660,0
1626114720,0
1626114780,0
1626114840,1
1626114900,0
1626114960,0
1626115020,0
1626115080,0
1626115140,0
1626115200,0
1626115260,0
1626115320,0
1626115380,1
1626115440,0
1626115500,0
1626115560,0
1626115620,0
1626115680,1
1626115740,0
1626115800,0
1626115860,0
1626115920,1
1626115980,0
1626116040,0
1626116100,0
1626116160,1
1626116220,1
1626116280,0
1626116340,0
1626116400,0
1626116460,1
1626116520,0
1626116580,1
1626116640,0
1626116700,1
1626116760,0
1626116820,0
1626116880,0
1626116940,1
1626117000,1
1626117060,0
1626117120,0
1626117180,1
1626117240,1
1626117300,0
1626117360,0
1626117420,0
1626117480,0
1626117540,0
1626117600,0
1626117660,0
1626117720,0
1626117780,0
1626117840,0
1626117900,0
1626117960,0
1626118020,0
1626118080,0
1626118140,0
1626118200,0
1626118260,0
1626118320,0
1626118380,0
1626118440,0
1626118500,0
1626118560,0
1626118620,0
1626118680,0
1626118740,0
1626118800,0
1626118860,1
1626118920,0
1626118980,0
1626119040,1
1626119100,0
1626119160,0
1626119220,1
1626119280,0
1626119340,1
1626119400,0
1626119460,0
1626119520,0
1626119580,0
1626119640,1
1626119700,1
1626119760,0
1626119820,0
1626119880,1
1626119940,0
1626120000,0
1626120060,0
1626120120,1
1626120180,0
1626120240,0
1626120300,0
1626120360,1
1626120420,1
1626120480,0
1626120540,1
1626120600,0
1626120660,1
1626120720,0
1626120780,0
1626120840,0
1626120900,0
1626120960,0
1626121020,1
1626121080,0
1626121140,0
1626121200,1
1626121260,1
1626121320,0
1626121380,0
1626121440,0
1626121500,0
1626121560,1
1626121620,1
1626121680,0
1626121740,0
1626121800,0
1626121860,0
1626121920,0
1626121980,0
1626122040,0
1626122100,1
1626122160,1
1626122220,0
1626122280,0
1626122340,0
1626122400,0
1626122460,0
1626122520,0
1626122580,0
1626122640,0
1626122700,1
1626122760,0
1626122820,0
1626122880,0
1626122940,0
1626123000,0
1626123060,0
1626123120,0
1626123180,0
1626123240,0
1626123300,0
1626123360,0
1626123420,0
1626123480,0
1626123540,0
1626123600,0
1626123660,0
1626123720,0
1626123780,0
1626123840,0
1626123900,0
1626123960,0
1626124020,0
1626124080,0
1626124140,1
1626124200,1
1626124260,0
1626124320,0
1626124380,0
1626124440,0
1626124500,0
1626124560,0
1626124620,0
1626124680,0
1626124740,1
1626124800,0
1626124860,0
1626124920,0
1626124980,0
1626125040,0
1626125100,0
1626125160,1
1626125220,0
1626125280,0
1626125340,0
1626125400,0
1626125460,0
1626125520,0
1626125580,0
1626125640,0
1626125700,1
1626125760,1
1626125820,0
1626125880,0
1626125940,0
1626126000,1
1626126060,0
1626126120,0
1626126180,0
1626126240,1
1626126300,0
1626126360,0
1626126420,0
1626126480,0
1626126540,0
1626126600,0
1626126660,0
1626126720,0
1626126780,0
1626126840,1
1626126900,0
1626126960,0
1626127020,0
1626127080,0
1626127140,0
1626127200,1
1626127260,0
1626127320,0
1626127380,0
1626127440,0
1626127500,0
1626127560,0
1626127620,0
1626127680,1
1626127740,0
1626127800,0
1626127860,0
1626127920,0
1626127980,0
1626128040,0
1626128100,0
1626128160,1
1626128220,0
1626128280,0
1626128340,1
1626128400,1
1626128460,1
1626128520,1
1626128580,1
1626128640,1
1626128700,1
1626128760,1
1626128820,1
1626128880,1
1626128940,1
1626129000,1
1626129060,0
1626129120,0
1626129180,0
1626129240,1
1626129300,0
1626129360,0
1626129420,0
1626129480,0
1626129540,0
1626129600,0
1626129660,0
1626129720,0
1626129780,0
1626129840,0
1626129900,1
1626129960,0
1626130020,0
1626130080,0
1626130140,0
1626130200,1
1626130260,1
1626130320,0
1626130380,1
1626130440,0
1626130500,0
1626130560,0
1626130620,0
1626130680,0
1626130740,0
1626130800,0
1626130860,0
1626130920,0
1626130980,0
1626131040,0
1626131100,1
1626131160,0
1626131220,0
1626131280,0
1626131340,0
1626131400,1
1626131460,1
1626131520,1
1626131580,0
1626131640,0
1626131700,0
1626131760,0
1626131820,1
1626131880,0
1626131940,0
1626132000,0
1626132060,0
1626132120,1
1626132180,0
1626132240,1
1626132300,1
1626132360,0
1626132420,0
1626132480,1
1626132540,0
1626132600,0
1626132660,0
1626132720,0
1626132780,0
1626132840,0
1626132900,0
1626132960,0
1626133020,0
1626133080,0
1626133140,0
1626133200,1
1626133260,0
1626133320,0
1626133380,0
1626133440,1
1626133500,1
1626133560,1
1626133620,0
1626133680,0
1626133740,0
1626133800,0
1626133860,0
1626133920,1
1626133980,1
1626134040,0
1626134100,0
1626134160,0
1626134220,0
1626134280,1
1626134340,0
1626134400,0
1626134460,0
1626134520,0
1626134580,0
1626134640,0
1626134700,1
1626134760,0
1626134820,0
1626134880,1
1626134940,0
1626135000,0
1626135060,0
1626135120,0
1626135180,1
1626135240,0
1626135300,0
1626135360,0
1626135420,0
1626135480,1
1626135540,1
1626135600,0
1626135660,0
1626135720,0
1626135780,0
1626135840,0
1626135900,1
1626135960,1
1626136020,0
1626136080,1
1626136140,1
1626136200,0
1626136260,0
1626136320,0
1626136380,0
1626136440,0
1626136500,0
1626136560,0
1626136620,0
1626136680,0
1626136740,0
1626136800,0
1626136860,0
1626136920,0
1626136980,0
1626137040,1
1626137100,1
1626137160,0
1626137220,0
1626137280,0
1626137340,1
1626137400,0
1626137460,0
1626137520,1
1626137580,1
1626137640,0
1626137700,1
1626137760,0
1626137820,0
1626137880,0
1626137940,0
1626138000,0
1626138060,1
1626138120,0
1626138180,1
1626138240,0
1626138300,0
1626138360,0
1626138420,0
1626138480,0
1626138540,0
1626138600,1
1626138660,0
1626138720,0
1626138780,1
1626138840,0
1626138900,0
1626138960,0
1626139020,0
1626139080,0
1626139140,0
1626139200,0
1626139260,0
1626139320,0
1626139380,0
1626139440,0
1626139500,1
1626139560,0
1626139620,0
1626139680,0
1626139740,1
1626139800,0
1626139860,0
1626139920,1
1626139980,0
1626140040,0
1626140100,0
1626140160,0
1626140220,0
1626140280,1
1626140340,0
1626140400,0
1626140460,0
1626140520,0
1626140580,0
1626140640,0
1626140700,0
1626140760,0
1626140820,0
1626140880,0
1626140940,0
1626141000,0
1626141060,0
1626141120,0
1626141180,1
1626141240,0
1626141300,0
1626141360,1
1626141420,0
1626141480,0
1626141540,0
1626141600,0
1626141660,0
1626141720,0
1626141780,0
1626141840,0
1626141900,0
1626141960,0
1626142020,0
1626142080,0
1626142140,1
1626142200,1
1626142260,0
1626142320,0
1626142380,0
1626142440,0
1626142500,0
1626142560,0
1626142620,0
1626142680,0
1626142740,0
1626142800,0
1626142860,0
1626142920,0
1626142980,0
1626143040,0
1626143100,0
1626143160,0
1626143220,0
1626143280,0
1626143340,0
1626143400,0
1626143460,0
1626143520,0
1626143580,0
1626143640,0
1626143700,0
1626143760,0
1626143820,0
1626143880,0
1626143940,0
1626144000,0
1626144060,0
1626144120,0
1626144180,0
1626144240,0
1626144300,0
1626144360,0
1626144420,0
1626144480,0
1626144540,0
1626144600,0
1626144660,0
1626144720,0
1626144780,0
1626144840,0
1626144900,1
1626144960,0
1626145020,0
1626145080,0
1626145140,0
1626145200,0
1626145260,0
1626145320,0
1626145380,0
1626145440,0
1626145500,0
1626145560,0
1626145620,0
1626145680,0
1626145740,0
1626145800,0
1626145860,0
1626145920,0
1626145980,0
1626146040,0
1626146100,0
1626146160,1
1626146220,0
1626146280,0
1626146340,0
1626146400,0
1626146460,0
1626146520,1
1626146580,0
1626146640,0
1626146700,1
1626146760,0
1626146820,1
1626146880,1
1626146940,0
1626147000,0
1626147060,0
1626147120,0
1626147180,0
1626147240,0
1626147300,0
1626147360,0
1626147420,0
1626147480,0
1626147540,0
1626147600,0
1626147660,0
1626147720,0
1626147780,1
1626147840,1
1626147900,1
1626147960,0
1626148020,0
1626148080,0
1626148140,0
1626148200,0
1626148260,0
1626148320,0
1626148380,0
1626148440,0
1626148500,0
1626148560,1
1626148620,0
1626148680,0
1626148740,0
1626148800,0
1626148860,0
1626148920,0
1626148980,0
1626149040,0
1626149100,0
1626149160,0
1626149220,0
1626149280,0
1626149340,1
1626149400,0
1626149460,0
1626149520,0
1626149580,0
1626149640,0
1626149700,0
1626149760,0
1626149820,1
1626149880,1
1626149940,0
1626150000,0
1626150060,0
1626150120,0
1626150180,0
1626150240,1
1626150300,1
1626150360,0
1626150420,0
1626150480,0
1626150540,0
1626150600,1
1626150660,1
1626150720,0
1626150780,0
1626150840,0
1626150900,0
1626150960,1
1626151020,0
1626151080,0
1626151140,0
1626151200,0
1626151260,0
1626151320,0
1626151380,1
1626151440,0
1626151500,0
1626151560,0
1626151620,0
1626151680,0
1626151740,1
1626151800,0
1626151860,0
1626151920,0
1626151980,0
1626152040,0
1626152100,0
1626152160,0
1626152220,0
1626152280,0
1626152340,0
1626152400,1
1626152460,0
1626152520,0
1626152580,0
1626152640,0
1626152700,0
1626152760,0
1626152820,0
1626152880,0
1626152940,0
1626153000,0
1626153060,0
1626153120,0
1626153180,0
1626153240,0
1626153300,1
1626153360,1
1626153420,0
1626153480,1
1626153540,0
1626153600,0
1626153660,0
1626153720,0
1626153780,0
1626153840,0
1626153900,0
1626153960,0
1626154020,0
1626154080,0
1626154140,0
1626154200,0
1626154260,0
1626154320,1
1626154380,1
1626154440,1
1626154500,0
1626154560,0
1626154620,0
1626154680,0
1626154740,0
1626154800,0
1626154860,0
1626154920,0
1626154980,0
1626155040,0
1626155100,1
1626155160,0
1626155220,1
1626155280,1
1626155340,0
1626155400,0
1626155460,0
1626155520,0
1626155580,0
1626155640,0
1626155700,0
1626155760,1
1626155820,0
1626155880,0
1626155940,0
1626156000,0
1626156060,0
1626156120,0
1626156180,0
1626156240,0
1626156300,0
1626156360,0
1626156420,0
1626156480,0
1626156540,1
1626156600,0
1626156660,0
1626156720,1
1626156780,1
1626156840,0
1626156900,0
1626156960,0
1626157020,0
1626157080,0
1626157140,1
1626157200,0
1626157260,0
1626157320,0
1626157380,0
1626157440,0
1626157500,0
1626157560,0
1626157620,0
1626157680,0
1626157740,0
1626157800,1
1626157860,0
1626157920,1
1626157980,0
1626158040,1
1626158100,1
1626158160,0
1626158220,0
1626158280,0
1626158340,0
1626158400,0
1626158460,0
1626158520,0
1626158580,0
1626158640,0
1626158700,0
1626158760,0
1626158820,0
1626158880,0
1626158940,1
1626159000,0
1626159060,0
1626159120,0
1626159180,0
1626159240,0
1626159300,0
1626159360,1
1626159420,1
1626159480,1
1626159540,0
1626159600,0
1626159660,0
1626159720,0
1626159780,0
1626159840,0
1626159900,0
1626159960,0
1626160020,0
1626160080,0
1626160140,0
1626160200,0
1626160260,0
1626160320,0
1626160380,0
1626160440,0
1626160500,0
1626160560,0
1626160620,0
1626160680,0
1626160740,0
1626160800,0
1626160860,0
1626160920,0
1626160980,0
1626161040,0
1626161100,0
1626161160,0
1626161220,0
1626161280,0
1626161340,0
1626161400,0
1626161460,0
1626161520,0
1626161580,0
1626161640,1
1626161700,0
1626161760,0
1626161820,0
1626161880,0
1626161940,0
1626162000,0
1626162060,0
1626162120,0
1626162180,0
1626162240,0
1626162300,0
1626162360,0
1626162420,0
1626162480,0
1626162540,0
1626162600,0
1626162660,0
1626162720,0
1626162780,0
1626162840,0
1626162900,0
1626162960,0
1626163020,1
1626163080,1
1626163140,0
1626163200,0
1626163260,0
1626163320,0
1626163380,0
1626163440,0
1626163500,0
1626163560,1
1626163620,0
1626163680,0
1626163740,1
1626163800,0
1626163860,0
1626163920,0
1626163980,0
1626164040,0
1626164100,1
1626164160,1
1626164220,0
1626164280,1
1626164340,0
1626164400,1
1626164460,1
1626164520,1
1626164580,1
1626164640,1
1626164700,0
1626164760,0
1626164820,0
1626164880,0
1626164940,0
1626165000,0
1626165060,1
1626165120,0
1626165180,0
1626165240,0
1626165300,0
1626165360,0
1626165420,1
1626165480,0
1626165540,0
1626165600,0
1626165660,0
1626165720,1
1626165780,1
1626165840,1
1626165900,0
1626165960,0
1626166020,1
1626166080,1
1626166140,0
1626166200,0
1626166260,0
1626166320,0
1626166380,0
1626166440,0
1626166500,0
1626166560,0
1626166620,1
1626166680,1
1626166740,0
1626166800,0
1626166860,0
1626166920,0
1626166980,0
1626167040,0
1626167100,0
1626167160,0
1626167220,1
1626167280,0
1626167340,0
1626167400,0
1626167460,0
1626167520,0
1626167580,0
1626167640,1
1626167700,0
1626167760,0
1626167820,0
1626167880,0
1626167940,0
1626168000,0
1626168060,0
1626168120,0
1626168180,0
1626168240,1
1626168300,1
1626168360,1
1626168420,0
1626168480,0
1626168540,0
1626168600,0
1626168660,0
1626168720,0
1626168780,0
1626168840,0
1626168900,0
1626168960,0
1626169020,1
1626169080,1
1626169140,1
1626169200,1
1626169260,1
1626169320,1
1626169380,1
1626169440,1
1626169500,1
1626169560,1
1626169620,1
1626169680,1
1626169740,0
1626169800,0
1626169860,0
1626169920,0
1626169980,0
1626170040,0
1626170100,0
1626170160,0
1626170220,0
1626170280,1
1626170340,0
1626170400,0
1626170460,0
1626170520,0
1626170580,0
1626170640,1
1626170700,0
1626170760,0
1626170820,0
1626170880,0
1626170940,0
1626171000,0
1626171060,1
1626171120,1
1626171180,0
1626171240,0
1626171300,0
1626171360,0
1626171420,0
1626171480,0
1626171540,0
1626171600,0
1626171660,0
1626171720,0
1626171780,0
1626171840,1
1626171900,0
1626171960,0
1626172020,0
1626172080,0
1626172140,0
1626172200,0
1626172260,0
1626172320,1
1626172380,1
1626172440,1
1626172500,1
1626172560,1
1626172620,1
1626172680,1
1626172740,1
1626172800,1
1626172860,1
1626172920,1
1626172980,0
1626173040,0
1626173100,1
1626173160,1
1626173220,1
1626173280,0
1626173340,1
1626173400,0
1626173460,0
1626173520,0
1626173580,0
1626173640,0
1626173700,0
1626173760,0
1626173820,0
1626173880,0
1626173940,0
1626174000,0
1626174060,0
1626174120,0
1626174180,0
1626174240,0
1626174300,0
1626174360,0
1626174420,1
1626174480,0
1626174540,0
1626174600,1
1626174660,0
1626174720,0
1626174780,1
1626174840,0
1626174900,0
1626174960,0
1626175020,0
1626175080,0
1626175140,0
1626175200,0
1626175260,0
1626175320,1
1626175380,1
1626175440,1
1626175500,0
1626175560,0
1626175620,1
1626175680,0
1626175740,0
1626175800,0
1626175860,0
1626175920,0
1626175980,1
1626176040,0
1626176100,0
1626176160,0
1626176220,0
1626176280,1
1626176340,0
1626176400,0
1626176460,0
1626176520,0
1626176580,0
1626176640,0
1626176700,0
1626176760,0
1626176820,0
1626176880,0
1626176940,0
1626177000,1
1626177060,0
1626177120,0
1626177180,0
1626177240,0
1626177300,0
1626177360,0
1626177420,0
1626177480,0
1626177540,0
1626177600,0
1626177660,1
1626177720,0
1626177780,0
1626177840,0
1626177900,1
1626177960,1
1626178020,1
1626178080,1
1626178140,0
1626178200,0
1626178260,0
1626178320,0
1626178380,0
1626178440,0
1626178500,0
1626178560,0
1626178620,0
1626178680,1
1626178740,0
1626178800,0
1626178860,0
1626178920,0
1626178980,0
1626179040,0
1626179100,1
1626179160,0
1626179220,1
1626179280,1
1626179340,0
1626179400,0
1626179460,0
1626179520,1
1626179580,0
1626179640,0
1626179700,0
1626179760,0
1626179820,0
1626179880,1
1626179940,0
1626180000,1
1626180060,0
1626180120,0
1626180180,1
1626180240,0
1626180300,0
1626180360,0
1626180420,0
1626180480,0
1626180540,0
1626180600,0
1626180660,0
1626180720,0
1626180780,0
1626180840,0
1626180900,0
1626180960,0
1626181020,0
1626181080,1
1626181140,1
1626181200,1
1626181260,0
1626181320,1
1626181380,1
1626181440,0
1626181500,0
1626181560,1
1626181620,0
1626181680,0
1626181740,1
1626181800,1
1626181860,0
1626181920,0
1626181980,0
1626182040,0
1626182100,0
1626182160,0
1626182220,1
1626182280,0
1626182340,0
1626182400,0
1626182460,0
1626182520,0
1626182580,1
1626182640,1
1626182700,0
1626182760,0
1626182820,0
1626182880,1
1626182940,0
1626183000,0
1626183060,0
1626183120,0
1626183180,0
1626183240,0
1626183300,0
1626183360,0
1626183420,0
1626183480,0
1626183540,0
1626183600,0
1626183660,0
1626183720,0
1626183780,0
1626183840,0
1626183900,1
1626183960,0
1626184020,0
1626184080,0
1626184140,0
1626184200,0
1626184260,0
1626184320,1
1626184380,1
1626184440,0
1626184500,0
1626184560,0
1626184620,1
1626184680,0
1626184740,0
1626184800,0
1626184860,1
1626184920,1
1626184980,0
1626185040,1
1626185100,0
1626185160,0
1626185220,0
1626185280,0
1626185340,1
1626185400,1
1626185460,0
1626185520,0
1626185580,0
1626185640,1
1626185700,0
1626185760,0
1626185820,0
1626185880,0
1626185940,0
1626186000,1
1626186060,0
1626186120,0
1626186180,1
1626186240,0
1626186300,0
1626186360,0
1626186420,1
1626186480,1
1626186540,0
1626186600,0
1626186660,0
1626186720,1
1626186780,1
1626186840,1
1626186900,1
1626186960,0
1626187020,0
1626187080,0
1626187140,0
1626187200,0
1626187260,0
1626187320,0
1626187380,0
1626187440,1
1626187500,0
1626187560,0
1626187620,0
1626187680,1
1626187740,0
1626187800,0
1626187860,0
1626187920,0
1626187980,0
1626188040,0
1626188100,0
1626188160,0
1626188220,0
1626188280,0
1626188340,0
1626188400,0
1626188460,1
1626188520,0
1626188580,0
1626188640,0
1626188700,0
1626188760,0
1626188820,0
1626188880,0
1626188940,1
1626189000,1
1626189060,0
1626189120,0
1626189180,0
1626189240,0
1626189300,0
1626189360,0
1626189420,0
1626189480,1
1626189540,0
1626189600,0
1626189660,0
1626189720,1
1626189780,0
1626189840,0
1626189900,0
1626189960,0
1626190020,0
1626190080,0
1626190140,0
1626190200,0
1626190260,0
1626190320,0
1626190380,0
1626190440,0
1626190500,0
1626190560,1
1626190620,1
1626190680,0
1626190740,0
1626190800,0
1626190860,0
1626190920,0
1626190980,1
1626191040,0
1626191100,0
1626191160,0
1626191220,0
1626191280,0
1626191340,1
1626191400,0
1626191460,1
1626191520,1
1626191580,1
1626191640,0
1626191700,1
1626191760,1
1626191820,0
1626191880,0
1626191940,0
1626192000,0
1626192060,0
1626192120,1
1626192180,1
1626192240,0
1626192300,0
1626192360,0
1626192420,0
1626192480,0
1626192540,0
1626192600,0
1626192660,0
1626192720,0
1626192780,0
1626192840,1
1626192900,0
1626192960,0
1626193020,0
1626193080,0
1626193140,0
1626193200,0
1626193260,0
1626193320,0
1626193380,0
1626193440,0
1626193500,0
1626193560,0
1626193620,0
1626193680,0
1626193740,0
1626193800,0
1626193860,0
1626193920,0
1626193980,0
1626194040,0
1626194100,0
1626194160,0
1626194220,0
1626194280,0
1626194340,0
1626194400,0
1626194460,0
1626194520,0
1626194580,1
1626194640,1
1626194700,0
1626194760,0
1626194820,1
1626194880,0
1626194940,1
1626195000,0
1626195060,0
1626195120,0
1626195180,0
1626195240,0
1626195300,0
1626195360,1
1626195420,0
1626195480,0
1626195540,0
1626195600,0
1626195660,0
1626195720,0
1626195780,0
1626195840,0
1626195900,0
1626195960,0
1626196020,0
1626196080,1
1626196140,0
1626196200,1
1626196260,0
1626196320,0
1626196380,0
1626196440,0
1626196500,1
1626196560,1
1626196620,0
1626196680,0
1626196740,0
1626196800,1
1626196860,0
1626196920,0
1626196980,0
1626197040,0
1626197100,1
1626197160,0
1626197220,0
1626197280,1
1626197340,0
1626197400,1
1626197460,0
1626197520,0
1626197580,0
1626197640,0
1626197700,1
1626197760,0
1626197820,0
1626197880,0
1626197940,0
1626198000,0
1626198060,0
1626198120,0
1626198180,0
1626198240,0
1626198300,0
1626198360,0
1626198420,0
1626198480,0
1626198540,0
1626198600,0
1626198660,0
1626198720,0
1626198780,0
1626198840,0
1626198900,0
1626198960,0
1626199020,0
1626199080,1
1626199140,1
1626199200,0
1626199260,0
1626199320,1
1626199380,0
1626199440,0
1626199500,0
1626199560,0
1626199620,0
1626199680,1
1626199740,0
1626199800,0
1626199860,0
1626199920,0
1626199980,0
1626200040,0
1626200100,0
1626200160,0
1626200220,0
1626200280,0
1626200340,0
1626200400,0
1626200460,0
1626200520,0
1626200580,0
1626200640,0
1626200700,0
1626200760,0
1626200820,0
1626200880,0
1626200940,1
1626201000,0
1626201060,0
1626201120,1
1626201180,0
1626201240,0
1626201300,0
1626201360,1
1626201420,0
1626201480,0
1626201540,1
1626201600,1
1626201660,0
1626201720,0
1626201780,0
1626201840,0
1626201900,0
1626201960,0
1626202020,0
1626202080,0
1626202140,0
1626202200,1
1626202260,0
1626202320,0
1626202380,0
1626202440,0
1626202500,0
1626202560,0
1626202620,0
1626202680,0
1626202740,1
1626202800,0
1626202860,0
1626202920,0
1626202980,0
1626203040,0
1626203100,0
1626203160,0
1626203220,0
1626203280,0
1626203340,0
1626203400,0
1626203460,0
1626203520,0
1626203580,0
1626203640,0
1626203700,0
1626203760,1
1626203820,0
1626203880,0
1626203940,0
1626204000,0
1626204060,0
1626204120,0
1626204180,0
1626204240,0
1626204300,0
1626204360,0
1626204420,0
1626204480,0
1626204540,0
1626204600,0
1626204660,1
1626204720,1
1626204780,0
1626204840,0
1626204900,0
1626204960,1
1626205020,1
1626205080,0
1626205140,0
1626205200,0
1626205260,0
1626205320,0
1626205380,0
1626205440,0
1626205500,0
1626205560,0
1626205620,1
1626205680,1
1626205740,1
1626205800,0
1626205860,0
1626205920,0
1626205980,1
1626206040,0
1626206100,0
1626206160,1
1626206220,0
1626206280,1
1626206340,1
1626206400,1
1626206460,1
1626206520,0
1626206580,0
1626206640,0
1626206700,0
1626206760,0
1626206820,0
1626206880,1
1626206940,0
1626207000,0
1626207060,0
1626207120,0
1626207180,0
1626207240,0
1626207300,0
1626207360,0
1626207420,1
1626207480,0
1626207540,0
1626207600,0
1626207660,1
1626207720,0
1626207780,0
1626207840,0
1626207900,0
1626207960,0
1626208020,0
1626208080,0
1626208140,0
1626208200,1
1626208260,1
1626208320,0
1626208380,0
1626208440,0
1626208500,0
1626208560,0
1626208620,0
1626208680,0
1626208740,0
1626208800,0
1626208860,1
1626208920,0
1626208980,0
1626209040,0
1626209100,1
1626209160,1
1626209220,0
1626209280,0
1626209340,0
1626209400,0
1626209460,0
1626209520,0
1626209580,0
1626209640,0
1626209700,0
1626209760,0
1626209820,0
1626209880,0
1626209940,0
1626210000,0
1626210060,1
1626210120,0
1626210180,0
1626210240,0
1626210300,0
1626210360,0
1626210420,0
1626210480,0
1626210540,0
1626210600,0
1626210660,1
1626210720,1
1626210780,0
1626210840,0
1626210900,0
1626210960,0
1626211020,0
1626211080,1
1626211140,1
1626211200,1
1626211260,1
1626211320,1
1626211380,1
1626211440,1
1626211500,1
1626211560,1
1626211620,1
1626211680,1
1626211740,0
1626211800,1
1626211860,1
1626211920,0
1626211980,0
1626212040,0
1626212100,0
1626212160,0
1626212220,1
1626212280,0
1626212340,0
1626212400,0
1626212460,0
1626212520,1
1626212580,1
1626212640,0
1626212700,0
1626212760,0
1626212820,0
1626212880,0
1626212940,0
1626213000,0
1626213060,0
1626213120,0
1626213180,0
1626213240,0
1626213300,0
1626213360,0
1626213420,1
1626213480,0
1626213540,1
1626213600,0
1626213660,0
1626213720,1
1626213780,1
1626213840,0
1626213900,0
1626213960,0
1626214020,0
1626214080,0
1626214140,0
1626214200,1
1626214260,0
1626214320,1
1626214380,0
1626214440,0
1626214500,0
1626214560,1
1626214620,0
1626214680,0
1626214740,0
1626214800,0
1626214860,0
1626214920,0
1626214980,0
1626215040,0
1626215100,0
1626215160,0
1626215220,0
1626215280,1
1626215340,0
1626215400,0
1626215460,0
1626215520,0
1626215580,0
1626215640,0
1626215700,0
1626215760,0
1626215820,0
1626215880,0
1626215940,0
1626216000,0
1626216060,0
1626216120,0
1626216180,0
1626216240,0
1626216300,0
1626216360,0
1626216420,0
1626216480,0
1626216540,0
1626216600,0
1626216660,0
1626216720,0
1626216780,0
1626216840,0
1626216900,0
1626216960,0
1626217020,0
1626217080,0
1626217140,1
1626217200,0
1626217260,0
1626217320,0
1626217380,0
1626217440,1
1626217500,0
1626217560,0
1626217620,0
1626217680,0
1626217740,0
1626217800,0
1626217860,0
1626217920,0
1626217980,0
1626218040,0
1626218100,0
1626218160,0
1626218220,0
1626218280,0
1626218340,0
1626218400,0
1626218460,0
1626218520,0
1626218580,0
1626218640,0
1626218700,0
1626218760,0
1626218820,1
1626218880,0
1626218940,0
1626219000,0
1626219060,0
1626219120,1
1626219180,0
1626219240,0
1626219300,1
1626219360,0
1626219420,0
1626219480,0
1626219540,0
1626219600,0
1626219660,0
1626219720,1
1626219780,1
1626219840,0
1626219900,0
1626219960,0
1626220020,0
1626220080,0
1626220140,0
1626220200,1
1626220260,0
1626220320,0
1626220380,0
1626220440,0
1626220500,0
1626220560,0
1626220620,0
1626220680,0
1626220740,0
1626220800,1
1626220860,0
1626220920,0
1626220980,0
1626221040,0
1626221100,1
1626221160,0
1626221220,0
1626221280,1
1626221340,0
1626221400,0
1626221460,0
1626221520,1
1626221580,0
1626221640,0
1626221700,0
1626221760,0
1626221820,0
1626221880,0
1626221940,0
1626222000,1
1626222060,0
1626222120,0
1626222180,0
1626222240,0
1626222300,0
1626222360,0
1626222420,0
1626222480,1
1626222540,1
1626222600,0
1626222660,0
1626222720,0
1626222780,1
1626222840,1
1626222900,0
1626222960,0
1626223020,0
1626223080,0
1626223140,0
1626223200,0
1626223260,0
1626223320,0
1626223380,1
1626223440,1
1626223500,0
1626223560,0
1626223620,0
1626223680,0
1626223740,0
1626223800,0
1626223860,0
1626223920,0
1626223980,0
1626224040,0
1626224100,0
1626224160,1
1626224220,0
1626224280,0
1626224340,0
1626224400,0
1626224460,0
1626224520,0
1626224580,0
1626224640,0
1626224700,0
1626224760,0
1626224820,0
1626224880,0
1626224940,0
1626225000,0
1626225060,0
1626225120,0
1626225180,0
1626225240,0
1626225300,1
1626225360,0
1626225420,0
1626225480,0
1626225540,0
1626225600,0
1626225660,0
1626225720,0
1626225780,0
1626225840,1
1626225900,0
1626225960,0
1626226020,0
1626226080,1
1626226140,0
1626226200,0
1626226260,1
1626226320,1
1626226380,0
1626226440,0
1626226500,0
1626226560,0
1626226620,0
1626226680,1
1626226740,0
1626226800,0
1626226860,1
1626226920,0
1626226980,0
1626227040,0
1626227100,0
1626227160,0
1626227220,0
1626227280,1
1626227340,1
1626227400,0
1626227460,1
1626227520,0
1626227580,0
1626227640,0
1626227700,0
1626227760,1
1626227820,1
1626227880,0
1626227940,0
1626228000,0
1626228060,0
1626228120,0
1626228180,0
1626228240,0
1626228300,0
1626228360,0
1626228420,0
1626228480,0
1626228540,0
1626228600,0
1626228660,0
1626228720,1
1626228780,1
1626228840,0
1626228900,0
1626228960,0
1626229020,0
1626229080,0
1626229140,0
1626229200,0
1626229260,1
1626229320,0
1626229380,0
1626229440,0
1626229500,0
1626229560,0
1626229620,0
1626229680,1
1626229740,1
1626229800,0
1626229860,0
1626229920,0
1626229980,0
1626230040,0
1626230100,0
1626230160,1
1626230220,1
1626230280,0
1626230340,0
1626230400,1
1626230460,0
1626230520,1
1626230580,1
1626230640,1
1626230700,0
1626230760,0
1626230820,0
1626230880,0
1626230940,1
1626231000,1
1626231060,0
1626231120,0
1626231180,0
1626231240,0
1626231300,0
1626231360,0
1626231420,0
1626231480,1
1626231540,1
1626231600,0
1626231660,0
1626231720,1
1626231780,0
1626231840,0
1626231900,0
1626231960,0
1626232020,1
1626232080,0
1626232140,0
1626232200,1
1626232260,1
1626232320,1
1626232380,1
1626232440,0
1626232500,0
1626232560,0
1626232620,0
1626232680,0
1626232740,0
1626232800,1
1626232860,0
1626232920,1
1626232980,1
1626233040,0
1626233100,0
1626233160,0
1626233220,0
1626233280,0
1626233340,1
1626233400,1
1626233460,1
1626233520,0
1626233580,0
1626233640,0
1626233700,0
1626233760,0
1626233820,0
1626233880,0
1626233940,0
1626234000,0
1626234060,0
1626234120,0
1626234180,0
1626234240,1
1626234300,0
1626234360,0
1626234420,0
1626234480,0
1626234540,0
1626234600,0
1626234660,0
1626234720,0
1626234780,0
1626234840,0
1626234900,0
1626234960,0
1626235020,0
1626235080,0
1626235140,0
1626235200,0
1626235260,0
1626235320,0
1626235380,0
1626235440,0
1626235500,0
1626235560,0
1626235620,0
1626235680,0
1626235740,0
1626235800,0
1626235860,0
1626235920,0
1626235980,1
1626236040,1
1626236100,1
1626236160,0
1626236220,1
1626236280,0
1626236340,0
1626236400,0
1626236460,0
1626236520,0
1626236580,1
1626236640,0
1626236700,0
1626236760,0
1626236820,0
1626236880,0
1626236940,0
1626237000,0
1626237060,0
1626237120,0
1626237180,0
1626237240,1
1626237300,0
1626237360,0
1626237420,0
1626237480,0
1626237540,0
1626237600,0
1626237660,1
1626237720,1
1626237780,1
1626237840,0
1626237900,0
1626237960,0
1626238020,0
1626238080,0
1626238140,0
1626238200,0
1626238260,0
1626238320,0
1626238380,1
1626238440,1
1626238500,0
1626238560,0
1626238620,0
1626238680,0
1626238740,0
1626238800,1
1626238860,0
1626238920,0
1626238980,0
1626239040,1
1626239100,0
1626239160,0
1626239220,0
1626239280,0
1626239340,0
1626239400,0
1626239460,0
1626239520,0
1626239580,0
1626239640,0
1626239700,0
1626239760,0
1626239820,0
1626239880,0
1626239940,0
1626240000,1
1626240060,1
1626240120,0
1626240180,0
1626240240,0
1626240300,1
1626240360,0
1626240420,0
1626240480,0
1626240540,0
1626240600,0
1626240660,0
1626240720,0
1626240780,0
1626240840,0
1626240900,0
1626240960,1
1626241020,1
1626241080,1
1626241140,1
1626241200,0
1626241260,0
1626241320,1
1626241380,0
1626241440,0
1626241500,0
1626241560,0
1626241620,1
1626241680,0
1626241740,0
1626241800,0
1626241860,0
1626241920,0
1626241980,0
1626242040,0
1626242100,0
1626242160,0
1626242220,0
1626242280,0
1626242340,0
1626242400,1
1626242460,0
1626242520,0
1626242580,0
1626242640,0
1626242700,0
1626242760,0
1626242820,0
1626242880,0
1626242940,0
1626243000,0
1626243060,1
1626243120,0
1626243180,0
1626243240,0
1626243300,0
1626243360,0
1626243420,0
1626243480,1
1626243540,1
1626243600,0
1626243660,1
1626243720,0
1626243780,0
1626243840,0
1626243900,1
1626243960,0
1626244020,0
1626244080,0
1626244140,0
1626244200,0
1626244260,0
1626244320,0
1626244380,0
1626244440,0
1626244500,0
1626244560,0
1626244620,1
1626244680,0
1626244740,0
1626244800,0
1626244860,0
1626244920,0
1626244980,0
1626245040,0
1626245100,0
1626245160,0
1626245220,0
1626245280,0
1626245340,0
1626245400,0
1626245460,0
1626245520,0
1626245580,0
1626245640,1
1626245700,0
1626245760,0
1626245820,0
1626245880,0
1626245940,1
1626246000,1
1626246060,1
1626246120,1
1626246180,0
1626246240,1
1626246300,0
1626246360,0
1626246420,1
1626246480,0
1626246540,1
1626246600,0
1626246660,0
1626246720,0
1626246780,1
1626246840,0
1626246900,0
1626246960,0
1626247020,0
1626247080,1
1626247140,0
1626247200,0
1626247260,0
1626247320,0
1626247380,0
1626247440,0
1626247500,0
1626247560,0
1626247620,0
1626247680,0
1626247740,0
1626247800,1
1626247860,0
1626247920,0
1626247980,0
1626248040,0
1626248100,0
1626248160,0
1626248220,0
1626248280,0
1626248340,0
1626248400,0
1626248460,0
1626248520,0
1626248580,0
1626248640,0
1626248700,0
1626248760,0
1626248820,0
1626248880,0
1626248940,0
1626249000,0
1626249060,0
1626249120,1
1626249180,0
1626249240,1
1626249300,1
1626249360,0
1626249420,0
1626249480,0
1626249540,0
1626249600,0
1626249660,0
1626249720,0
1626249780,0
1626249840,0
1626249900,1
1626249960,1
1626250020,0
1626250080,0
1626250140,0
1626250200,0
1626250260,0
1626250320,0
1626250380,0
1626250440,0
1626250500,0
1626250560,0
1626250620,1
1626250680,1
1626250740,0
1626250800,0
1626250860,0
1626250920,0
1626250980,0
1626251040,1
1626251100,0
1626251160,0
1626251220,1
1626251280,0
1626251340,0
1626251400,0
1626251460,1
1626251520,0
1626251580,0
1626251640,0
1626251700,0
1626251760,0
1626251820,1
1626251880,0
1626251940,0
1626252000,1
1626252060,1
1626252120,0
1626252180,0
1626252240,0
1626252300,0
1626252360,0
1626252420,1
1626252480,1
1626252540,0
1626252600,0
1626252660,0
1626252720,0
1626252780,0
1626252840,0
1626252900,0
1626252960,0
1626253020,1
1626253080,0
1626253140,0
1626253200,0
1626253260,0
1626253320,0
1626253380,0
1626253440,0
1626253500,1
1626253560,0
1626253620,0
1626253680,0
1626253740,0
1626253800,0
1626253860,0
1626253920,0
1626253980,0
1626254040,0
1626254100,0
1626254160,0
1626254220,0
1626254280,0
1626254340,0
1626254400,0
1626254460,0
1626254520,1
1626254580,0
1626254640,0
1626254700,0
1626254760,0
1626254820,0
1626254880,0
1626254940,0
1626255000,0
1626255060,0
1626255120,0
1626255180,0
1626255240,0
1626255300,0
1626255360,0
1626255420,0
1626255480,0
1626255540,0
1626255600,0
1626255660,0
1626255720,0
1626255780,1
1626255840,0
1626255900,0
1626255960,1
1626256020,0
1626256080,1
1626256140,1
1626256200,0
1626256260,0
1626256320,0
1626256380,0
1626256440,0
1626256500,1
1626256560,0
1626256620,0
1626256680,0
1626256740,1
1626256800,0
1626256860,1
1626256920,1
1626256980,1
1626257040,1
1626257100,1
1626257160,1
1626257220,1
1626257280,1
1626257340,1
1626257400,1
1626257460,1
1626257520,0
1626257580,1
1626257640,0
1626257700,1
1626257760,0
1626257820,0
1626257880,0
1626257940,1
1626258000,0
1626258060,0
1626258120,0
1626258180,0
1626258240,0
1626258300,0
1626258360,0
1626258420,1
1626258480,0
1626258540,0
1626258600,0
1626258660,0
1626258720,0
1626258780,0
1626258840,0
1626258900,0
1626258960,0
1626259020,0
1626259080,0
1626259140,0
1626259200,0
1626259260,0
1626259320,0
1626259380,0
1626259440,0
1626259500,0
1626259560,0
1626259620,1
1626259680,0
1626259740,0
1626259800,1
1626259860,0
1626259920,0
1626259980,0
1626260040,0
1626260100,0
1626260160,0
1626260220,0
1626260280,0
1626260340,1
1626260400,0
1626260460,0
1626260520,0
1626260580,0
1626260640,0
1626260700,0
1626260760,0
1626260820,0
1626260880,0
1626260940,0
1626261000,0
1626261060,1
1626261120,0
1626261180,0
1626261240,0
1626261300,0
1626261360,0
1626261420,0
1626261480,0
1626261540,0
1626261600,0
1626261660,0
1626261720,1
1626261780,0
1626261840,0
1626261900,0
1626261960,0
1626262020,0
1626262080,0
1626262140,1
1626262200,0
1626262260,0
1626262320,0
1626262380,1
1626262440,0
1626262500,0
1626262560,0
1626262620,0
1626262680,0
1626262740,0
1626262800,0
1626262860,0
1626262920,0
1626262980,0
1626263040,0
1626263100,0
1626263160,0
1626263220,0
1626263280,0
1626263340,0
1626263400,0
1626263460,0
1626263520,0
1626263580,0
1626263640,0
1626263700,0
1626263760,1
1626263820,1
1626263880,1
1626263940,0
1626264000,1
1626264060,0
1626264120,0
1626264180,1
1626264240,0
1626264300,0
1626264360,0
1626264420,0
1626264480,0
1626264540,0
1626264600,0
1626264660,1
1626264720,1
1626264780,0
1626264840,0
1626264900,0
1626264960,0
1626265020,0
1626265080,0
1626265140,0
1626265200,1
1626265260,0
1626265320,1
1626265380,1
1626265440,1
1626265500,1
1626265560,1
1626265620,1
1626265680,1
1626265740,1
1626265800,1
1626265860,1
1626265920,1
1626265980,1
1626266040,1
1626266100,0
1626266160,0
1626266220,0
1626266280,1
1626266340,0
1626266400,0
1626266460,0
1626266520,0
1626266580,0
1626266640,0
1626266700,0
1626266760,0
1626266820,0
1626266880,1
1626266940,0
1626267000,1
1626267060,0
1626267120,0
1626267180,0
1626267240,0
1626267300,0
1626267360,0
1626267420,0
1626267480,0
1626267540,0
1626267600,0
1626267660,0
1626267720,1
1626267780,0
1626267840,1
1626267900,0
1626267960,0
1626268020,1
1626268080,0
1626268140,0
1626268200,1
1626268260,0
1626268320,1
1626268380,1
1626268440,0
1626268500,1
1626268560,0
1626268620,0
1626268680,0
1626268740,0
1626268800,1
1626268860,0
1626268920,0
1626268980,0
1626269040,1
1626269100,0
1626269160,0
1626269220,0
1626269280,0
1626269340,0
1626269400,1
1626269460,0
1626269520,0
1626269580,0
1626269640,1
1626269700,1
1626269760,1
1626269820,0
1626269880,0
1626269940,0
1626270000,0
1626270060,0
1626270120,1
1626270180,1
1626270240,0
1626270300,0
1626270360,0
1626270420,0
1626270480,0
1626270540,1
1626270600,1
1626270660,1
1626270720,1
1626270780,1
1626270840,1
1626270900,0
1626270960,0
1626271020,0
1626271080,0
1626271140,0
1626271200,0
1626271260,0
1626271320,0
1626271380,0
1626271440,0
1626271500,0
1626271560,1
1626271620,1
1626271680,0
1626271740,0
1626271800,0
1626271860,0
1626271920,0
1626271980,0
1626272040,0
1626272100,0
1626272160,0
1626272220,0
1626272280,0
1626272340,0
1626272400,0
1626272460,0
1626272520,0
1626272580,1
1626272640,0
1626272700,1
1626272760,1
1626272820,0
1626272880,0
1626272940,0
1626273000,1
1626273060,0
1626273120,0
1626273180,0
1626273240,1
1626273300,0
1626273360,0
1626273420,0
1626273480,1
1626273540,1
1626273600,0
1626273660,0
1626273720,0
1626273780,0
1626273840,0
1626273900,0
1626273960,0
1626274020,0
1626274080,0
1626274140,0
1626274200,0
1626274260,0
1626274320,0
1626274380,0
1626274440,0
1626274500,0
1626274560,0
1626274620,1
1626274680,0
1626274740,0
1626274800,0
1626274860,0
1626274920,1
1626274980,1
1626275040,0
1626275100,0
1626275160,0
1626275220,0
1626275280,0
1626275340,0
1626275400,0
1626275460,0
1626275520,0
1626275580,0
1626275640,0
1626275700,0
1626275760,0
1626275820,0
1626275880,0
1626275940,0
1626276000,0
1626276060,0
1626276120,0
1626276180,0
1626276240,0
1626276300,0
1626276360,0
1626276420,0
1626276480,0
1626276540,0
1626276600,0
1626276660,0
1626276720,1
1626276780,1
1626276840,0
1626276900,0
1626276960,1
1626277020,0
1626277080,0
1626277140,0
1626277200,0
1626277260,0
1626277320,0
1626277380,0
1626277440,0
1626277500,1
1626277560,1
1626277620,0
1626277680,0
1626277740,0
1626277800,0
1626277860,1
1626277920,0
1626277980,0
1626278040,0
1626278100,1
1626278160,0
1626278220,0
1626278280,0
1626278340,0
1626278400,0
1626278460,0
1626278520,0
1626278580,1
1626278640,0
1626278700,0
1626278760,0
1626278820,0
1626278880,0
1626278940,0
1626279000,1
1626279060,0
1626279120,1
1626279180,1
1626279240,0
1626279300,0
1626279360,0
1626279420,0
1626279480,0
1626279540,1
1626279600,0
1626279660,0
1626279720,0
1626279780,0
1626279840,0
1626279900,0
1626279960,1
1626280020,0
1626280080,0
1626280140,0
1626280200,0
1626280260,0
1626280320,0
1626280380,0
1626280440,0
1626280500,0
1626280560,0
1626280620,0
1626280680,0
1626280740,0
1626280800,0
1626280860,0
1626280920,0
1626280980,0
1626281040,0
1626281100,1
1626281160,0
1626281220,0
1626281280,0
1626281340,0
1626281400,0
1626281460,0
1626281520,0
1626281580,0
1626281640,0
1626281700,0
1626281760,1
1626281820,1
1626281880,0
1626281940,0
1626282000,0
1626282060,0
1626282120,0
1626282180,1
1626282240,1
1626282300,1
1626282360,0
1626282420,1
1626282480,0
1626282540,0
1626282600,0
1626282660,0
1626282720,0
1626282780,0
1626282840,0
1626282900,0
1626282960,0
1626283020,0
1626283080,0
1626283140,0
1626283200,1
1626283260,1
1626283320,0
1626283380,0
1626283440,0
1626283500,0
1626283560,0
1626283620,0
1626283680,0
1626283740,0
1626283800,0
1626283860,0
1626283920,1
1626283980,0
1626284040,0
1626284100,0
1626284160,0
1626284220,0
1626284280,0
1626284340,0
1626284400,0
1626284460,0
1626284520,0
1626284580,0
1626284640,0
1626284700,0
1626284760,0
1626284820,0
1626284880,0
1626284940,0
1626285000,0
1626285060,0
1626285120,0
1626285180,0
1626285240,0
1626285300,0
1626285360,0
1626285420,0
1626285480,0
1626285540,0
1626285600,0
1626285660,0
1626285720,0
1626285780,1
1626285840,1
1626285900,0
1626285960,0
1626286020,0
1626286080,0
1626286140,0
1626286200,0
1626286260,1
1626286320,0
1626286380,0
1626286440,0
1626286500,0
1626286560,0
1626286620,0
1626286680,0
1626286740,1
1626286800,0
1626286860,0
1626286920,0
1626286980,0
1626287040,1
1626287100,0
1626287160,0
1626287220,0
1626287280,0
1626287340,0
1626287400,0
1626287460,0
1626287520,0
1626287580,0
1626287640,0
1626287700,0
1626287760,0
1626287820,0
1626287880,0
1626287940,0
1626288000,0
1626288060,0
1626288120,0
1626288180,0
1626288240,1
1626288300,0
1626288360,1
1626288420,0
1626288480,0
1626288540,0
1626288600,0
1626288660,0
1626288720,0
1626288780,0
1626288840,0
1626288900,0
1626288960,0
1626289020,0
1626289080,1
1626289140,0
1626289200,1
1626289260,0
1626289320,0
1626289380,1
1626289440,1
1626289500,0
1626289560,0
1626289620,0
1626289680,0
1626289740,0
1626289800,0
1626289860,0
1626289920,0
1626289980,1
1626290040,0
1626290100,1
1626290160,0
1626290220,0
1626290280,0
1626290340,0
1626290400,0
1626290460,0
1626290520,0
1626290580,1
1626290640,0
1626290700,0
1626290760,1
1626290820,0
1626290880,0
1626290940,0
1626291000,0
1626291060,0
1626291120,0
1626291180,0
1626291240,0
1626291300,1
1626291360,1
1626291420,1
1626291480,1
1626291540,0
1626291600,0
1626291660,0
1626291720,1
1626291780,1
1626291840,1
1626291900,0
1626291960,1
1626292020,1
1626292080,1
1626292140,0
1626292200,0
1626292260,0
1626292320,0
1626292380,0
1626292440,0
1626292500,0
1626292560,0
1626292620,0
1626292680,1
1626292740,0
1626292800,1
1626292860,0
1626292920,0
1626292980,0
1626293040,0
1626293100,1
1626293160,0
1626293220,0
1626293280,0
1626293340,0
1626293400,0
1626293460,0
1626293520,0
1626293580,0
1626293640,0
1626293700,0
1626293760,0
1626293820,1
1626293880,1
1626293940,1
1626294000,1
1626294060,1
1626294120,1
1626294180,1
1626294240,1
1626294300,1
1626294360,1
1626294420,1
1626294480,1
1626294540,0
1626294600,0
1626294660,1
1626294720,1
1626294780,0
1626294840,0
1626294900,0
1626294960,0
1626295020,0
1626295080,1
1626295140,0
1626295200,1
1626295260,0
1626295320,0
1626295380,0
1626295440,0
1626295500,0
1626295560,0
1626295620,0
1626295680,0
1626295740,0
1626295800,0
1626295860,0
1626295920,0
1626295980,0
1626296040,0
1626296100,0
1626296160,0
1626296220,1
1626296280,0
1626296340,0
1626296400,0
1626296460,0
1626296520,0
1626296580,1
1626296640,0
1626296700,0
1626296760,1
1626296820,1
1626296880,1
1626296940,1
1626297000,0
1626297060,0
1626297120,0
1626297180,0
1626297240,0
1626297300,0
1626297360,0
1626297420,0
1626297480,0
1626297540,1
1626297600,0
1626297660,0
1626297720,0
1626297780,0
1626297840,1
1626297900,1
1626297960,0
1626298020,1
1626298080,0
1626298140,0
1626298200,0
1626298260,0
1626298320,0
1626298380,0
1626298440,1
1626298500,0
1626298560,1
1626298620,1
1626298680,0
1626298740,0
1626298800,0
1626298860,0
1626298920,0
1626298980,0
1626299040,0
1626299100,0
1626299160,1
1626299220,0
1626299280,0
1626299340,1
1626299400,1
1626299460,1
1626299520,0
1626299580,1
1626299640,0
1626299700,0
1626299760,0
1626299820,0
1626299880,0
1626299940,0
1626300000,0
1626300060,1
1626300120,0
1626300180,1
1626300240,0
1626300300,0
1626300360,0
1626300420,0
1626300480,0
1626300540,1
1626300600,0
1626300660,0
1626300720,0
1626300780,0
1626300840,0
1626300900,0
1626300960,0
1626301020,0
1626301080,0
1626301140,0
1626301200,0
1626301260,0
1626301320,0
1626301380,0
1626301440,0
1626301500,0
1626301560,0
1626301620,0
1626301680,0
1626301740,0
1626301800,0
1626301860,0
1626301920,0
1626301980,0
1626302040,0
1626302100,0
1626302160,0
1626302220,1
1626302280,0
1626302340,0
1626302400,1
1626302460,1
1626302520,0
1626302580,0
1626302640,0
1626302700,1
1626302760,0
1626302820,1
1626302880,0
1626302940,0
1626303000,0
1626303060,0
1626303120,0
1626303180,0
1626303240,0
1626303300,0
1626303360,0
1626303420,0
1626303480,0
1626303540,0
1626303600,0
1626303660,1
1626303720,0
1626303780,0
1626303840,0
1626303900,0
1626303960,0
1626304020,0
1626304080,0
1626304140,0
1626304200,0
1626304260,0
1626304320,0
1626304380,0
1626304440,1
1626304500,1
1626304560,1
1626304620,1
1626304680,1
1626304740,1
1626304800,0
1626304860,0
1626304920,1
1626304980,1
1626305040,0
1626305100,0
1626305160,0
1626305220,0
1626305280,0
1626305340,0
1626305400,0
1626305460,1
1626305520,0
1626305580,0
1626305640,0
1626305700,0
1626305760,0
1626305820,1
1626305880,0
1626305940,0
1626306000,1
1626306060,0
1626306120,0
1626306180,0
1626306240,0
1626306300,0
1626306360,0
1626306420,0
1626306480,0
1626306540,1
1626306600,0
1626306660,0
1626306720,0
1626306780,0
1626306840,0
1626306900,0
1626306960,0
1626307020,0
1626307080,1
1626307140,0
1626307200,0
1626307260,0
1626307320,0
1626307380,0
1626307440,0
1626307500,0
1626307560,0
1626307620,0
1626307680,0
1626307740,0
1626307800,0
1626307860,0
1626307920,0
1626307980,0
1626308040,0
1626308100,0
1626308160,0
1626308220,0
1626308280,0
1626308340,0
1626308400,0
1626308460,0
1626308520,0
1626308580,1
1626308640,0
1626308700,0
1626308760,0
1626308820,0
1626308880,0
1626308940,0
1626309000,0
1626309060,0
1626309120,0
1626309180,0
1626309240,0
1626309300,1
1626309360,1
1626309420,1
1626309480,0
1626309540,0
1626309600,1
1626309660,1
1626309720,0
1626309780,1
1626309840,0
1626309900,0
1626309960,1
1626310020,0
1626310080,0
1626310140,0
1626310200,0
1626310260,0
1626310320,0
1626310380,0
1626310440,0
1626310500,0
1626310560,0
1626310620,0
1626310680,0
1626310740,0
1626310800,0
1626310860,0
1626310920,0
1626310980,0
1626311040,0
1626311100,0
1626311160,0
1626311220,1
1626311280,0
1626311340,0
1626311400,1
1626311460,0
1626311520,0
1626311580,0
1626311640,0
1626311700,0
1626311760,0
1626311820,0
1626311880,0
1626311940,0
1626312000,0
1626312060,1
1626312120,0
1626312180,0
1626312240,0
1626312300,0
1626312360,0
1626312420,0
1626312480,1
1626312540,0
1626312600,0
1626312660,0
1626312720,0
1626312780,0
1626312840,0
1626312900,0
1626312960,1
1626313020,1
1626313080,1
1626313140,0
1626313200,0
1626313260,0
1626313320,0
1626313380,0
1626313440,0
1626313500,0
1626313560,0
1626313620,0
1626313680,0
1626313740,0
1626313800,0
1626313860,1
1626313920,0
1626313980,0
1626314040,0
1626314100,0
1626314160,0
1626314220,1
1626314280,0
1626314340,0
1626314400,0
1626314460,1
1626314520,0
1626314580,1
1626314640,0
1626314700,1
1626314760,0
1626314820,0
1626314880,0
1626314940,0
1626315000,0
1626315060,0
1626315120,0
1626315180,0
1626315240,0
1626315300,0
1626315360,0
1626315420,0
1626315480,0
1626315540,0
1626315600,1
1626315660,0
1626315720,1
1626315780,1
1626315840,0
1626315900,0
1626315960,0
1626316020,1
1626316080,0
1626316140,0
1626316200,0
1626316260,0
1626316320,0
1626316380,0
1626316440,0
1626316500,0
1626316560,0
1626316620,0
1626316680,0
1626316740,0
1626316800,0
1626316860,1
1626316920,1
1626316980,0
1626317040,0
1626317100,1
1626317160,1
1626317220,0
1626317280,0
1626317340,0
1626317400,0
1626317460,0
1626317520,0
1626317580,0
1626317640,0
1626317700,0
1626317760,1
1626317820,0
1626317880,0
1626317940,0
1626318000,0
1626318060,1
1626318120,0
1626318180,0
1626318240,0
1626318300,0
1626318360,1
1626318420,0
1626318480,1
1626318540,0
1626318600,0
1626318660,0
1626318720,0
1626318780,0
1626318840,0
1626318900,0
1626318960,1
1626319020,1
1626319080,0
1626319140,0
1626319200,0
1626319260,1
1626319320,1
1626319380,1
1626319440,1
1626319500,0
1626319560,0
1626319620,0
1626319680,0
1626319740,0
1626319800,0
1626319860,0
1626319920,0
1626319980,0
1626320040,0
1626320100,1
1626320160,0
1626320220,0
1626320280,1
1626320340,0
1626320400,0
1626320460,0
1626320520,0
1626320580,0
1626320640,0
1626320700,0
1626320760,0
1626320820,1
1626320880,0
1626320940,0
1626321000,0
1626321060,0
1626321120,0
1626321180,0
1626321240,0
1626321300,0
1626321360,0
1626321420,0
1626321480,0
1626321540,0
1626321600,1
1626321660,1
1626321720,0
1626321780,0
1626321840,0
1626321900,0
1626321960,1
1626322020,0
1626322080,0
1626322140,0
1626322200,0
1626322260,0
1626322320,0
1626322380,0
1626322440,0
1626322500,0
1626322560,1
1626322620,0
1626322680,0
1626322740,0
1626322800,0
1626322860,0
1626322920,0
1626322980,0
1626323040,0
1626323100,0
1626323160,0
1626323220,0
1626323280,0
1626323340,0
1626323400,0
1626323460,1
1626323520,1
1626323580,1
1626323640,1
1626323700,0
1626323760,0
1626323820,1
1626323880,1
1626323940,0
1626324000,0
1626324060,1
1626324120,0
1626324180,0
1626324240,1
1626324300,1
1626324360,0
1626324420,1
1626324480,1
1626324540,0
1626324600,1
1626324660,1
1626324720,0
1626324780,0
1626324840,0
1626324900,0
1626324960,1
1626325020,0
1626325080,0
1626325140,0
1626325200,0
1626325260,0
1626325320,0
1626325380,0
1626325440,1
1626325500,0
1626325560,0
1626325620,0
1626325680,1
1626325740,0
1626325800,0
1626325860,0
1626325920,1
1626325980,1
1626326040,1
1626326100,0
1626326160,0
1626326220,0
1626326280,0
1626326340,0
1626326400,0
1626326460,0
1626326520,0
1626326580,0
1626326640,0
1626326700,0
1626326760,0
1626326820,0
1626326880,0
1626326940,0
1626327000,1
1626327060,1
1626327120,0
1626327180,0
1626327240,0
1626327300,0
1626327360,1
1626327420,1
1626327480,0
1626327540,0
1626327600,0
1626327660,0
1626327720,0
1626327780,0
1626327840,1
1626327900,0
1626327960,0
1626328020,0
1626328080,1
1626328140,0
1626328200,1
1626328260,0
1626328320,1
1626328380,1
1626328440,0
1626328500,0
1626328560,1
1626328620,0
1626328680,0
1626328740,0
1626328800,0
1626328860,0
1626328920,0
1626328980,0
1626329040,0
1626329100,0
1626329160,0
1626329220,0
1626329280,0
1626329340,0
1626329400,0
1626329460,0
1626329520,1
1626329580,0
1626329640,0
1626329700,0
1626329760,0
1626329820,0
1626329880,0
1626329940,0
1626330000,0
1626330060,0
1626330120,0
1626330180,0
1626330240,0
1626330300,0
1626330360,1
1626330420,0
1626330480,0
1626330540,0
1626330600,0
1626330660,1
1626330720,0
1626330780,0
1626330840,0
1626330900,0
1626330960,1
1626331020,0
1626331080,0
1626331140,0
1626331200,0
1626331260,1
1626331320,1
1626331380,0
1626331440,0
1626331500,0
1626331560,0
1626331620,0
1626331680,0
1626331740,0
1626331800,0
1626331860,0
1626331920,0
1626331980,0
1626332040,0
1626332100,0
1626332160,0
1626332220,0
1626332280,0
1626332340,0
1626332400,0
1626332460,0
1626332520,0
1626332580,0
1626332640,0
1626332700,0
1626332760,0
1626332820,0
1626332880,0
1626332940,0
1626333000,0
1626333060,0
1626333120,1
1626333180,0
1626333240,0
1626333300,1
1626333360,0
1626333420,0
1626333480,1
1626333540,1
1626333600,1
1626333660,1
1626333720,0
1626333780,0
1626333840,0
1626333900,0
1626333960,0
1626334020,0
1626334080,0
1626334140,0
1626334200,0
1626334260,0
1626334320,0
1626334380,0
1626334440,0
1626334500,0
1626334560,0
1626334620,0
1626334680,0
1626334740,0
1626334800,0
1626334860,0
1626334920,1
1626334980,0
1626335040,0
1626335100,0
1626335160,1
1626335220,0
1626335280,0
1626335340,0
1626335400,0
1626335460,0
1626335520,0
1626335580,0
1626335640,0
1626335700,0
1626335760,0
1626335820,0
1626335880,0
1626335940,0
1626336000,0
1626336060,1
1626336120,0
1626336180,0
1626336240,0
1626336300,1
1626336360,1
1626336420,1
1626336480,0
1626336540,0
1626336600,0
1626336660,0
1626336720,0
1626336780,0
1626336840,0
1626336900,0
1626336960,0
1626337020,0
1626337080,0
1626337140,0
1626337200,0
1626337260,0
1626337320,0
1626337380,0
1626337440,0
1626337500,0
1626337560,0
1626337620,0
1626337680,0
1626337740,1
1626337800,0
1626337860,0
1626337920,0
1626337980,0
1626338040,0
1626338100,0
1626338160,0
1626338220,0
1626338280,0
1626338340,0
1626338400,1
1626338460,0
1626338520,1
1626338580,1
1626338640,0
1626338700,0
1626338760,0
1626338820,0
1626338880,1
1626338940,0
1626339000,0
1626339060,0
1626339120,0
1626339180,0
1626339240,0
1626339300,0
1626339360,0
1626339420,0
1626339480,0
1626339540,1
1626339600,1
1626339660,0
1626339720,1
1626339780,1
1626339840,0
1626339900,0
1626339960,0
1626340020,0
1626340080,0
1626340140,0
1626340200,0
1626340260,0
1626340320,0
1626340380,0
1626340440,0
1626340500,0
1626340560,1
1626340620,0
1626340680,1
1626340740,0
1626340800,1
1626340860,0
1626340920,0
1626340980,0
1626341040,1
1626341100,0
1626341160,0
1626341220,0
1626341280,0
1626341340,0
1626341400,0
1626341460,1
1626341520,0
1626341580,0
1626341640,0
1626341700,0
1626341760,0
1626341820,1
1626341880,1
1626341940,0
1626342000,0
1626342060,0
1626342120,0
1626342180,1
1626342240,0
1626342300,0
1626342360,0
1626342420,1
1626342480,1
1626342540,0
1626342600,0
1626342660,0
1626342720,0
1626342780,1
1626342840,0
1626342900,0
1626342960,1
1626343020,1
1626343080,0
1626343140,0
1626343200,0
1626343260,0
1626343320,0
1626343380,0
1626343440,0
1626343500,0
1626343560,0
1626343620,0
1626343680,0
1626343740,0
1626343800,0
1626343860,0
1626343920,0
1626343980,0
1626344040,1
1626344100,1
1626344160,0
1626344220,1
1626344280,1
1626344340,0
1626344400,0
1626344460,0
1626344520,1
1626344580,0
1626344640,0
1626344700,0
1626344760,0
1626344820,0
1626344880,0
1626344940,0
1626345000,0
1626345060,0
1626345120,0
1626345180,0
1626345240,0
1626345300,0
1626345360,0
1626345420,1
1626345480,0
1626345540,0
1626345600,0
1626345660,0
1626345720,0
1626345780,0
1626345840,0
1626345900,0
1626345960,0
1626346020,0
1626346080,0
1626346140,0
1626346200,0
1626346260,0
1626346320,1
1626346380,0
1626346440,0
1626346500,0
1626346560,1
1626346620,1
1626346680,0
1626346740,0
1626346800,0
1626346860,0
1626346920,0
1626346980,0
1626347040,0
1626347100,0
1626347160,0
1626347220,1
1626347280,0
1626347340,1
1626347400,1
1626347460,0
1626347520,1
1626347580,1
1626347640,0
1626347700,0
1626347760,0
1626347820,0
1626347880,0
1626347940,1
1626348000,1
1626348060,1
1626348120,0
1626348180,0
1626348240,0
1626348300,0
1626348360,0
1626348420,1
1626348480,0
1626348540,0
1626348600,0
1626348660,0
1626348720,1
1626348780,1
1626348840,0
1626348900,0
1626348960,0
1626349020,1
1626349080,0
1626349140,0
1626349200,1
1626349260,0
1626349320,0
1626349380,0
1626349440,0
1626349500,0
1626349560,0
1626349620,0
1626349680,0
1626349740,0
1626349800,0
1626349860,0
1626349920,0
1626349980,0
1626350040,0
1626350100,0
1626350160,0
1626350220,0
1626350280,0
1626350340,0
1626350400,0
1626350460,0
1626350520,1
1626350580,0
1626350640,0
1626350700,0
1626350760,0
1626350820,0
1626350880,1
1626350940,0
1626351000,0
1626351060,0
1626351120,0
1626351180,0
1626351240,1
1626351300,0
1626351360,0
1626351420,0
1626351480,0
1626351540,0
1626351600,0
1626351660,1
1626351720,0
1626351780,0
1626351840,0
1626351900,0
1626351960,0
1626352020,0
1626352080,0
1626352140,1
1626352200,0
1626352260,0
1626352320,0
1626352380,0
1626352440,0
1626352500,0
1626352560,0
1626352620,0
1626352680,0
1626352740,0
1626352800,0
1626352860,0
1626352920,0
1626352980,0
1626353040,1
1626353100,1
1626353160,0
1626353220,0
1626353280,0
1626353340,0
1626353400,1
1626353460,0
1626353520,0
1626353580,0
1626353640,0
1626353700,0
1626353760,0
1626353820,0
1626353880,0
1626353940,0
1626354000,0
1626354060,0
1626354120,0
1626354180,1
1626354240,0
1626354300,0
1626354360,0
1626354420,0
1626354480,0
1626354540,0
1626354600,1
1626354660,0
1626354720,0
1626354780,0
1626354840,0
1626354900,0
1626354960,0
1626355020,0
1626355080,1
1626355140,1
1626355200,0
1626355260,0
1626355320,0
1626355380,0
1626355440,0
1626355500,0
1626355560,1
1626355620,0
1626355680,0
1626355740,0
1626355800,0
1626355860,0
1626355920,0
1626355980,0
1626356040,0
1626356100,0
1626356160,0
1626356220,0
1626356280,0
1626356340,0
1626356400,1
1626356460,0
1626356520,0
1626356580,1
1626356640,1
1626356700,0
1626356760,1
1626356820,1
1626356880,0
1626356940,0
1626357000,0
1626357060,0
1626357120,0
1626357180,1
1626357240,1
1626357300,0
1626357360,0
1626357420,0
1626357480,1
1626357540,0
1626357600,0
1626357660,0
1626357720,0
1626357780,0
1626357840,0
1626357900,1
1626357960,0
1626358020,0
1626358080,0
1626358140,1
1626358200,1
1626358260,0
1626358320,0
1626358380,0
1626358440,1
1626358500,0
1626358560,0
1626358620,0
1626358680,0
1626358740,0
1626358800,0
1626358860,0
1626358920,0
1626358980,0
1626359040,0
1626359100,1
1626359160,0
1626359220,0
1626359280,0
1626359340,1
1626359400,0
1626359460,0
1626359520,1
1626359580,0
1626359640,1
1626359700,0
1626359760,0
1626359820,0
1626359880,1
1626359940,1
1626360000,1
1626360060,0
1626360120,0
1626360180,0
1626360240,0
1626360300,0
1626360360,0
1626360420,0
1626360480,0
1626360540,0
1626360600,0
1626360660,0
1626360720,0
1626360780,0
1626360840,0
1626360900,0
1626360960,0
1626361020,0
1626361080,0
1626361140,0
1626361200,0
1626361260,0
1626361320,0
1626361380,0
1626361440,0
1626361500,0
1626361560,1
1626361620,1
1626361680,0
1626361740,0
1626361800,0
1626361860,1
1626361920,1
1626361980,1
1626362040,1
1626362100,0
1626362160,0
1626362220,0
1626362280,0
1626362340,0
1626362400,1
1626362460,1
1626362520,0
1626362580,0
1626362640,0
1626362700,0
1626362760,0
1626362820,0
1626362880,0
1626362940,0
1626363000,0
1626363060,0
1626363120,0
1626363180,1
1626363240,0
1626363300,0
1626363360,0
1626363420,0
1626363480,0
1626363540,0
1626363600,0
1626363660,0
1626363720,0
1626363780,0
1626363840,0
1626363900,1
1626363960,1
1626364020,0
1626364080,0
1626364140,0
1626364200,1
1626364260,1
1626364320,1
1626364380,0
1626364440,0
1626364500,0
1626364560,0
1626364620,0
1626364680,1
1626364740,0
1626364800,0
1626364860,0
1626364920,1
1626364980,1
1626365040,0
1626365100,0
1626365160,0
1626365220,0
1626365280,1
1626365340,0
1626365400,1
1626365460,0
1626365520,0
1626365580,0
1626365640,1
1626365700,0
1626365760,0
1626365820,0
1626365880,0
1626365940,1
1626366000,0
1626366060,0
1626366120,0
1626366180,0
1626366240,0
1626366300,0
1626366360,0
1626366420,0
1626366480,0
1626366540,0
1626366600,1
1626366660,0
1626366720,1
1626366780,1
1626366840,1
1626366900,1
1626366960,0
1626367020,0
1626367080,0
1626367140,0
1626367200,0
1626367260,0
1626367320,0
1626367380,1
1626367440,0
1626367500,0
1626367560,0
1626367620,0
1626367680,0
1626367740,0
1626367800,0
1626367860,1
1626367920,0
1626367980,0
1626368040,0
1626368100,0
1626368160,0
1626368220,1
1626368280,1
1626368340,0
1626368400,0
1626368460,0
1626368520,0
1626368580,1
1626368640,1
1626368700,0
1626368760,0
1626368820,0
1626368880,1
1626368940,1
1626369000,0
1626369060,1
1626369120,1
1626369180,0
1626369240,0
1626369300,0
1626369360,0
1626369420,0
1626369480,0
1626369540,0
1626369600,0
1626369660,0
1626369720,0
1626369780,0
1626369840,0
1626369900,0
1626369960,0
1626370020,0
1626370080,0
1626370140,0
1626370200,0
1626370260,0
1626370320,0
1626370380,0
1626370440,0
1626370500,0
1626370560,0
1626370620,0
1626370680,0
1626370740,0
1626370800,1
1626370860,1
1626370920,0
1626370980,1
1626371040,1
1626371100,0
1626371160,0
1626371220,0
1626371280,0
1626371340,0
1626371400,0
1626371460,0
1626371520,1
1626371580,0
1626371640,0
1626371700,0
1626371760,0
1626371820,0
1626371880,1
1626371940,0
1626372000,0
1626372060,0
1626372120,0
1626372180,0
1626372240,0
1626372300,0
1626372360,0
1626372420,0
1626372480,0
1626372540,0
1626372600,0
1626372660,0
1626372720,0
1626372780,0
1626372840,0
1626372900,1
1626372960,0
1626373020,0
1626373080,0
1626373140,0
1626373200,0
1626373260,0
1626373320,0
1626373380,0
1626373440,0
1626373500,0
1626373560,0
1626373620,0
1626373680,0
1626373740,0
1626373800,0
1626373860,0
1626373920,0
1626373980,0
1626374040,1
1626374100,0
1626374160,0
1626374220,0
1626374280,0
1626374340,0
1626374400,0
1626374460,0
1626374520,0
1626374580,0
1626374640,0
1626374700,0
1626374760,0
1626374820,0
1626374880,0
1626374940,0
1626375000,1
1626375060,0
1626375120,0
1626375180,0
1626375240,0
1626375300,0
1626375360,0
1626375420,0
1626375480,0
1626375540,1
1626375600,0
1626375660,0
1626375720,0
1626375780,1
1626375840,0
1626375900,0
1626375960,0
1626376020,0
1626376080,0
1626376140,0
1626376200,0
1626376260,0
1626376320,0
1626376380,0
1626376440,0
1626376500,0
1626376560,0
1626376620,1
1626376680,1
1626376740,1
1626376800,0
1626376860,0
1626376920,0
1626376980,0
1626377040,1
1626377100,1
1626377160,1
1626377220,1
1626377280,0
1626377340,0
1626377400,0
1626377460,1
1626377520,1
1626377580,0
1626377640,0
1626377700,0
1626377760,0
1626377820,0
1626377880,0
1626377940,0
1626378000,0
1626378060,1
1626378120,0
1626378180,1
1626378240,0
1626378300,0
1626378360,0
1626378420,1
1626378480,0
1626378540,0
1626378600,0
1626378660,0
1626378720,0
1626378780,0
1626378840,0
1626378900,0
1626378960,0
1626379020,0
1626379080,0
1626379140,0
1626379200,0
1626379260,0
1626379320,0
1626379380,1
1626379440,0
1626379500,0
1626379560,0
1626379620,0
1626379680,0
1626379740,0
1626379800,0
1626379860,0
1626379920,0
1626379980,0
1626380040,1
1626380100,0
1626380160,0
1626380220,0
1626380280,0
1626380340,0
1626380400,0
1626380460,1
1626380520,1
1626380580,0
1626380640,1
1626380700,0
1626380760,0
1626380820,0
1626380880,0
1626380940,0
1626381000,0
1626381060,0
1626381120,0
1626381180,0
1626381240,0
1626381300,0
1626381360,0
1626381420,0
1626381480,0
1626381540,1
1626381600,0
1626381660,1
1626381720,1
1626381780,1
1626381840,1
1626381900,1
1626381960,1
1626382020,1
1626382080,1
1626382140,1
1626382200,1
1626382260,1
1626382320,0
1626382380,0
1626382440,0
1626382500,0
1626382560,0
1626382620,0
1626382680,0
1626382740,0
1626382800,0
1626382860,1
1626382920,0
1626382980,0
1626383040,0
1626383100,0
1626383160,0
1626383220,0
1626383280,0
1626383340,0
1626383400,0
1626383460,0
1626383520,0
1626383580,0
1626383640,0
1626383700,0
1626383760,0
1626383820,0
1626383880,1
1626383940,0
1626384000,0
1626384060,0
1626384120,1
1626384180,1
1626384240,0
1626384300,1
1626384360,1
1626384420,1
1626384480,0
1626384540,1
1626384600,0
1626384660,0
1626384720,0
1626384780,0
1626384840,0
1626384900,0
1626384960,0
1626385020,0
1626385080,0
1626385140,0
1626385200,0
1626385260,1
1626385320,0
1626385380,0
1626385440,0
1626385500,0
1626385560,0
1626385620,0
1626385680,0
1626385740,0
1626385800,1
1626385860,0
1626385920,0
1626385980,0
1626386040,0
1626386100,0
1626386160,1
1626386220,1
1626386280,0
1626386340,0
1626386400,0
1626386460,0
1626386520,0
1626386580,0
1626386640,0
1626386700,0
1626386760,0
1626386820,0
1626386880,1
1626386940,1
1626387000,0
1626387060,1
1626387120,0
1626387180,1
1626387240,0
1626387300,0
1626387360,0
1626387420,0
1626387480,0
1626387540,0
1626387600,0
1626387660,0
1626387720,0
1626387780,0
1626387840,0
1626387900,0
1626387960,0
1626388020,0
1626388080,0
1626388140,0
1626388200,1
1626388260,0
1626388320,0
1626388380,0
1626388440,0
1626388500,0
1626388560,1
1626388620,0
1626388680,1
1626388740,0
1626388800,0
1626388860,0
1626388920,1
1626388980,0
1626389040,1
1626389100,0
1626389160,0
1626389220,0
1626389280,0
1626389340,0
1626389400,0
1626389460,0
1626389520,0
1626389580,0
1626389640,0
1626389700,0
1626389760,0
1626389820,1
1626389880,0
1626389940,0
1626390000,1
1626390060,1
1626390120,0
1626390180,0
1626390240,0
1626390300,0
1626390360,0
1626390420,0
1626390480,0
1626390540,0
1626390600,1
1626390660,1
1626390720,1
1626390780,0
1626390840,0
1626390900,0
1626390960,0
1626391020,0
1626391080,0
1626391140,0
1626391200,0
1626391260,0
1626391320,1
1626391380,0
1626391440,0
1626391500,0
1626391560,0
1626391620,0
1626391680,0
1626391740,0
1626391800,1
1626391860,1
1626391920,1
1626391980,0
1626392040,0
1626392100,0
1626392160,0
1626392220,0
1626392280,0
1626392340,0
1626392400,0
1626392460,0
1626392520,0
1626392580,1
1626392640,1
1626392700,0
1626392760,0
1626392820,0
1626392880,0
1626392940,0
1626393000,0
1626393060,0
1626393120,0
1626393180,0
1626393240,0
1626393300,0
1626393360,0
1626393420,0
1626393480,0
1626393540,0
1626393600,0
1626393660,1
1626393720,0
1626393780,0
1626393840,0
1626393900,1
1626393960,0
1626394020,0
1626394080,0
1626394140,0
1626394200,0
1626394260,0
1626394320,1
1626394380,1
1626394440,0
1626394500,0
1626394560,1
1626394620,1
1626394680,1
1626394740,0
1626394800,0
1626394860,1
1626394920,1
1626394980,0
1626395040,0
1626395100,0
1626395160,1
1626395220,1
1626395280,1
1626395340,0
1626395400,0
1626395460,0
1626395520,0
1626395580,0
1626395640,0
1626395700,0
1626395760,0
1626395820,0
1626395880,0
1626395940,0
1626396000,0
1626396060,0
1626396120,0
1626396180,0
1626396240,0
1626396300,0
1626396360,0
1626396420,0
1626396480,0
1626396540,1
1626396600,0
1626396660,1
1626396720,0
1626396780,0
1626396840,0
1626396900,0
1626396960,0
1626397020,0
1626397080,0
1626397140,0
1626397200,0
1626397260,0
1626397320,1
1626397380,1
1626397440,1
1626397500,1
1626397560,0
1626397620,0
1626397680,1
1626397740,0
1626397800,0
1626397860,0
1626397920,0
1626397980,0
1626398040,0
1626398100,0
1626398160,0
1626398220,0
1626398280,1
1626398340,1
1626398400,0
1626398460,0
1626398520,0
1626398580,0
1626398640,0
1626398700,0
1626398760,0
1626398820,0
1626398880,0
1626398940,0
1626399000,0
1626399060,0
1626399120,0
1626399180,0
1626399240,0
1626399300,0
1626399360,0
1626399420,0
1626399480,0
1626399540,0
1626399600,0
1626399660,0
1626399720,1
1626399780,1
1626399840,1
1626399900,1
1626399960,1
1626400020,1
1626400080,1
1626400140,1
1626400200,1
1626400260,1
1626400320,1
1626400380,0
1626400440,0
1626400500,0
1626400560,0
1626400620,0
1626400680,0
1626400740,0
1626400800,0
1626400860,0
1626400920,0
1626400980,0
1626401040,1
1626401100,1
1626401160,1
1626401220,0
1626401280,0
1626401340,1
1626401400,1
1626401460,0
1626401520,0
1626401580,1
1626401640,0
1626401700,1
1626401760,0
1626401820,0
1626401880,0
1626401940,0
1626402000,0
1626402060,0
1626402120,0
1626402180,0
1626402240,1
1626402300,0
1626402360,1
1626402420,1
1626402480,0
1626402540,0
1626402600,0
1626402660,0
1626402720,0
1626402780,0
1626402840,0
1626402900,0
1626402960,0
1626403020,0
1626403080,0
1626403140,1
1626403200,0
1626403260,0
1626403320,0
1626403380,0
1626403440,0
1626403500,0
1626403560,1
1626403620,1
1626403680,0
1626403740,0
1626403800,0
1626403860,0
1626403920,1
1626403980,0
1626404040,0
1626404100,0
1626404160,0
1626404220,0
1626404280,0
1626404340,0
1626404400,0
1626404460,0
1626404520,0
1626404580,0
1626404640,0
1626404700,0
1626404760,0
1626404820,0
1626404880,0
1626404940,0
1626405000,0
1626405060,1
1626405120,1
1626405180,0
1626405240,0
1626405300,0
1626405360,0
1626405420,0
1626405480,0
1626405540,0
1626405600,0
1626405660,0
1626405720,0
1626405780,1
1626405840,0
1626405900,0
1626405960,1
1626406020,0
1626406080,0
1626406140,0
1626406200,0
1626406260,0
1626406320,0
1626406380,0
1626406440,0
1626406500,0
1626406560,0
1626406620,0
1626406680,0
1626406740,0
1626406800,0
1626406860,0
1626406920,0
1626406980,0
1626407040,1
1626407100,0
1626407160,0
1626407220,0
1626407280,1
1626407340,0
1626407400,0
1626407460,1
1626407520,1
1626407580,0
1626407640,0
1626407700,0
1626407760,0
1626407820,0
1626407880,0
1626407940,0
1626408000,0
1626408060,0
1626408120,0
1626408180,1
1626408240,0
1626408300,0
1626408360,0
1626408420,0
1626408480,0
1626408540,0
1626408600,0
1626408660,0
1626408720,0
1626408780,0
1626408840,0
1626408900,0
1626408960,0
1626409020,0
1626409080,1
1626409140,0
1626409200,1
1626409260,1
1626409320,0
1626409380,0
1626409440,0
1626409500,0
1626409560,0
1626409620,0
1626409680,0
1626409740,0
1626409800,1
1626409860,1
1626409920,1
1626409980,1
1626410040,1
1626410100,1
1626410160,1
1626410220,1
1626410280,1
1626410340,1
1626410400,1
1626410460,0
1626410520,0
1626410580,0
1626410640,0
1626410700,0
1626410760,0
1626410820,0
1626410880,0
1626410940,1
1626411000,0
1626411060,0
1626411120,1
1626411180,1
1626411240,0
1626411300,0
1626411360,0
1626411420,0
1626411480,0
1626411540,0
1626411600,0
1626411660,0
1626411720,0
1626411780,0
1626411840,0
1626411900,0
1626411960,0
1626412020,0
1626412080,1
1626412140,1
1626412200,0
1626412260,0
1626412320,1
1626412380,1
1626412440,1
1626412500,0
1626412560,0
1626412620,0
1626412680,0
1626412740,0
1626412800,0
1626412860,0
1626412920,1
1626412980,0
1626413040,0
1626413100,1
1626413160,0
1626413220,1
1626413280,0
1626413340,0
1626413400,1
1626413460,0
1626413520,0
1626413580,0
1626413640,0
1626413700,1
1626413760,0
1626413820,1
1626413880,0
1626413940,0
1626414000,0
1626414060,0
1626414120,1
1626414180,0
1626414240,0
1626414300,0
1626414360,1
1626414420,0
1626414480,0
1626414540,0
1626414600,0
1626414660,1
1626414720,1
1626414780,0
1626414840,0
1626414900,0
1626414960,0
1626415020,1
1626415080,1
1626415140,0
1626415200,0
1626415260,0
1626415320,0
1626415380,0
1626415440,0
1626415500,0
1626415560,0
1626415620,0
1626415680,1
1626415740,1
1626415800,1
1626415860,0
1626415920,0
1626415980,0
1626416040,0
1626416100,0
1626416160,0
1626416220,0
1626416280,1
1626416340,1
1626416400,0
1626416460,1
1626416520,0
1626416580,0
1626416640,1
1626416700,0
1626416760,1
1626416820,0
1626416880,1
1626416940,0
1626417000,0
1626417060,0
1626417120,1
1626417180,0
1626417240,0
1626417300,0
1626417360,0
1626417420,1
1626417480,1
1626417540,0
1626417600,0
1626417660,0
1626417720,0
1626417780,0
1626417840,0
1626417900,0
1626417960,1
1626418020,0
1626418080,1
1626418140,1
1626418200,0
1626418260,0
1626418320,0
1626418380,0
1626418440,0
1626418500,0
1626418560,0
1626418620,0
1626418680,0
1626418740,0
1626418800,0
1626418860,0
1626418920,0
1626418980,0
1626419040,0
1626419100,0
1626419160,0
1626419220,1
1626419280,0
1626419340,0
1626419400,0
1626419460,1
1626419520,1
1626419580,0
1626419640,0
1626419700,0
1626419760,0
1626419820,1
1626419880,0
1626419940,0
1626420000,0
1626420060,0
1626420120,0
1626420180,0
1626420240,0
1626420300,0
1626420360,0
1626420420,0
1626420480,0
1626420540,0
1626420600,0
1626420660,0
1626420720,1
1626420780,1
1626420840,0
1626420900,0
1626420960,0
1626421020,0
1626421080,0
1626421140,0
1626421200,0
1626421260,0
1626421320,0
1626421380,0
1626421440,0
1626421500,1
1626421560,0
1626421620,1
1626421680,1
1626421740,0
1626421800,0
1626421860,0
1626421920,1
1626421980,0
1626422040,1
1626422100,0
1626422160,0
1626422220,0
1626422280,0
1626422340,0
1626422400,0
1626422460,0
1626422520,0
1626422580,0
1626422640,0
1626422700,0
1626422760,1
1626422820,0
1626422880,0
1626422940,0
1626423000,0
1626423060,0
1626423120,0
1626423180,0
1626423240,0
1626423300,0
1626423360,1
1626423420,0
1626423480,1
1626423540,0
1626423600,0
1626423660,0
1626423720,0
1626423780,0
1626423840,0
1626423900,0
1626423960,0
1626424020,1
1626424080,1
1626424140,0
1626424200,0
1626424260,0
1626424320,0
1626424380,0
1626424440,0
1626424500,0
1626424560,1
1626424620,1
1626424680,0
1626424740,1
1626424800,1
1626424860,0
1626424920,0
1626424980,0
1626425040,0
1626425100,0
1626425160,0
1626425220,1
1626425280,1
1626425340,0
1626425400,0
1626425460,0
1626425520,0
1626425580,1
1626425640,0
1626425700,1
1626425760,1
1626425820,1
1626425880,0
1626425940,0
1626426000,0
1626426060,0
1626426120,0
1626426180,0
1626426240,0
1626426300,0
1626426360,0
1626426420,0
1626426480,0
1626426540,0
1626426600,0
1626426660,0
1626426720,0
1626426780,0
1626426840,0
1626426900,1
1626426960,1
1626427020,0
1626427080,0
1626427140,0
1626427200,0
1626427260,0
1626427320,0
1626427380,0
1626427440,0
1626427500,0
1626427560,0
1626427620,0
1626427680,0
1626427740,0
1626427800,0
1626427860,1
1626427920,0
1626427980,0
1626428040,0
1626428100,0
1626428160,0
1626428220,0
1626428280,0
1626428340,0
1626428400,0
1626428460,0
1626428520,0
1626428580,0
1626428640,0
1626428700,0
1626428760,1
1626428820,1
1626428880,0
1626428940,0
1626429000,0
1626429060,1
1626429120,1
1626429180,0
1626429240,0
1626429300,1
1626429360,1
1626429420,1
1626429480,1
1626429540,1
1626429600,1
1626429660,1
1626429720,1
1626429780,1
1626429840,1
1626429900,1
1626429960,0
1626430020,0
1626430080,0
1626430140,0
1626430200,0
1626430260,0
1626430320,0
1626430380,0
1626430440,0
1626430500,0
1626430560,0
1626430620,0
1626430680,0
1626430740,0
1626430800,0
1626430860,1
1626430920,1
1626430980,1
1626431040,1
1626431100,0
1626431160,0
1626431220,0
1626431280,0
1626431340,0
1626431400,0
1626431460,0
1626431520,1
1626431580,1
1626431640,0
1626431700,0
1626431760,0
1626431820,0
1626431880,0
1626431940,0
1626432000,0
1626432060,0
1626432120,0
1626432180,0
1626432240,0
1626432300,0
1626432360,0
1626432420,0
1626432480,0
1626432540,0
1626432600,0
1626432660,1
1626432720,0
1626432780,0
1626432840,0
1626432900,1
1626432960,0
1626433020,0
1626433080,0
1626433140,0
1626433200,0
1626433260,0
1626433320,0
1626433380,0
1626433440,0
1626433500,1
1626433560,0
1626433620,1
1626433680,0
1626433740,0
1626433800,0
1626433860,0
1626433920,0
1626433980,1
1626434040,0
1626434100,0
1626434160,0
1626434220,0
1626434280,0
1626434340,0
1626434400,0
1626434460,0
1626434520,0
1626434580,0
1626434640,1
1626434700,1
1626434760,0
1626434820,0
1626434880,0
1626434940,0
1626435000,0
1626435060,0
1626435120,0
1626435180,1
1626435240,0
1626435300,0
1626435360,1
1626435420,0
1626435480,0
1626435540,1
1626435600,1
1626435660,0
1626435720,0
1626435780,0
1626435840,0
1626435900,0
1626435960,1
1626436020,0
1626436080,0
1626436140,0
1626436200,0
1626436260,1
1626436320,0
1626436380,0
1626436440,0
1626436500,0
1626436560,0
1626436620,0
1626436680,0
1626436740,1
1626436800,0
1626436860,0
1626436920,0
1626436980,0
1626437040,0
1626437100,1
1626437160,0
1626437220,0
1626437280,1
1626437340,0
1626437400,0
1626437460,0
1626437520,0
1626437580,0
1626437640,1
1626437700,0
1626437760,0
1626437820,0
1626437880,0
1626437940,0
1626438000,0
1626438060,0
1626438120,0
1626438180,0
1626438240,0
1626438300,0
1626438360,1
1626438420,1
1626438480,0
1626438540,0
1626438600,0
1626438660,0
1626438720,1
1626438780,1
1626438840,0
1626438900,0
1626438960,0
1626439020,0
1626439080,0
1626439140,1
1626439200,0
1626439260,1
1626439320,0
1626439380,0
1626439440,1
1626439500,0
1626439560,0
1626439620,0
1626439680,0
1626439740,0
1626439800,0
1626439860,0
1626439920,1
1626439980,1
1626440040,1
1626440100,1
1626440160,0
1626440220,0
1626440280,0
1626440340,0
1626440400,0
1626440460,0
1626440520,0
1626440580,0
1626440640,0
1626440700,0
1626440760,1
1626440820,0
1626440880,0
1626440940,1
1626441000,0
1626441060,0
1626441120,0
1626441180,0
1626441240,0
1626441300,0
1626441360,0
1626441420,1
1626441480,0
1626441540,0
1626441600,0
1626441660,0
1626441720,0
1626441780,0
1626441840,0
1626441900,0
1626441960,0
1626442020,1
1626442080,1
1626442140,0
1626442200,0
1626442260,0
1626442320,0
1626442380,1
1626442440,0
1626442500,0
1626442560,0
1626442620,0
1626442680,0
1626442740,0
1626442800,1
1626442860,0
1626442920,0
1626442980,0
1626443040,0
1626443100,0
1626443160,1
1626443220,0
1626443280,1
1626443340,0
1626443400,0
1626443460,0
1626443520,0
1626443580,0
1626443640,0
1626443700,1
1626443760,0
1626443820,0
1626443880,0
1626443940,0
1626444000,0
1626444060,0
1626444120,0
1626444180,0
1626444240,1
1626444300,1
1626444360,0
1626444420,0
1626444480,0
1626444540,1
1626444600,1
1626444660,1
1626444720,0
1626444780,1
1626444840,0
1626444900,0
1626444960,0
1626445020,0
1626445080,0
1626445140,0
1626445200,0
1626445260,0
1626445320,0
1626445380,0
1626445440,0
1626445500,1
1626445560,1
1626445620,1
1626445680,1
1626445740,1
1626445800,1
1626445860,1
1626445920,1
1626445980,1
1626446040,1
1626446100,1
1626446160,0
1626446220,0
1626446280,0
1626446340,1
1626446400,1
1626446460,0
1626446520,0
1626446580,0
1626446640,0
1626446700,1
1626446760,0
1626446820,1
1626446880,1
1626446940,0
1626447000,0
1626447060,0
1626447120,0
1626447180,0
1626447240,1
1626447300,0
1626447360,0
1626447420,0
1626447480,1
1626447540,0
1626447600,0
1626447660,1
1626447720,0
1626447780,0
1626447840,0
1626447900,0
1626447960,0
1626448020,0
1626448080,0
1626448140,0
1626448200,0
1626448260,0
1626448320,0
1626448380,1
1626448440,1
1626448500,0
1626448560,0
1626448620,1
1626448680,0
1626448740,0
1626448800,0
1626448860,0
1626448920,0
1626448980,0
1626449040,0
1626449100,0
1626449160,1
1626449220,0
1626449280,0
1626449340,0
1626449400,0
1626449460,0
1626449520,0
1626449580,1
1626449640,0
1626449700,0
1626449760,1
1626449820,0
1626449880,0
1626449940,0
1626450000,0
1626450060,0
1626450120,1
1626450180,0
1626450240,0
1626450300,0
1626450360,0
1626450420,0
1626450480,0
1626450540,0
1626450600,0
1626450660,0
1626450720,0
1626450780,0
1626450840,0
1626450900,0
1626450960,0
1626451020,0
1626451080,1
1626451140,0
1626451200,0
1626451260,0
1626451320,0
1626451380,0
1626451440,1
1626451500,0
1626451560,0
1626451620,0
1626451680,0
1626451740,0
1626451800,0
1626451860,1
1626451920,1
1626451980,0
1626452040,0
1626452100,0
1626452160,0
1626452220,0
1626452280,0
1626452340,0
1626452400,0
1626452460,0
1626452520,0
1626452580,0
1626452640,0
1626452700,0
1626452760,0
1626452820,0
1626452880,0
1626452940,1
1626453000,1
1626453060,0
1626453120,0
1626453180,0
1626453240,0
1626453300,0
1626453360,0
1626453420,0
1626453480,0
1626453540,0
1626453600,0
1626453660,0
1626453720,0
1626453780,0
1626453840,1
1626453900,0
1626453960,0
1626454020,0
1626454080,0
1626454140,0
1626454200,0
1626454260,0
1626454320,0
1626454380,0
1626454440,0
1626454500,1
1626454560,0
1626454620,1
1626454680,0
1626454740,1
1626454800,0
1626454860,0
1626454920,1
1626454980,0
1626455040,1
1626455100,0
1626455160,0
1626455220,0
1626455280,0
1626455340,0
1626455400,0
1626455460,0
1626455520,0
1626455580,0
1626455640,0
1626455700,0
1626455760,0
1626455820,0
1626455880,0
1626455940,1
1626456000,0
1626456060,1
1626456120,0
1626456180,0
1626456240,0
1626456300,0
1626456360,0
1626456420,0
1626456480,1
1626456540,1
1626456600,0
1626456660,0
1626456720,0
1626456780,1
1626456840,0
1626456900,0
1626456960,0
1626457020,0
1626457080,0
1626457140,1
1626457200,0
1626457260,1
1626457320,0
1626457380,0
1626457440,0
1626457500,1
1626457560,0
1626457620,0
1626457680,1
1626457740,0
1626457800,0
1626457860,1
1626457920,0
1626457980,1
1626458040,0
1626458100,0
1626458160,0
1626458220,0
1626458280,0
1626458340,0
1626458400,1
1626458460,1
1626458520,0
1626458580,0
1626458640,0
1626458700,0
1626458760,0
1626458820,0
1626458880,0
1626458940,0
1626459000,0
1626459060,0
1626459120,0
1626459180,0
1626459240,0
1626459300,0
1626459360,1
1626459420,0
1626459480,1
1626459540,1
1626459600,0
1626459660,0
1626459720,0
1626459780,0
1626459840,0
1626459900,0
1626459960,0
1626460020,0
1626460080,0
1626460140,1
1626460200,1
1626460260,0
1626460320,0
1626460380,0
1626460440,0
1626460500,0
1626460560,0
1626460620,0
1626460680,0
1626460740,0
1626460800,0
1626460860,0
1626460920,0
1626460980,0
1626461040,0
1626461100,0
1626461160,0
1626461220,0
1626461280,0
1626461340,0
1626461400,0
1626461460,1
1626461520,0
1626461580,1
1626461640,1
1626461700,0
1626461760,1
1626461820,0
1626461880,0
1626461940,0
1626462000,0
1626462060,1
1626462120,0
1626462180,0
1626462240,1
1626462300,1
1626462360,0
1626462420,0
1626462480,0
1626462540,1
1626462600,1
1626462660,0
1626462720,1
1626462780,1
1626462840,0
1626462900,0
1626462960,0
1626463020,0
1626463080,0
1626463140,0
1626463200,0
1626463260,0
1626463320,1
1626463380,1
1626463440,1
1626463500,0
1626463560,0
1626463620,0
1626463680,0
1626463740,0
1626463800,0
1626463860,1
1626463920,0
1626463980,0
1626464040,0
1626464100,0
1626464160,0
1626464220,0
1626464280,0
1626464340,0
1626464400,0
1626464460,0
1626464520,0
1626464580,0
1626464640,0
1626464700,0
1626464760,1
1626464820,0
1626464880,0
1626464940,0
1626465000,1
1626465060,0
1626465120,0
1626465180,0
1626465240,0
1626465300,0
1626465360,1
1626465420,0
1626465480,0
1626465540,0
1626465600,1
1626465660,0
1626465720,0
1626465780,0
1626465840,0
1626465900,0
1626465960,0
1626466020,0
1626466080,0
1626466140,0
1626466200,0
1626466260,0
1626466320,0
1626466380,0
1626466440,0
1626466500,0
1626466560,0
1626466620,0
1626466680,0
1626466740,0
1626466800,0
1626466860,0
1626466920,0
1626466980,1
1626467040,0
1626467100,0
1626467160,1
1626467220,0
1626467280,0
1626467340,0
1626467400,0
1626467460,0
1626467520,1
1626467580,0
1626467640,0
1626467700,0
1626467760,0
1626467820,0
1626467880,1
1626467940,0
1626468000,0
1626468060,0
1626468120,0
1626468180,0
1626468240,0
1626468300,1
1626468360,0
1626468420,1
1626468480,0
1626468540,0
1626468600,1
1626468660,1
1626468720,0
1626468780,0
1626468840,0
1626468900,0
1626468960,0
1626469020,0
1626469080,0
1626469140,1
1626469200,0
1626469260,0
1626469320,0
1626469380,0
1626469440,0
1626469500,1
1626469560,1
1626469620,0
1626469680,0
1626469740,0
1626469800,0
1626469860,0
1626469920,0
1626469980,0
1626470040,1
1626470100,0
1626470160,0
1626470220,0
1626470280,0
1626470340,0
1626470400,1
1626470460,0
1626470520,0
1626470580,0
1626470640,0
1626470700,0
1626470760,0
1626470820,0
1626470880,0
1626470940,0
1626471000,0
1626471060,0
1626471120,1
1626471180,0
1626471240,0
1626471300,0
1626471360,0
1626471420,1
1626471480,0
1626471540,0
1626471600,1
1626471660,1
1626471720,0
1626471780,0
1626471840,0
1626471900,1
1626471960,0
1626472020,0
1626472080,1
1626472140,1
1626472200,0
1626472260,0
1626472320,0
1626472380,0
1626472440,0
1626472500,0
1626472560,0
1626472620,1
1626472680,0
1626472740,0
1626472800,0
1626472860,0
1626472920,0
1626472980,0
1626473040,0
1626473100,1
1626473160,0
1626473220,1
1626473280,0
1626473340,0
1626473400,0
1626473460,0
1626473520,1
1626473580,1
1626473640,0
1626473700,1
1626473760,0
1626473820,0
1626473880,0
1626473940,0
1626474000,0
1626474060,0
1626474120,0
1626474180,0
1626474240,0
1626474300,0
1626474360,0
1626474420,1
1626474480,0
1626474540,0
1626474600,0
1626474660,0
1626474720,0
1626474780,0
1626474840,0
1626474900,0
1626474960,0
1626475020,0
1626475080,0
1626475140,1
1626475200,0
1626475260,0
1626475320,0
1626475380,1
1626475440,0
1626475500,0
1626475560,1
1626475620,0
1626475680,0
1626475740,0
1626475800,0
1626475860,0
1626475920,0
1626475980,0
1626476040,1
1626476100,0
1626476160,1
1626476220,0
1626476280,1
1626476340,1
1626476400,0
1626476460,0
1626476520,0
1626476580,0
1626476640,0
1626476700,0
1626476760,0
1626476820,0
1626476880,0
1626476940,0
1626477000,0
1626477060,0
1626477120,0
1626477180,0
1626477240,1
1626477300,0
1626477360,0
1626477420,0
1626477480,0
1626477540,0
1626477600,0
1626477660,0
1626477720,0
1626477780,0
1626477840,0
1626477900,0
1626477960,0
1626478020,1
1626478080,1
1626478140,1
1626478200,0
1626478260,0
1626478320,0
1626478380,0
1626478440,1
1626478500,0
1626478560,0
1626478620,0
1626478680,0
1626478740,0
1626478800,0
1626478860,1
1626478920,0
1626478980,0
1626479040,0
1626479100,0
1626479160,0
1626479220,0
1626479280,0
1626479340,0
1626479400,0
1626479460,0
1626479520,0
1626479580,0
1626479640,0
1626479700,0
1626479760,1
1626479820,0
1626479880,0
1626479940,0
1626480000,0
1626480060,0
1626480120,1
1626480180,0
1626480240,1
1626480300,0
1626480360,0
1626480420,0
1626480480,0
1626480540,1
1626480600,1
1626480660,0
1626480720,0
1626480780,1
1626480840,0
1626480900,0
1626480960,0
1626481020,0
1626481080,1
1626481140,1
1626481200,0
1626481260,1
1626481320,1
1626481380,0
1626481440,0
1626481500,0
1626481560,0
1626481620,0
1626481680,0
1626481740,0
1626481800,0
1626481860,0
1626481920,0
1626481980,0
1626482040,0
1626482100,0
1626482160,1
1626482220,0
1626482280,0
1626482340,0
1626482400,0
1626482460,1
1626482520,0
1626482580,0
1626482640,0
1626482700,0
1626482760,0
1626482820,0
1626482880,0
1626482940,1
1626483000,1
1626483060,1
1626483120,0
1626483180,0
1626483240,1
1626483300,1
1626483360,0
1626483420,0
1626483480,0
1626483540,0
1626483600,1
1626483660,0
1626483720,0
1626483780,0
1626483840,1
1626483900,0
1626483960,0
1626484020,0
1626484080,0
1626484140,0
1626484200,1
1626484260,0
1626484320,0
1626484380,0
1626484440,1
1626484500,0
1626484560,1
1626484620,0
1626484680,1
1626484740,0
1626484800,1
1626484860,0
1626484920,1
1626484980,1
1626485040,1
1626485100,0
1626485160,0
1626485220,0
1626485280,0
1626485340,0
1626485400,1
1626485460,1
1626485520,1
1626485580,0
1626485640,1
1626485700,0
1626485760,0
1626485820,0
1626485880,0
1626485940,0
1626486000,0
1626486060,0
1626486120,0
1626486180,0
1626486240,0
1626486300,0
1626486360,0
1626486420,0
1626486480,0
1626486540,0
1626486600,0
1626486660,0
1626486720,0
1626486780,0
1626486840,0
1626486900,0
1626486960,0
1626487020,0
1626487080,0
1626487140,0
1626487200,1
1626487260,1
1626487320,0
1626487380,0
1626487440,1
1626487500,0
1626487560,0
1626487620,0
1626487680,0
1626487740,1
1626487800,1
1626487860,0
1626487920,0
1626487980,0
1626488040,0
1626488100,0
1626488160,0
1626488220,0
1626488280,0
1626488340,0
1626488400,0
1626488460,0
1626488520,0
1626488580,0
1626488640,0
1626488700,0
1626488760,0
1626488820,0
1626488880,0
1626488940,0
1626489000,0
1626489060,0
1626489120,0
1626489180,0
1626489240,0
1626489300,0
1626489360,0
1626489420,0
1626489480,0
1626489540,0
1626489600,0
1626489660,0
1626489720,0
1626489780,0
1626489840,0
1626489900,0
1626489960,0
1626490020,0
1626490080,0
1626490140,0
1626490200,0
1626490260,0
1626490320,0
1626490380,1
1626490440,0
1626490500,0
1626490560,0
1626490620,0
1626490680,0
1626490740,0
1626490800,1
1626490860,1
1626490920,1
1626490980,1
1626491040,1
1626491100,1
1626491160,1
1626491220,1
1626491280,1
1626491340,1
1626491400,1
1626491460,0
1626491520,0
1626491580,0
1626491640,0
1626491700,0
1626491760,0
1626491820,0
1626491880,0
1626491940,0
1626492000,0
1626492060,0
1626492120,0
1626492180,0
1626492240,0
1626492300,0
1626492360,0
1626492420,0
1626492480,1
1626492540,1
1626492600,0
1626492660,1
1626492720,0
1626492780,0
1626492840,0
1626492900,0
1626492960,0
1626493020,0
1626493080,0
1626493140,0
1626493200,0
1626493260,1
1626493320,0
1626493380,1
1626493440,0
1626493500,0
1626493560,0
1626493620,0
1626493680,0
1626493740,0
1626493800,0
1626493860,0
1626493920,0
1626493980,0
1626494040,1
1626494100,0
1626494160,0
1626494220,0
1626494280,1
1626494340,1
1626494400,0
1626494460,0
1626494520,0
1626494580,0
1626494640,0
1626494700,0
1626494760,0
1626494820,0
1626494880,0
1626494940,0
1626495000,1
1626495060,0
1626495120,0
1626495180,0
1626495240,0
1626495300,0
1626495360,0
1626495420,0
1626495480,0
1626495540,1
1626495600,1
1626495660,0
1626495720,1
1626495780,1
1626495840,1
1626495900,0
1626495960,0
1626496020,1
1626496080,0
1626496140,1
1626496200,0
1626496260,1
1626496320,1
1626496380,0
1626496440,0
1626496500,0
1626496560,1
1626496620,0
1626496680,0
1626496740,0
1626496800,0
1626496860,0
1626496920,1
1626496980,0
1626497040,0
1626497100,1
1626497160,0
1626497220,0
1626497280,0
1626497340,0
1626497400,0
1626497460,0
1626497520,0
1626497580,0
1626497640,0
1626497700,0
1626497760,0
1626497820,0
1626497880,0
1626497940,1
1626498000,0
1626498060,0
1626498120,0
1626498180,1
1626498240,1
1626498300,0
1626498360,0
1626498420,0
1626498480,0
1626498540,0
1626498600,1
1626498660,0
1626498720,0
1626498780,0
1626498840,0
1626498900,1
1626498960,1
1626499020,0
1626499080,0
1626499140,0
1626499200,1
1626499260,0
1626499320,0
1626499380,0
1626499440,0
1626499500,0
1626499560,0
1626499620,0
1626499680,1
1626499740,0
1626499800,0
1626499860,0
1626499920,1
1626499980,0
1626500040,0
1626500100,0
1626500160,0
1626500220,0
1626500280,0
1626500340,0
1626500400,1
1626500460,1
1626500520,1
1626500580,1
1626500640,0
1626500700,0
1626500760,0
1626500820,1
1626500880,0
1626500940,1
1626501000,0
1626501060,0
1626501120,1
1626501180,1
1626501240,0
1626501300,0
1626501360,0
1626501420,0
1626501480,0
1626501540,0
1626501600,0
1626501660,1
1626501720,0
1626501780,0
1626501840,0
1626501900,0
1626501960,0
1626502020,0
1626502080,1
1626502140,0
1626502200,0
1626502260,0
1626502320,0
1626502380,0
1626502440,1
1626502500,1
1626502560,0
1626502620,0
1626502680,0
1626502740,0
1626502800,1
1626502860,0
1626502920,0
1626502980,0
1626503040,0
1626503100,0
1626503160,1
1626503220,0
1626503280,0
1626503340,0
1626503400,0
1626503460,0
1626503520,1
1626503580,1
1626503640,0
1626503700,0
1626503760,0
1626503820,0
1626503880,0
1626503940,0
1626504000,0
1626504060,1
1626504120,1
1626504180,0
1626504240,0
1626504300,0
1626504360,0
1626504420,0
1626504480,0
1626504540,0
1626504600,1
1626504660,0
1626504720,0
1626504780,0
1626504840,1
1626504900,0
1626504960,0
1626505020,0
1626505080,0
1626505140,0
1626505200,1
1626505260,0
1626505320,0
1626505380,0
1626505440,0
1626505500,0
1626505560,0
1626505620,0
1626505680,0
1626505740,0
1626505800,0
1626505860,1
1626505920,0
1626505980,0
1626506040,0
1626506100,1
1626506160,1
1626506220,0
1626506280,0
1626506340,0
1626506400,0
1626506460,1
1626506520,0
1626506580,0
1626506640,0
1626506700,0
1626506760,0
1626506820,0
1626506880,0
1626506940,0
1626507000,0
1626507060,0
1626507120,0
1626507180,0
1626507240,0
1626507300,0
1626507360,0
1626507420,0
1626507480,0
1626507540,0
1626507600,0
1626507660,0
1626507720,0
1626507780,0
1626507840,0
1626507900,0
1626507960,0
1626508020,0
1626508080,0
1626508140,0
1626508200,0
1626508260,0
1626508320,0
1626508380,0
1626508440,0
1626508500,0
1626508560,1
1626508620,0
1626508680,1
1626508740,1
1626508800,1
1626508860,1
1626508920,1
1626508980,1
1626509040,1
1626509100,1
1626509160,1
1626509220,1
1626509280,1
1626509340,0
1626509400,0
1626509460,0
1626509520,0
1626509580,1
1626509640,0
1626509700,1
1626509760,1
1626509820,1
1626509880,0
1626509940,1
1626510000,0
1626510060,1
1626510120,0
1626510180,1
1626510240,1
1626510300,0
1626510360,1
1626510420,1
1626510480,1
1626510540,1
1626510600,1
1626510660,0
1626510720,0
1626510780,0
1626510840,1
1626510900,1
1626510960,1
1626511020,1
1626511080,1
1626511140,1
1626511200,0
1626511260,0
1626511320,0
1626511380,0
1626511440,0
1626511500,0
1626511560,0
1626511620,0
1626511680,0
1626511740,0
1626511800,0
1626511860,0
1626511920,0
1626511980,0
1626512040,0
1626512100,1
1626512160,0
1626512220,1
1626512280,0
1626512340,0
1626512400,0
1626512460,0
1626512520,0
1626512580,0
1626512640,0
1626512700,0
1626512760,0
1626512820,0
1626512880,0
1626512940,1
1626513000,0
1626513060,0
1626513120,1
1626513180,1
1626513240,1
1626513300,1
1626513360,0
1626513420,0
1626513480,0
1626513540,0
1626513600,0
1626513660,0
1626513720,0
1626513780,0
1626513840,0
1626513900,0
1626513960,0
1626514020,0
1626514080,0
1626514140,0
1626514200,0
1626514260,0
1626514320,0
1626514380,0
1626514440,0
1626514500,0
1626514560,1
1626514620,0
1626514680,0
1626514740,0
1626514800,0
1626514860,0
1626514920,1
1626514980,1
1626515040,0
1626515100,0
1626515160,1
1626515220,0
1626515280,0
1626515340,0
1626515400,0
1626515460,0
1626515520,0
1626515580,0
1626515640,1
1626515700,1
1626515760,0
1626515820,0
1626515880,1
1626515940,0
1626516000,1
1626516060,0
1626516120,0
1626516180,0
1626516240,0
1626516300,0
1626516360,0
1626516420,0
1626516480,1
1626516540,1
1626516600,0
1626516660,0
1626516720,0
1626516780,0
1626516840,0
1626516900,1
1626516960,1
1626517020,0
1626517080,0
1626517140,0
1626517200,0
1626517260,0
1626517320,0
1626517380,0
1626517440,0
1626517500,1
1626517560,0
1626517620,0
1626517680,0
1626517740,0
1626517800,0
1626517860,0
1626517920,0
1626517980,0
1626518040,0
1626518100,0
1626518160,0
1626518220,0
1626518280,0
1626518340,0
1626518400,0
1626518460,0
1626518520,0
1626518580,0
1626518640,0
1626518700,0
1626518760,0
1626518820,0
1626518880,0
1626518940,0
1626519000,0
1626519060,0
1626519120,0
1626519180,0
1626519240,0
1626519300,0
1626519360,1
1626519420,0
1626519480,0
1626519540,0
1626519600,0
1626519660,0
1626519720,0
1626519780,0
1626519840,0
1626519900,0
1626519960,0
1626520020,0
1626520080,0
1626520140,0
1626520200,1
1626520260,1
1626520320,0
1626520380,0
1626520440,0
1626520500,0
1626520560,0
1626520620,0
1626520680,0
1626520740,0
1626520800,0
1626520860,0
1626520920,0
1626520980,1
1626521040,0
1626521100,0
1626521160,0
1626521220,0
1626521280,0
1626521340,0
1626521400,0
1626521460,0
1626521520,0
1626521580,0
1626521640,0
1626521700,0
1626521760,1
1626521820,1
1626521880,1
1626521940,0
1626522000,0
1626522060,1
1626522120,0
1626522180,0
1626522240,0
1626522300,0
1626522360,0
1626522420,0
1626522480,0
1626522540,0
1626522600,0
1626522660,0
1626522720,0
1626522780,1
1626522840,0
1626522900,0
1626522960,0
1626523020,0
1626523080,0
1626523140,0
1626523200,0
1626523260,1
1626523320,0
1626523380,0
1626523440,1
1626523500,0
1626523560,1
1626523620,0
1626523680,0
1626523740,0
1626523800,0
1626523860,1
1626523920,1
1626523980,0
1626524040,0
1626524100,0
1626524160,0
1626524220,0
1626524280,0
1626524340,0
1626524400,0
1626524460,0
1626524520,0
1626524580,0
1626524640,0
1626524700,0
1626524760,0
1626524820,0
1626524880,0
1626524940,0
1626525000,1
1626525060,1
1626525120,0
1626525180,0
1626525240,0
1626525300,0
1626525360,0
1626525420,0
1626525480,0
1626525540,0
1626525600,0
1626525660,0
1626525720,0
1626525780,0
1626525840,0
1626525900,1
1626525960,0
1626526020,0
1626526080,0
1626526140,1
1626526200,1
1626526260,0
1626526320,1
1626526380,0
1626526440,0
1626526500,0
1626526560,0
1626526620,0
1626526680,0
1626526740,0
1626526800,1
1626526860,0
1626526920,1
1626526980,0
1626527040,0
1626527100,0
1626527160,0
1626527220,0
1626527280,0
1626527340,1
1626527400,0
1626527460,0
1626527520,0
1626527580,0
1626527640,1
1626527700,1
1626527760,0
1626527820,0
1626527880,0
1626527940,0
1626528000,0
1626528060,0
1626528120,1
1626528180,0
1626528240,0
1626528300,0
1626528360,0
1626528420,1
1626528480,0
1626528540,0
1626528600,1
1626528660,1
1626528720,0
1626528780,0
1626528840,0
1626528900,0
1626528960,0
1626529020,0
1626529080,0
1626529140,0
1626529200,0
1626529260,0
1626529320,0
1626529380,1
1626529440,1
1626529500,0
1626529560,0
1626529620,0
1626529680,0
1626529740,0
1626529800,0
1626529860,0
1626529920,0
1626529980,0
1626530040,0
1626530100,0
1626530160,0
1626530220,0
1626530280,0
1626530340,0
1626530400,0
1626530460,0
1626530520,0
1626530580,0
1626530640,0
1626530700,0
1626530760,0
1626530820,0
1626530880,0
1626530940,0
1626531000,1
1626531060,1
1626531120,0
1626531180,0
1626531240,0
1626531300,0
1626531360,0
1626531420,1
1626531480,0
1626531540,0
1626531600,0
1626531660,0
1626531720,0
1626531780,0
1626531840,0
1626531900,0
1626531960,0
1626532020,0
1626532080,0
1626532140,1
1626532200,0
1626532260,0
1626532320,1
1626532380,0
1626532440,1
1626532500,1
1626532560,0
1626532620,0
1626532680,0
1626532740,0
1626532800,0
1626532860,0
1626532920,1
1626532980,1
1626533040,0
1626533100,0
1626533160,0
1626533220,0
1626533280,0
1626533340,0
1626533400,0
1626533460,0
1626533520,0
1626533580,0
1626533640,0
1626533700,0
1626533760,0
1626533820,0
1626533880,0
1626533940,0
1626534000,1
1626534060,0
1626534120,1
1626534180,0
1626534240,0
1626534300,0
1626534360,0
1626534420,1
1626534480,0
1626534540,0
1626534600,0
1626534660,0
1626534720,0
1626534780,0
1626534840,0
1626534900,0
1626534960,0
1626535020,0
1626535080,0
1626535140,0
1626535200,0
1626535260,1
1626535320,0
1626535380,1
1626535440,0
1626535500,0
1626535560,1
1626535620,0
1626535680,1
1626535740,0
1626535800,1
1626535860,0
1626535920,0
1626535980,0
1626536040,0
1626536100,1
1626536160,1
1626536220,0
1626536280,0
1626536340,0
1626536400,0
1626536460,0
1626536520,0
1626536580,0
1626536640,0
1626536700,1
1626536760,0
1626536820,0
1626536880,0
1626536940,0
1626537000,1
1626537060,0
1626537120,0
1626537180,1
1626537240,0
1626537300,1
1626537360,0
1626537420,1
1626537480,0
1626537540,0
1626537600,0
1626537660,1
1626537720,0
1626537780,1
1626537840,0
1626537900,0
1626537960,0
1626538020,0
1626538080,0
1626538140,1
1626538200,0
1626538260,0
1626538320,0
1626538380,0
1626538440,0
1626538500,0
1626538560,0
1626538620,1
1626538680,1
1626538740,1
1626538800,1
1626538860,0
1626538920,0
1626538980,0
1626539040,0
1626539100,0
1626539160,0
1626539220,1
1626539280,1
1626539340,0
1626539400,1
1626539460,0
1626539520,0
1626539580,0
1626539640,0
1626539700,1
1626539760,0
1626539820,0
1626539880,0
1626539940,0
1626540000,0
1626540060,0
1626540120,1
1626540180,1
1626540240,0
1626540300,0
1626540360,0
1626540420,0
1626540480,0
1626540540,0
1626540600,1
1626540660,1
1626540720,0
1626540780,0
1626540840,0
1626540900,0
1626540960,0
1626541020,0
1626541080,0
1626541140,0
1626541200,1
1626541260,0
1626541320,0
1626541380,0
1626541440,1
1626541500,0
1626541560,0
1626541620,0
1626541680,0
1626541740,0
1626541800,1
1626541860,1
1626541920,0
1626541980,0
1626542040,0
1626542100,0
1626542160,1
1626542220,0
1626542280,0
1626542340,0
1626542400,0
1626542460,0
1626542520,0
1626542580,0
1626542640,0
1626542700,0
1626542760,0
1626542820,1
1626542880,0
1626542940,0
1626543000,0
1626543060,0
1626543120,0
1626543180,0
1626543240,0
1626543300,1
1626543360,0
1626543420,0
1626543480,0
1626543540,0
1626543600,1
1626543660,0
1626543720,0
1626543780,0
1626543840,1
1626543900,0
1626543960,1
1626544020,1
1626544080,0
1626544140,1
1626544200,0
1626544260,0
1626544320,0
1626544380,0
1626544440,0
1626544500,1
1626544560,0
1626544620,1
1626544680,1
1626544740,0
1626544800,0
1626544860,0
1626544920,0
1626544980,0
1626545040,0
1626545100,0
1626545160,0
1626545220,0
1626545280,0
1626545340,1
1626545400,1
1626545460,0
1626545520,1
1626545580,0
1626545640,0
1626545700,1
1626545760,0
1626545820,0
1626545880,0
1626545940,0
1626546000,0
1626546060,0
1626546120,0
1626546180,0
1626546240,0
1626546300,0
1626546360,0
1626546420,0
1626546480,0
1626546540,0
1626546600,0
1626546660,0
1626546720,0
1626546780,0
1626546840,1
1626546900,1
1626546960,0
1626547020,0
1626547080,0
1626547140,0
1626547200,0
1626547260,0
1626547320,0
1626547380,1
1626547440,0
1626547500,0
1626547560,1
1626547620,1
1626547680,0
1626547740,0
1626547800,1
1626547860,1
1626547920,0
1626547980,0
1626548040,0
1626548100,0
1626548160,1
1626548220,0
1626548280,0
1626548340,0
1626548400,1
1626548460,0
1626548520,0
1626548580,0
1626548640,1
1626548700,0
1626548760,0
1626548820,0
1626548880,0
1626548940,0
1626549000,1
1626549060,0
1626549120,0
1626549180,0
1626549240,0
1626549300,1
1626549360,1
1626549420,0
1626549480,0
1626549540,0
1626549600,0
1626549660,0
1626549720,0
1626549780,0
1626549840,1
1626549900,0
1626549960,0
1626550020,0
1626550080,0
1626550140,0
1626550200,0
1626550260,0
1626550320,0
1626550380,0
1626550440,0
1626550500,0
1626550560,0
1626550620,1
1626550680,0
1626550740,0
1626550800,0
1626550860,0
1626550920,0
1626550980,0
1626551040,0
1626551100,1
1626551160,0
1626551220,1
1626551280,0
1626551340,0
1626551400,0
1626551460,0
1626551520,0
1626551580,1
1626551640,0
1626551700,0
1626551760,0
1626551820,0
1626551880,0
1626551940,1
1626552000,0
1626552060,0
1626552120,0
1626552180,0
1626552240,0
1626552300,0
1626552360,0
1626552420,0
1626552480,0
1626552540,0
1626552600,0
1626552660,0
1626552720,0
1626552780,1
1626552840,0
1626552900,0
1626552960,0
1626553020,0
1626553080,0
1626553140,0
1626553200,0
1626553260,0
1626553320,0
1626553380,1
1626553440,1
1626553500,1
1626553560,0
1626553620,0
1626553680,0
1626553740,1
1626553800,0
1626553860,1
1626553920,1
1626553980,0
1626554040,1
1626554100,1
1626554160,1
1626554220,0
1626554280,0
1626554340,0
1626554400,0
1626554460,0
1626554520,1
1626554580,0
1626554640,1
1626554700,0
1626554760,1
1626554820,0
1626554880,0
1626554940,0
1626555000,0
1626555060,0
1626555120,0
1626555180,0
1626555240,0
1626555300,0
1626555360,0
1626555420,0
1626555480,0
1626555540,0
1626555600,0
1626555660,0
1626555720,0
1626555780,1
1626555840,1
1626555900,0
1626555960,0
1626556020,0
1626556080,1
1626556140,1
1626556200,0
1626556260,0
1626556320,0
1626556380,0
1626556440,0
1626556500,0
1626556560,0
1626556620,0
1626556680,0
1626556740,0
1626556800,0
1626556860,0
1626556920,0
1626556980,0
1626557040,0
1626557100,0
1626557160,0
1626557220,0
1626557280,1
1626557340,0
1626557400,0
1626557460,0
1626557520,0
1626557580,0
1626557640,0
1626557700,1
1626557760,0
1626557820,0
1626557880,0
1626557940,0
1626558000,0
1626558060,1
1626558120,0
1626558180,0
1626558240,0
1626558300,1
1626558360,1
1626558420,0
1626558480,0
1626558540,0
1626558600,0
1626558660,0
1626558720,0
1626558780,0
1626558840,0
1626558900,0
1626558960,0
1626559020,0
1626559080,0
1626559140,1
1626559200,0
1626559260,0
1626559320,0
1626559380,1
1626559440,0
1626559500,0
1626559560,0
1626559620,0
1626559680,0
1626559740,0
1626559800,0
1626559860,1
1626559920,0
1626559980,0
1626560040,0
1626560100,0
1626560160,0
1626560220,0
1626560280,0
1626560340,0
1626560400,0
1626560460,0
1626560520,0
1626560580,0
1626560640,0
1626560700,0
1626560760,0
1626560820,0
1626560880,0
1626560940,0
1626561000,0
1626561060,1
1626561120,0
1626561180,0
1626561240,0
1626561300,1
1626561360,0
1626561420,0
1626561480,0
1626561540,0
1626561600,1
1626561660,1
1626561720,0
1626561780,0
1626561840,0
1626561900,0
1626561960,0
1626562020,0
1626562080,0
1626562140,0
1626562200,0
1626562260,1
1626562320,0
1626562380,0
1626562440,0
1626562500,0
1626562560,0
1626562620,0
1626562680,0
1626562740,0
1626562800,0
1626562860,1
1626562920,0
1626562980,0
1626563040,1
1626563100,0
1626563160,0
1626563220,0
1626563280,0
1626563340,0
1626563400,0
1626563460,0
1626563520,1
1626563580,0
1626563640,0
1626563700,0
1626563760,0
1626563820,0
1626563880,0
1626563940,0
1626564000,0
1626564060,0
1626564120,0
1626564180,0
1626564240,0
1626564300,0
1626564360,0
1626564420,1
1626564480,1
1626564540,0
1626564600,0
1626564660,0
1626564720,0
1626564780,0
1626564840,1
1626564900,0
1626564960,0
1626565020,0
1626565080,0
1626565140,0
1626565200,0
1626565260,0
1626565320,0
1626565380,0
1626565440,0
1626565500,0
1626565560,1
1626565620,0
1626565680,0
1626565740,1
1626565800,0
1626565860,0
1626565920,0
1626565980,0
1626566040,0
1626566100,0
1626566160,1
1626566220,0
1626566280,1
1626566340,0
1626566400,0
1626566460,0
1626566520,1
1626566580,0
1626566640,0
1626566700,0
1626566760,0
1626566820,0
1626566880,0
1626566940,1
1626567000,0
1626567060,0
1626567120,0
1626567180,0
1626567240,0
1626567300,0
1626567360,0
1626567420,0
1626567480,0
1626567540,0
1626567600,0
1626567660,1
1626567720,0
1626567780,0
1626567840,0
1626567900,0
1626567960,0
1626568020,0
1626568080,1
1626568140,1
1626568200,0
1626568260,0
1626568320,0
1626568380,0
1626568440,0
1626568500,0
1626568560,0
1626568620,0
1626568680,0
1626568740,0
1626568800,1
1626568860,1
1626568920,0
1626568980,0
1626569040,1
1626569100,1
1626569160,1
1626569220,0
1626569280,1
1626569340,0
1626569400,0
1626569460,1
1626569520,1
1626569580,0
1626569640,0
1626569700,0
1626569760,1
1626569820,1
1626569880,0
1626569940,0
1626570000,0
1626570060,0
1626570120,0
1626570180,0
1626570240,0
1626570300,0
1626570360,0
1626570420,0
1626570480,0
1626570540,0
1626570600,0
1626570660,1
1626570720,1
1626570780,0
1626570840,0
1626570900,1
1626570960,0
1626571020,0
1626571080,0
1626571140,0
1626571200,0
1626571260,0
1626571320,0
1626571380,1
1626571440,0
1626571500,0
1626571560,0
1626571620,0
1626571680,0
1626571740,0
1626571800,0
1626571860,0
1626571920,1
1626571980,0
1626572040,0
1626572100,0
1626572160,0
1626572220,0
1626572280,0
1626572340,0
1626572400,0
1626572460,0
1626572520,1
1626572580,1
1626572640,0
1626572700,0
1626572760,0
1626572820,1
1626572880,0
1626572940,0
1626573000,0
1626573060,0
1626573120,0
1626573180,0
1626573240,0
1626573300,0
1626573360,0
1626573420,0
1626573480,0
1626573540,0
1626573600,0
1626573660,1
1626573720,0
1626573780,0
1626573840,1
1626573900,1
1626573960,0
1626574020,1
1626574080,0
1626574140,1
1626574200,0
1626574260,0
1626574320,0
1626574380,0
1626574440,0
1626574500,0
1626574560,0
1626574620,1
1626574680,0
1626574740,0
1626574800,0
1626574860,0
1626574920,0
1626574980,0
1626575040,0
1626575100,0
1626575160,0
1626575220,0
1626575280,0
1626575340,0
1626575400,0
1626575460,0
1626575520,0
1626575580,0
1626575640,0
1626575700,0
1626575760,0
1626575820,0
1626575880,0
1626575940,0
1626576000,1
1626576060,1
1626576120,1
1626576180,0
1626576240,0
1626576300,0
1626576360,0
1626576420,0
1626576480,0
1626576540,1
1626576600,1
1626576660,0
1626576720,1
1626576780,0
1626576840,0
1626576900,0
1626576960,0
1626577020,1
1626577080,1
1626577140,1
1626577200,0
1626577260,0
1626577320,1
1626577380,1
1626577440,0
1626577500,0
1626577560,0
1626577620,1
1626577680,1
1626577740,1
1626577800,1
1626577860,1
1626577920,1
1626577980,1
1626578040,1
1626578100,1
1626578160,1
1626578220,1
1626578280,1
1626578340,0
1626578400,0
1626578460,1
1626578520,1
1626578580,0
1626578640,0
1626578700,1
1626578760,0
1626578820,1
1626578880,1
1626578940,1
1626579000,1
1626579060,1
1626579120,0
1626579180,0
1626579240,0
1626579300,1
1626579360,0
1626579420,0
1626579480,0
1626579540,0
1626579600,0
1626579660,0
1626579720,0
1626579780,0
1626579840,0
1626579900,0
1626579960,1
1626580020,1
1626580080,1
1626580140,0
1626580200,0
1626580260,0
1626580320,0
1626580380,0
1626580440,0
1626580500,0
1626580560,0
1626580620,0
1626580680,0
1626580740,0
1626580800,0
1626580860,0
1626580920,0
1626580980,1
1626581040,0
1626581100,1
1626581160,0
1626581220,0
1626581280,0
1626581340,0
1626581400,0
1626581460,0
1626581520,0
1626581580,0
1626581640,1
1626581700,0
1626581760,1
1626581820,1
1626581880,0
1626581940,0
1626582000,1
1626582060,0
1626582120,0
1626582180,1
1626582240,1
1626582300,0
1626582360,0
1626582420,0
1626582480,0
1626582540,0
1626582600,0
1626582660,0
1626582720,0
1626582780,0
1626582840,0
1626582900,0
1626582960,0
1626583020,0
1626583080,0
1626583140,0
1626583200,0
1626583260,1
1626583320,0
1626583380,1
1626583440,1
1626583500,1
1626583560,0
1626583620,0
1626583680,0
1626583740,0
1626583800,0
1626583860,0
1626583920,0
1626583980,0
1626584040,0
1626584100,0
1626584160,1
1626584220,1
1626584280,0
1626584340,0
1626584400,0
1626584460,0
1626584520,1
1626584580,1
1626584640,0
1626584700,0
1626584760,1
1626584820,0
1626584880,0
1626584940,0
1626585000,0
1626585060,0
1626585120,0
1626585180,0
1626585240,1
1626585300,0
1626585360,0
1626585420,0
1626585480,1
1626585540,1
1626585600,0
1626585660,0
1626585720,1
1626585780,0
1626585840,0
1626585900,0
1626585960,0
1626586020,1
1626586080,0
1626586140,0
1626586200,0
1626586260,0
1626586320,0
1626586380,1
1626586440,0
1626586500,1
1626586560,1
1626586620,1
1626586680,0
1626586740,0
1626586800,1
1626586860,0
1626586920,1
1626586980,1
1626587040,1
1626587100,0
1626587160,0
1626587220,0
1626587280,0
1626587340,0
1626587400,0
1626587460,0
1626587520,1
1626587580,0
1626587640,1
1626587700,0
1626587760,0
1626587820,0
1626587880,0
1626587940,0
1626588000,0
1626588060,0
1626588120,0
1626588180,1
1626588240,0
1626588300,0
1626588360,0
1626588420,0
1626588480,0
1626588540,0
1626588600,0
1626588660,1
1626588720,0
1626588780,0
1626588840,0
1626588900,0
1626588960,0
1626589020,0
1626589080,0
1626589140,0
1626589200,0
1626589260,0
1626589320,0
1626589380,0
1626589440,0
1626589500,0
1626589560,0
1626589620,0
1626589680,0
1626589740,0
1626589800,0
1626589860,0
1626589920,0
1626589980,0
1626590040,0
1626590100,1
1626590160,0
1626590220,0
1626590280,0
1626590340,0
1626590400,0
1626590460,0
1626590520,0
1626590580,0
1626590640,0
1626590700,1
1626590760,0
1626590820,1
1626590880,1
1626590940,0
1626591000,0
1626591060,0
1626591120,0
1626591180,0
1626591240,0
1626591300,0
1626591360,0
1626591420,0
1626591480,0
1626591540,0
1626591600,1
1626591660,1
1626591720,1
1626591780,0
1626591840,1
1626591900,1
1626591960,1
1626592020,0
1626592080,0
1626592140,0
1626592200,0
1626592260,1
1626592320,1
1626592380,0
1626592440,0
1626592500,0
1626592560,0
1626592620,0
1626592680,1
1626592740,1
1626592800,1
1626592860,0
1626592920,0
1626592980,0
1626593040,0
1626593100,0
1626593160,0
1626593220,1
1626593280,1
1626593340,0
1626593400,0
1626593460,0
1626593520,0
1626593580,1
1626593640,0
1626593700,0
1626593760,0
1626593820,0
1626593880,0
1626593940,0
1626594000,0
1626594060,1
1626594120,0
1626594180,0
1626594240,0
1626594300,0
1626594360,0
1626594420,0
1626594480,0
1626594540,0
1626594600,0
1626594660,0
1626594720,1
1626594780,0
1626594840,0
1626594900,0
1626594960,0
1626595020,0
1626595080,0
1626595140,1
1626595200,1
1626595260,0
1626595320,0
1626595380,1
1626595440,0
1626595500,1
1626595560,0
1626595620,1
1626595680,0
1626595740,0
1626595800,0
1626595860,0
1626595920,0
1626595980,0
1626596040,0
1626596100,0
1626596160,0
1626596220,0
1626596280,0
1626596340,0
1626596400,0
1626596460,1
1626596520,1
1626596580,0
1626596640,0
1626596700,0
1626596760,0
1626596820,0
1626596880,0
1626596940,0
1626597000,0
1626597060,1
1626597120,0
1626597180,0
1626597240,0
1626597300,0
1626597360,1
1626597420,0
1626597480,0
1626597540,0
1626597600,0
1626597660,0
1626597720,0
1626597780,0
1626597840,0
1626597900,0
1626597960,0
1626598020,1
1626598080,0
1626598140,0
1626598200,0
1626598260,0
1626598320,0
1626598380,0
1626598440,0
1626598500,0
1626598560,1
1626598620,0
1626598680,0
1626598740,0
1626598800,0
1626598860,0
1626598920,0
1626598980,0
1626599040,1
1626599100,0
1626599160,0
1626599220,0
1626599280,0
1626599340,0
1626599400,0
1626599460,1
1626599520,0
1626599580,0
1626599640,0
1626599700,0
1626599760,0
1626599820,0
1626599880,0
1626599940,0
1626600000,1
1626600060,0
1626600120,0
1626600180,0
1626600240,0
1626600300,0
1626600360,0
1626600420,0
1626600480,0
1626600540,0
1626600600,0
1626600660,0
1626600720,0
1626600780,0
1626600840,0
1626600900,0
1626600960,1
1626601020,0
1626601080,0
1626601140,0
1626601200,0
1626601260,0
1626601320,0
1626601380,0
1626601440,0
1626601500,0
1626601560,0
1626601620,0
1626601680,1
1626601740,1
1626601800,1
1626601860,0
1626601920,0
1626601980,0
1626602040,0
1626602100,0
1626602160,0
1626602220,0
1626602280,0
1626602340,0
1626602400,0
1626602460,0
1626602520,0
1626602580,0
1626602640,1
1626602700,1
1626602760,1
1626602820,0
1626602880,0
1626602940,0
1626603000,1
1626603060,0
1626603120,0
1626603180,0
1626603240,0
1626603300,0
1626603360,0
1626603420,0
1626603480,0
1626603540,0
1626603600,0
1626603660,0
1626603720,0
1626603780,0
1626603840,0
1626603900,0
1626603960,0
1626604020,0
1626604080,1
1626604140,1
1626604200,0
1626604260,0
1626604320,0
1626604380,0
1626604440,0
1626604500,1
1626604560,0
1626604620,1
1626604680,0
1626604740,1
1626604800,0
1626604860,0
1626604920,0
1626604980,0
1626605040,0
1626605100,0
1626605160,0
1626605220,0
1626605280,0
1626605340,0
1626605400,0
1626605460,0
1626605520,0
1626605580,0
1626605640,1
1626605700,1
1626605760,0
1626605820,0
1626605880,0
1626605940,1
1626606000,1
1626606060,1
1626606120,1
1626606180,1
1626606240,0
1626606300,1
1626606360,0
1626606420,0
1626606480,1
1626606540,0
1626606600,0
1626606660,0
1626606720,0
1626606780,0
1626606840,1
1626606900,0
1626606960,0
1626607020,0
1626607080,0
1626607140,0
1626607200,0
1626607260,1
1626607320,1
1626607380,1
1626607440,1
1626607500,0
1626607560,1
1626607620,0
1626607680,0
1626607740,0
1626607800,1
1626607860,1
1626607920,0
1626607980,0
1626608040,0
1626608100,0
1626608160,0
1626608220,0
1626608280,0
1626608340,0
1626608400,0
1626608460,1
1626608520,1
1626608580,0
1626608640,0
1626608700,0
1626608760,1
1626608820,0
1626608880,0
1626608940,0
1626609000,0
1626609060,1
1626609120,0
1626609180,0
1626609240,0
1626609300,0
1626609360,0
1626609420,0
1626609480,0
1626609540,0
1626609600,0
1626609660,0
1626609720,0
1626609780,0
1626609840,1
1626609900,0
1626609960,1
1626610020,1
1626610080,1
1626610140,0
1626610200,0
1626610260,0
1626610320,0
1626610380,0
1626610440,0
1626610500,1
1626610560,1
1626610620,0
1626610680,0
1626610740,0
1626610800,0
1626610860,1
1626610920,0
1626610980,1
1626611040,1
1626611100,1
1626611160,0
1626611220,0
1626611280,0
1626611340,0
1626611400,0
1626611460,0
1626611520,0
1626611580,1
1626611640,1
1626611700,0
1626611760,0
1626611820,0
1626611880,0
1626611940,0
1626612000,1
1626612060,0
1626612120,0
1626612180,0
1626612240,0
1626612300,0
1626612360,1
1626612420,0
1626612480,0
1626612540,0
1626612600,1
1626612660,0
1626612720,0
1626612780,0
1626612840,0
1626612900,0
1626612960,0
1626613020,0
1626613080,0
1626613140,0
1626613200,0
1626613260,0
1626613320,0
1626613380,0
1626613440,0
1626613500,0
1626613560,0
1626613620,0
1626613680,0
1626613740,0
1626613800,0
1626613860,1
1626613920,1
1626613980,0
1626614040,0
1626614100,1
1626614160,0
1626614220,1
1626614280,0
1626614340,1
1626614400,0
1626614460,0
1626614520,1
1626614580,1
1626614640,0
1626614700,0
1626614760,0
1626614820,0
1626614880,0
1626614940,0
1626615000,0
1626615060,0
1626615120,0
1626615180,0
1626615240,0
1626615300,0
1626615360,0
1626615420,1
1626615480,0
1626615540,0
1626615600,1
1626615660,1
1626615720,0
1626615780,1
1626615840,1
1626615900,0
1626615960,0
1626616020,1
1626616080,0
1626616140,0
1626616200,0
1626616260,0
1626616320,0
1626616380,0
1626616440,0
1626616500,0
1626616560,0
1626616620,1
1626616680,0
1626616740,1
1626616800,0
1626616860,0
1626616920,0
1626616980,1
1626617040,0
1626617100,0
1626617160,0
1626617220,1
1626617280,0
1626617340,0
1626617400,0
1626617460,0
1626617520,1
1626617580,0
1626617640,0
1626617700,0
1626617760,0
1626617820,0
1626617880,1
1626617940,0
1626618000,1
1626618060,0
1626618120,0
1626618180,0
1626618240,0
1626618300,0
1626618360,0
1626618420,0
1626618480,1
1626618540,0
1626618600,0
1626618660,0
1626618720,0
1626618780,0
1626618840,1
1626618900,1
1626618960,0
1626619020,0
1626619080,0
1626619140,0
1626619200,0
1626619260,0
1626619320,0
1626619380,0
1626619440,1
1626619500,1
1626619560,0
1626619620,0
1626619680,1
1626619740,0
1626619800,0
1626619860,1
1626619920,0
1626619980,0
1626620040,0
1626620100,0
1626620160,0
1626620220,0
1626620280,0
1626620340,0
1626620400,0
1626620460,1
1626620520,1
1626620580,0
1626620640,0
1626620700,0
1626620760,0
1626620820,0
1626620880,0
1626620940,0
1626621000,0
1626621060,0
1626621120,0
1626621180,0
1626621240,0
1626621300,0
1626621360,0
1626621420,0
1626621480,0
1626621540,0
1626621600,0
1626621660,1
1626621720,0
1626621780,1
1626621840,0
1626621900,0
1626621960,0
1626622020,0
1626622080,0
1626622140,1
1626622200,0
1626622260,0
1626622320,1
1626622380,1
1626622440,0
1626622500,1
1626622560,0
1626622620,0
1626622680,1
1626622740,0
1626622800,0
1626622860,1
1626622920,1
1626622980,0
1626623040,1
1626623100,1
1626623160,1
1626623220,1
1626623280,0
1626623340,0
1626623400,0
1626623460,0
1626623520,0
1626623580,0
1626623640,0
1626623700,0
1626623760,0
1626623820,0
1626623880,0
1626623940,0
1626624000,0
1626624060,0
1626624120,0
1626624180,0
1626624240,0
1626624300,0
1626624360,0
1626624420,0
1626624480,0
1626624540,0
1626624600,0
1626624660,0
1626624720,0
1626624780,0
1626624840,0
1626624900,0
1626624960,0
1626625020,0
1626625080,0
1626625140,0
1626625200,0
1626625260,0
1626625320,0
1626625380,0
1626625440,0
1626625500,0
1626625560,0
1626625620,0
1626625680,0
1626625740,0
1626625800,0
1626625860,0
1626625920,0
1626625980,0
1626626040,0
1626626100,0
1626626160,0
1626626220,0
1626626280,0
1626626340,0
1626626400,0
1626626460,0
1626626520,0
1626626580,0
1626626640,0
1626626700,0
1626626760,0
1626626820,0
1626626880,0
1626626940,0
1626627000,0
1626627060,0
1626627120,0
1626627180,0
1626627240,0
1626627300,0
1626627360,0
1626627420,0
1626627480,0
1626627540,0
1626627600,0
1626627660,0
1626627720,0
1626627780,0
1626627840,0
1626627900,0
1626627960,0
1626628020,0
1626628080,0
1626628140,0
1626628200,0
1626628260,0
1626628320,0
1626628380,0
1626628440,0
1626628500,0
1626628560,0
1626628620,0
1626628680,0
1626628740,0
1626628800,0
1626628860,0
1626628920,0
1626628980,0
1626629040,0
1626629100,0
1626629160,0
1626629220,0
1626629280,0
1626629340,0
1626629400,0
1626629460,0
1626629520,0
1626629580,0
1626629640,0
1626629700,0
1626629760,0
1626629820,0
1626629880,0
1626629940,0
1626630000,0
1626630060,0
1626630120,0
1626630180,0
1626630240,0
1626630300,0
1626630360,0
1626630420,0
1626630480,0
1626630540,0
1626630600,0
1626630660,0
1626630720,0
1626630780,0
1626630840,0
1626630900,0
1626630960,0
1626631020,0
1626631080,0
1626631140,0
1626631200,0
1626631260,0
1626631320,0
1626631380,0
1626631440,0
1626631500,0
1626631560,0
1626631620,0
1626631680,0
1626631740,0
1626631800,0
1626631860,0
1626631920,0
1626631980,0
1626632040,0
1626632100,0
1626632160,0
1626632220,0
1626632280,0
1626632340,0
1626632400,0
1626632460,0
1626632520,0
1626632580,0
1626632640,0
1626632700,0
1626632760,0
1626632820,0
1626632880,0
1626632940,0
1626633000,0
1626633060,0
1626633120,0
1626633180,0
1626633240,0
1626633300,0
1626633360,0
1626633420,0
1626633480,0
1626633540,0
1626633600,0
1626633660,0
1626633720,0
1626633780,0
1626633840,0
1626633900,0
1626633960,0
1626634020,0
1626634080,0
1626634140,0
1626634200,0
1626634260,0
1626634320,0
1626634380,0
1626634440,0
1626634500,0
1626634560,0
1626634620,0
1626634680,0
1626634740,0
1626634800,0
1626634860,0
1626634920,0
1626634980,0
1626635040,0
1626635100,0
1626635160,0
1626635220,0
1626635280,0
1626635340,0
1626635400,0
1626635460,0
1626635520,0
1626635580,0
1626635640,0
1626635700,0
1626635760,0
1626635820,0
1626635880,0
1626635940,0
1626636000,0
1626636060,0
1626636120,0
1626636180,0
1626636240,0
1626636300,0
1626636360,0
1626636420,0
1626636480,0
1626636540,0
1626636600,0
1626636660,0
1626636720,0
1626636780,0
1626636840,0
1626636900,0
1626636960,0
1626637020,0
1626637080,0
1626637140,0
1626637200,0
1626637260,0
1626637320,0
1626637380,0
1626637440,0
1626637500,0
1626637560,0
1626637620,0
1626637680,0
1626637740,0
1626637800,0
1626637860,0
1626637920,0
1626637980,0
1626638040,0
1626638100,0
1626638160,0
1626638220,0
1626638280,0
1626638340,0
1626638400,0
1626638460,0
1626638520,0
1626638580,0
1626638640,0
1626638700,0
1626638760,0
1626638820,0
1626638880,0
1626638940,0
1626639000,0
1626639060,0
1626639120,0
1626639180,0
1626639240,0
1626639300,0
1626639360,0
1626639420,0
1626639480,0
1626639540,0
1626639600,0
1626639660,0
1626639720,0
1626639780,0
1626639840,0
1626639900,0
1626639960,0
1626640020,0
1626640080,0
1626640140,0
1626640200,0
1626640260,0
1626640320,0
1626640380,0
1626640440,0
1626640500,0
1626640560,0
1626640620,0
1626640680,0
1626640740,0
1626640800,0
1626640860,0
1626640920,0
1626640980,0
1626641040,0
1626641100,0
1626641160,0
1626641220,0
1626641280,0
1626641340,0
1626641400,0
1626641460,0
1626641520,0
1626641580,0
1626641640,0
1626641700,0
1626641760,0
1626641820,0
1626641880,0
1626641940,0
1626642000,0
1626642060,0
1626642120,0
1626642180,0
1626642240,0
1626642300,0
1626642360,0
1626642420,0
1626642480,0
1626642540,0
1626642600,0
1626642660,0
1626642720,0
1626642780,0
1626642840,0
1626642900,0
1626642960,0
1626643020,0
1626643080,0
1626643140,0
1626643200,0
1626643260,0
1626643320,0
1626643380,0
1626643440,0
1626643500,0
1626643560,0
1626643620,0
1626643680,0
1626643740,0
1626643800,0
1626643860,0
1626643920,0
1626643980,0
1626644040,0
1626644100,0
1626644160,0
1626644220,0
1626644280,0
1626644340,0
1626644400,0
1626644460,0
1626644520,0
1626644580,0
1626644640,0
1626644700,0
1626644760,0
1626644820,0
1626644880,0
1626644940,0
1626645000,0
1626645060,0
1626645120,0
1626645180,0
1626645240,0
1626645300,0
1626645360,0
1626645420,0
1626645480,0
1626645540,0
1626645600,0
1626645660,0
1626645720,0
1626645780,0
1626645840,0
1626645900,0
1626645960,0
1626646020,0
1626646080,0
1626646140,0
1626646200,0
1626646260,0
1626646320,0
1626646380,0
1626646440,0
1626646500,0
1626646560,0
1626646620,0
1626646680,0
1626646740,0
1626646800,0
1626646860,0
1626646920,0
1626646980,0
1626647040,0
1626647100,0
1626647160,0
1626647220,0
1626647280,0
1626647340,0
1626647400,0
1626647460,0
1626647520,0
1626647580,0
1626647640,0
1626647700,0
1626647760,0
1626647820,0
1626647880,0
1626647940,0
1626648000,0
1626648060,0
1626648120,0
1626648180,0
1626648240,0
1626648300,0
1626648360,0
1626648420,0
1626648480,0
1626648540,0
1626648600,0
1626648660,0
1626648720,0
1626648780,0
1626648840,0
1626648900,0
1626648960,0
1626649020,0
1626649080,0
1626649140,0
1626649200,0
1626649260,0
1626649320,0
1626649380,0
1626649440,0
1626649500,0
1626649560,0
1626649620,0
1626649680,0
1626649740,0
1626649800,0
1626649860,0
1626649920,0
1626649980,0
1626650040,0
1626650100,0
1626650160,0
1626650220,0
1626650280,0
1626650340,0
1626650400,0
1626650460,0
1626650520,0
1626650580,0
1626650640,0
1626650700,0
1626650760,0
1626650820,0
1626650880,0
1626650940,0
1626651000,0
1626651060,0
1626651120,0
1626651180,0
1626651240,0
1626651300,0
1626651360,0
1626651420,0
1626651480,0
1626651540,0
1626651600,0
1626651660,0
1626651720,0
1626651780,0
1626651840,0
1626651900,0
1626651960,0
1626652020,0
1626652080,0
1626652140,0
1626652200,0
1626652260,0
1626652320,0
1626652380,0
1626652440,0
1626652500,0
1626652560,0
1626652620,0
1626652680,0
1626652740,0
1626652800,0
1626652860,0
1626652920,0
1626652980,0
1626653040,0
1626653100,0
1626653160,0
1626653220,0
1626653280,0
1626653340,0
1626653400,0
1626653460,0
1626653520,0
1626653580,0
1626653640,0
1626653700,0
1626653760,0
1626653820,0
1626653880,0
1626653940,0
1626654000,0
1626654060,0
1626654120,0
1626654180,0
1626654240,0
1626654300,0
1626654360,0
1626654420,0
1626654480,0
1626654540,0
1626654600,0
1626654660,0
1626654720,0
1626654780,0
1626654840,0
1626654900,0
1626654960,0
1626655020,0
1626655080,0
1626655140,0
1626655200,0
1626655260,0
1626655320,0
1626655380,0
1626655440,0
1626655500,0
1626655560,0
1626655620,0
1626655680,0
1626655740,0
1626655800,0
1626655860,0
1626655920,0
1626655980,0
1626656040,0
1626656100,0
1626656160,0
1626656220,0
1626656280,0
1626656340,0
1626656400,0
1626656460,0
1626656520,0
1626656580,0
1626656640,0
1626656700,0
1626656760,0
1626656820,0
1626656880,0
1626656940,0
1626657000,0
1626657060,0
1626657120,0
1626657180,0
1626657240,0
1626657300,0
1626657360,0
1626657420,0
1626657480,0
1626657540,0
1626657600,0
1626657660,0
1626657720,0
1626657780,0
1626657840,0
1626657900,0
1626657960,0
1626658020,0
1626658080,0
1626658140,0
1626658200,0
1626658260,0
1626658320,0
1626658380,0
1626658440,0
1626658500,0
1626658560,0
1626658620,0
1626658680,0
1626658740,0
1626658800,0
1626658860,0
1626658920,0
1626658980,0
1626659040,0
1626659100,0
1626659160,0
1626659220,0
1626659280,0
1626659340,0
1626659400,0
1626659460,0
1626659520,0
1626659580,0
1626659640,0
1626659700,0
1626659760,0
1626659820,0
1626659880,0
1626659940,0
1626660000,0
1626660060,0
1626660120,0
1626660180,0
1626660240,0
1626660300,0
1626660360,0
1626660420,0
1626660480,0
1626660540,0
1626660600,0
1626660660,0
1626660720,0
1626660780,0
1626660840,0
1626660900,0
1626660960,0
1626661020,0
1626661080,0
1626661140,0
1626661200,0
1626661260,0
1626661320,0
1626661380,0
1626661440,0
1626661500,0
1626661560,0
1626661620,0
1626661680,0
1626661740,0
1626661800,0
1626661860,0
1626661920,0
1626661980,0
1626662040,0
1626662100,0
1626662160,0
1626662220,0
1626662280,0
1626662340,0
1626662400,0
1626662460,0
1626662520,0
1626662580,0
1626662640,0
1626662700,0
1626662760,0
1626662820,0
1626662880,0
1626662940,0
1626663000,0
1626663060,0
1626663120,0
1626663180,0
1626663240,0
1626663300,0
1626663360,0
1626663420,0
1626663480,0
1626663540,0
1626663600,0
1626663660,0
1626663720,0
1626663780,0
1626663840,0
1626663900,0
1626663960,0
1626664020,0
1626664080,0
1626664140,0
1626664200,0
1626664260,0
1626664320,0
1626664380,0
1626664440,0
1626664500,0
1626664560,0
1626664620,0
1626664680,0
1626664740,0
1626664800,0
1626664860,0
1626664920,0
1626664980,0
1626665040,0
1626665100,0
1626665160,0
1626665220,0
1626665280,0
1626665340,0
1626665400,0
1626665460,0
1626665520,0
1626665580,0
1626665640,0
1626665700,0
1626665760,0
1626665820,0
1626665880,0
1626665940,0
1626666000,0
1626666060,0
1626666120,0
1626666180,0
1626666240,0
1626666300,0
1626666360,0
1626666420,0
1626666480,0
1626666540,0
1626666600,0
1626666660,0
1626666720,0
1626666780,0
1626666840,0
1626666900,0
1626666960,0
1626667020,0
1626667080,0
1626667140,0
1626667200,0
1626667260,0
1626667320,0
1626667380,0
1626667440,0
1626667500,0
1626667560,0
1626667620,0
1626667680,0
1626667740,0
1626667800,0
1626667860,0
1626667920,0
1626667980,0
1626668040,0
1626668100,0
1626668160,0
1626668220,0
1626668280,0
1626668340,0
1626668400,0
1626668460,0
1626668520,0
1626668580,0
1626668640,0
1626668700,0
1626668760,0
1626668820,0
1626668880,0
1626668940,0
1626669000,0
1626669060,0
1626669120,0
1626669180,0
1626669240,0
1626669300,0
1626669360,0
1626669420,0
1626669480,0
1626669540,0
1626669600,0
1626669660,0
1626669720,0
1626669780,0
1626669840,0
1626669900,0
1626669960,0
1626670020,0
1626670080,0
1626670140,0
1626670200,0
1626670260,0
1626670320,0
1626670380,0
1626670440,0
1626670500,0
1626670560,0
1626670620,0
1626670680,0
1626670740,0
1626670800,0
1626670860,0
1626670920,0
1626670980,0
1626671040,0
1626671100,0
1626671160,0
1626671220,0
1626671280,0
1626671340,0
1626671400,0
1626671460,0
1626671520,0
1626671580,0
1626671640,0
1626671700,0
1626671760,0
1626671820,0
1626671880,0
1626671940,0
1626672000,0
1626672060,0
1626672120,0
1626672180,0
1626672240,0
1626672300,0
1626672360,0
1626672420,0
1626672480,0
1626672540,0
1626672600,0
1626672660,0
1626672720,0
1626672780,0
1626672840,0
1626672900,0
1626672960,0
1626673020,0
1626673080,0
1626673140,0
1626673200,0
1626673260,0
1626673320,0
1626673380,0
1626673440,0
1626673500,0
1626673560,0
1626673620,0
1626673680,0
1626673740,0
1626673800,0
1626673860,0
1626673920,0
1626673980,0
1626674040,0
1626674100,0
1626674160,0
1626674220,0
1626674280,0
1626674340,0
1626674400,0
1626674460,0
1626674520,0
1626674580,0
1626674640,0
1626674700,0
1626674760,0
1626674820,0
1626674880,0
1626674940,0
1626675000,0
1626675060,0
1626675120,0
1626675180,0
1626675240,0
1626675300,0
1626675360,0
1626675420,0
1626675480,0
1626675540,0
1626675600,0
1626675660,0
1626675720,0
1626675780,0
1626675840,0
1626675900,0
1626675960,0
1626676020,0
1626676080,0
1626676140,0
1626676200,0
1626676260,0
1626676320,0
1626676380,0
1626676440,0
1626676500,0
1626676560,0
1626676620,0
1626676680,0
1626676740,0
1626676800,0
1626676860,0
1626676920,0
1626676980,0
1626677040,0
1626677100,0
1626677160,0
1626677220,0
1626677280,0
1626677340,0
1626677400,0
1626677460,0
1626677520,0
1626677580,0
1626677640,0
1626677700,0
1626677760,0
1626677820,0
1626677880,0
1626677940,0
1626678000,0
1626678060,0
1626678120,0
1626678180,0
1626678240,0
1626678300,0
1626678360,0
1626678420,0
1626678480,0
1626678540,0
1626678600,0
1626678660,0
1626678720,0
1626678780,0
1626678840,0
1626678900,0
1626678960,0
1626679020,0
1626679080,0
1626679140,0
1626679200,0
1626679260,0
1626679320,0
1626679380,0
1626679440,0
1626679500,0
1626679560,0
1626679620,0
1626679680,0
1626679740,0
1626679800,0
1626679860,0
1626679920,0
1626679980,0
1626680040,0
1626680100,0
1626680160,0
1626680220,0
1626680280,0
1626680340,0
1626680400,0
1626680460,0
1626680520,0
1626680580,0
1626680640,0
1626680700,0
1626680760,0
1626680820,0
1626680880,0
1626680940,0
1626681000,0
1626681060,0
1626681120,0
1626681180,0
1626681240,0
1626681300,0
1626681360,0
1626681420,0
1626681480,0
1626681540,0
1626681600,0
1626681660,0
1626681720,0
1626681780,0
1626681840,0
1626681900,0
1626681960,0
1626682020,0
1626682080,0
1626682140,0
1626682200,0
1626682260,0
1626682320,0
1626682380,0
1626682440,0
1626682500,0
1626682560,0
1626682620,0
1626682680,0
1626682740,0
1626682800,0
1626682860,0
1626682920,0
1626682980,0
1626683040,0
1626683100,0
1626683160,0
1626683220,0
1626683280,0
1626683340,0
1626683400,0
1626683460,0
1626683520,0
1626683580,0
1626683640,0
1626683700,0
1626683760,0
1626683820,0
1626683880,0
1626683940,0
1626684000,0
1626684060,0
1626684120,0
1626684180,0
1626684240,0
1626684300,0
1626684360,0
1626684420,0
1626684480,0
1626684540,0
1626684600,0
1626684660,0
1626684720,0
1626684780,0
1626684840,0
1626684900,0
1626684960,0
1626685020,0
1626685080,0
1626685140,0
1626685200,0
1626685260,0
1626685320,0
1626685380,0
1626685440,0
1626685500,0
1626685560,0
1626685620,0
1626685680,0
1626685740,0
1626685800,0
1626685860,0
1626685920,0
1626685980,0
1626686040,0
1626686100,0
1626686160,0
1626686220,0
1626686280,0
1626686340,0
1626686400,0
1626686460,0
1626686520,0
1626686580,0
1626686640,0
1626686700,0
1626686760,0
1626686820,0
1626686880,0
1626686940,0
1626687000,0
1626687060,0
1626687120,0
1626687180,0
1626687240,0
1626687300,0
1626687360,0
1626687420,0
1626687480,0
1626687540,0
1626687600,0
1626687660,0
1626687720,0
1626687780,0
1626687840,0
1626687900,0
1626687960,0
1626688020,0
1626688080,0
1626688140,0
1626688200,0
1626688260,0
1626688320,0
1626688380,0
1626688440,0
1626688500,0
1626688560,0
1626688620,0
1626688680,0
1626688740,0
1626688800,0
1626688860,0
1626688920,0
1626688980,0
1626689040,0
1626689100,0
1626689160,0
1626689220,0
1626689280,0
1626689340,0
1626689400,0
1626689460,0
1626689520,0
1626689580,0
1626689640,0
1626689700,0
1626689760,0
1626689820,0
1626689880,0
1626689940,0
1626690000,0
1626690060,0
1626690120,0
1626690180,0
1626690240,0
1626690300,0
1626690360,0
1626690420,0
1626690480,0
1626690540,0
1626690600,0
1626690660,0
1626690720,0
1626690780,0
1626690840,0
1626690900,0
1626690960,0
1626691020,0
1626691080,0
1626691140,0
1626691200,0
1626691260,0
1626691320,0
1626691380,0
1626691440,0
1626691500,0
1626691560,0
1626691620,0
1626691680,0
1626691740,0
1626691800,0
1626691860,0
1626691920,0
1626691980,0
1626692040,0
1626692100,0
1626692160,0
1626692220,0
1626692280,0
1626692340,0
1626692400,0
1626692460,0
1626692520,0
1626692580,0
1626692640,0
1626692700,0
1626692760,0
1626692820,0
1626692880,0
1626692940,0
1626693000,0
1626693060,0
1626693120,0
1626693180,0
1626693240,0
1626693300,0
1626693360,0
1626693420,0
1626693480,0
1626693540,0
1626693600,0
1626693660,0
1626693720,0
1626693780,0
1626693840,0
1626693900,0
1626693960,0
1626694020,0
1626694080,0
1626694140,0
1626694200,0
1626694260,0
1626694320,0
1626694380,0
1626694440,0
1626694500,0
1626694560,0
1626694620,0
1626694680,0
1626694740,0
1626694800,0
1626694860,0
1626694920,0
1626694980,0
1626695040,0
1626695100,0
1626695160,0
1626695220,0
1626695280,0
1626695340,0
1626695400,0
1626695460,0
1626695520,0
1626695580,0
1626695640,0
1626695700,0
1626695760,0
1626695820,0
1626695880,0
1626695940,0
1626696000,0
1626696060,0
1626696120,0
1626696180,0
1626696240,0
1626696300,0
1626696360,0
1626696420,0
1626696480,0
1626696540,0
1626696600,0
1626696660,0
1626696720,0
1626696780,0
1626696840,0
1626696900,0
1626696960,0
1626697020,0
1626697080,0
1626697140,0
1626697200,0
1626697260,0
1626697320,0
1626697380,0
1626697440,0
1626697500,0
1626697560,0
1626697620,0
1626697680,0
1626697740,0
1626697800,0
1626697860,0
1626697920,0
1626697980,0
1626698040,0
1626698100,0
1626698160,0
1626698220,0
1626698280,0
1626698340,0
1626698400,0
1626698460,0
1626698520,0
1626698580,0
1626698640,0
1626698700,0
1626698760,0
1626698820,0
1626698880,0
1626698940,0
1626699000,0
1626699060,0
1626699120,0
1626699180,0
1626699240,0
1626699300,0
1626699360,0
1626699420,0
1626699480,0
1626699540,0
1626699600,0
1626699660,0
1626699720,0
1626699780,0
1626699840,0
1626699900,0
1626699960,0
1626700020,0
1626700080,0
1626700140,0
1626700200,0
1626700260,0
1626700320,0
1626700380,0
1626700440,0
1626700500,0
1626700560,0
1626700620,0
1626700680,0
1626700740,0
1626700800,0
1626700860,0
1626700920,0
1626700980,0
1626701040,0
1626701100,0
1626701160,0
1626701220,0
1626701280,0
1626701340,0
1626701400,0
1626701460,0
1626701520,0
1626701580,0
1626701640,0
1626701700,0
1626701760,0
1626701820,0
1626701880,0
1626701940,0
1626702000,0
1626702060,0
1626702120,0
1626702180,0
1626702240,0
1626702300,0
1626702360,0
1626702420,0
1626702480,0
1626702540,0
1626702600,0
1626702660,0
1626702720,0
1626702780,0
1626702840,0
1626702900,0
1626702960,0
1626703020,0
1626703080,0
1626703140,0
1626703200,0
1626703260,0
1626703320,0
1626703380,0
1626703440,0
1626703500,0
1626703560,0
1626703620,0
1626703680,0
1626703740,0
1626703800,0
1626703860,0
1626703920,0
1626703980,0
1626704040,0
1626704100,0
1626704160,0
1626704220,0
1626704280,0
1626704340,0
1626704400,0
1626704460,0
1626704520,0
1626704580,0
1626704640,0
1626704700,0
1626704760,0
1626704820,0
1626704880,0
1626704940,0
1626705000,0
1626705060,0
1626705120,0
1626705180,0
1626705240,0
1626705300,0
1626705360,0
1626705420,0
1626705480,0
1626705540,0
1626705600,0
1626705660,0
1626705720,0
1626705780,0
1626705840,0
1626705900,0
1626705960,0
1626706020,0
1626706080,0
1626706140,0
1626706200,0
1626706260,0
1626706320,0
1626706380,0
1626706440,0
1626706500,0
1626706560,0
1626706620,0
1626706680,0
1626706740,0
1626706800,0
1626706860,0
1626706920,0
1626706980,0
1626707040,0
1626707100,0
1626707160,0
1626707220,0
1626707280,0
1626707340,0
1626707400,0
1626707460,0
1626707520,0
1626707580,0
1626707640,0
1626707700,0
1626707760,0
1626707820,0
1626707880,0
1626707940,0
1626708000,0
1626708060,0
1626708120,0
1626708180,0
1626708240,0
1626708300,0
1626708360,0
1626708420,0
1626708480,0
1626708540,0
1626708600,0
1626708660,0
1626708720,0
1626708780,0
1626708840,0
1626708900,0
1626708960,0
1626709020,0
1626709080,0
1626709140,0
1626709200,0
1626709260,0
1626709320,0
1626709380,0
1626709440,0
1626709500,0
1626709560,0
1626709620,0
1626709680,0
1626709740,0
1626709800,0
1626709860,0
1626709920,0
1626709980,0
1626710040,0
1626710100,0
1626710160,0
1626710220,0
1626710280,0
1626710340,0
1626710400,0
1626710460,0
1626710520,0
1626710580,0
1626710640,0
1626710700,0
1626710760,0
1626710820,0
1626710880,0
1626710940,0
1626711000,0
1626711060,0
1626711120,0
1626711180,0
1626711240,0
1626711300,0
1626711360,0
1626711420,0
1626711480,0
1626711540,0
1626711600,1
1626711660,1
1626711720,0
1626711780,0
1626711840,0
1626711900,0
1626711960,0
1626712020,0
1626712080,0
1626712140,0
1626712200,0
1626712260,0
1626712320,0
1626712380,0
1626712440,0
1626712500,0
1626712560,0
1626712620,0
1626712680,0
1626712740,0
1626712800,0
1626712860,0
1626712920,0
1626712980,0
1626713040,0
1626713100,0
1626713160,0
1626713220,0
1626713280,0
1626713340,0
1626713400,0
1626713460,0
1626713520,0
1626713580,0
1626713640,0
1626713700,0
1626713760,0
1626713820,0
1626713880,0
1626713940,0
1626714000,0
1626714060,0
1626714120,0
1626714180,0
1626714240,0
1626714300,0
1626714360,0
1626714420,0
1626714480,0
1626714540,0
1626714600,0
1626714660,0
1626714720,0
1626714780,0
1626714840,0
1626714900,0
1626714960,1
1626715020,1
1626715080,0
1626715140,0
1626715200,0
1626715260,0
1626715320,0
1626715380,0
1626715440,0
1626715500,0
1626715560,0
1626715620,0
1626715680,0
1626715740,0
1626715800,0
1626715860,0
1626715920,0
1626715980,0
1626716040,0
1626716100,0
1626716160,0
1626716220,0
1626716280,0
1626716340,0
1626716400,0
1626716460,0
1626716520,0
1626716580,0
1626716640,0
1626716700,0
1626716760,0
1626716820,0
1626716880,0
1626716940,0
1626717000,0
1626717060,0
1626717120,0
1626717180,0
1626717240,0
1626717300,0
1626717360,0
1626717420,0
1626717480,0
1626717540,0
1626717600,0
1626717660,0
1626717720,0
1626717780,0
1626717840,0
1626717900,0
1626717960,0
1626718020,0
1626718080,0
1626718140,0
1626718200,0
1626718260,0
1626718320,0
1626718380,0
1626718440,0
1626718500,0
1626718560,0
1626718620,0
1626718680,0
1626718740,0
1626718800,0
1626718860,0
1626718920,0
1626718980,0
1626719040,0
1626719100,0
1626719160,0
1626719220,0
1626719280,0
1626719340,0
1626719400,0
1626719460,0
1626719520,0
1626719580,0
1626719640,0
1626719700,0
1626719760,0
1626719820,0
1626719880,0
1626719940,0
1626720000,0
1626720060,0
1626720120,0
1626720180,0
1626720240,0
1626720300,0
1626720360,0
1626720420,0
1626720480,0
1626720540,0
1626720600,0
1626720660,0
1626720720,1
1626720780,0
1626720840,0
1626720900,0
1626720960,0
1626721020,0
1626721080,0
1626721140,0
1626721200,0
1626721260,0
1626721320,0
1626721380,0
1626721440,0
1626721500,0
1626721560,0
1626721620,0
1626721680,0
1626721740,0
1626721800,0
1626721860,0
1626721920,0
1626721980,0
1626722040,0
1626722100,0
1626722160,0
1626722220,0
1626722280,0
1626722340,0
1626722400,0
1626722460,0
1626722520,0
1626722580,0
1626722640,0
1626722700,0
1626722760,0
1626722820,0
1626722880,0
1626722940,0
1626723000,0
1626723060,0
1626723120,0
1626723180,0
1626723240,0
1626723300,0
1626723360,0
1626723420,0
1626723480,0
1626723540,0
1626723600,1
1626723660,0
1626723720,0
1626723780,0
1626723840,1
1626723900,1
1626723960,0
1626724020,1
1626724080,0
1626724140,0
1626724200,0
1626724260,0
1626724320,1
1626724380,1
1626724440,0
1626724500,0
1626724560,0
1626724620,1
1626724680,1
1626724740,0
1626724800,0
1626724860,0
1626724920,0
1626724980,0
1626725040,0
1626725100,0
1626725160,0
1626725220,0
1626725280,0
1626725340,0
1626725400,1
1626725460,0
1626725520,0
1626725580,0
1626725640,0
1626725700,0
1626725760,0
1626725820,0
1626725880,1
1626725940,0
1626726000,0
1626726060,0
1626726120,0
1626726180,0
1626726240,0
1626726300,0
1626726360,0
1626726420,1
1626726480,0
1626726540,0
1626726600,1
1626726660,1
1626726720,0
1626726780,0
1626726840,0
1626726900,0
1626726960,0
1626727020,0
1626727080,0
1626727140,0
1626727200,0
1626727260,1
1626727320,0
1626727380,1
1626727440,0
1626727500,0
1626727560,0
1626727620,0
1626727680,0
1626727740,1
1626727800,1
1626727860,0
1626727920,0
1626727980,0
1626728040,1
1626728100,1
1626728160,1
1626728220,1
1626728280,1
1626728340,1
1626728400,1
1626728460,1
1626728520,1
1626728580,1
1626728640,1
1626728700,1
1626728760,1
1626728820,0
1626728880,0
1626728940,0
1626729000,0
1626729060,0
1626729120,0
1626729180,0
1626729240,0
1626729300,0
1626729360,0
1626729420,1
1626729480,1
1626729540,0
1626729600,0
1626729660,0
1626729720,0
1626729780,0
1626729840,0
1626729900,0
1626729960,0
1626730020,0
1626730080,0
1626730140,0
1626730200,0
1626730260,1
1626730320,0
1626730380,0
1626730440,0
1626730500,0
1626730560,0
1626730620,0
1626730680,0
1626730740,0
1626730800,0
1626730860,1
1626730920,0
1626730980,1
1626731040,1
1626731100,0
1626731160,0
1626731220,0
1626731280,1
1626731340,0
1626731400,0
1626731460,0
1626731520,0
1626731580,0
1626731640,1
1626731700,1
1626731760,1
1626731820,0
1626731880,1
1626731940,1
1626732000,0
1626732060,0
1626732120,0
1626732180,1
1626732240,0
1626732300,0
1626732360,0
1626732420,0
1626732480,0
1626732540,0
1626732600,0
1626732660,0
1626732720,0
1626732780,0
1626732840,0
1626732900,0
1626732960,0
1626733020,0
1626733080,1
1626733140,1
1626733200,1
1626733260,0
1626733320,0
1626733380,0
1626733440,0
1626733500,0
1626733560,0
1626733620,0
1626733680,0
1626733740,0
1626733800,0
1626733860,0
1626733920,0
1626733980,0
1626734040,0
1626734100,0
1626734160,0
1626734220,0
1626734280,0
1626734340,0
1626734400,1
1626734460,0
1626734520,1
1626734580,0
1626734640,1
1626734700,0
1626734760,0
1626734820,0
1626734880,1
1626734940,1
1626735000,0
1626735060,0
1626735120,0
1626735180,0
1626735240,1
1626735300,1
1626735360,0
1626735420,0
1626735480,0
1626735540,0
1626735600,1
1626735660,1
1626735720,0
1626735780,0
1626735840,1
1626735900,0
1626735960,0
1626736020,0
1626736080,0
1626736140,0
1626736200,0
1626736260,1
1626736320,1
1626736380,0
1626736440,1
1626736500,1
1626736560,0
1626736620,0
1626736680,0
1626736740,0
1626736800,0
1626736860,0
1626736920,0
1626736980,0
1626737040,0
1626737100,0
1626737160,0
1626737220,0
1626737280,1
1626737340,0
1626737400,0
1626737460,0
1626737520,0
1626737580,0
1626737640,0
1626737700,0
1626737760,1
1626737820,1
1626737880,1
1626737940,0
1626738000,0
1626738060,0
1626738120,0
1626738180,0
1626738240,0
1626738300,0
1626738360,0
1626738420,0
1626738480,0
1626738540,0
1626738600,1
1626738660,0
1626738720,1
1626738780,1
1626738840,1
1626738900,0
1626738960,0
1626739020,0
1626739080,0
1626739140,0
1626739200,0
1626739260,1
1626739320,0
1626739380,1
1626739440,0
1626739500,0
1626739560,1
1626739620,1
1626739680,1
1626739740,0
1626739800,0
1626739860,0
1626739920,0
1626739980,0
1626740040,0
1626740100,0
1626740160,0
1626740220,1
1626740280,0
1626740340,0
1626740400,0
1626740460,0
1626740520,0
1626740580,0
1626740640,1
1626740700,1
1626740760,1
1626740820,1
1626740880,1
1626740940,1
1626741000,0
1626741060,0
1626741120,1
1626741180,0
1626741240,1
1626741300,0
1626741360,0
1626741420,0
1626741480,1
1626741540,1
1626741600,1
1626741660,0
1626741720,0
1626741780,0
1626741840,1
1626741900,0
1626741960,0
1626742020,0
1626742080,1
1626742140,1
1626742200,0
1626742260,1
1626742320,0
1626742380,0
1626742440,0
1626742500,0
1626742560,0
1626742620,1
1626742680,0
1626742740,0
1626742800,0
1626742860,0
1626742920,1
1626742980,1
1626743040,0
1626743100,0
1626743160,0
1626743220,1
1626743280,0
1626743340,1
1626743400,0
1626743460,1
1626743520,1
1626743580,1
1626743640,0
1626743700,0
1626743760,0
1626743820,0
1626743880,1
1626743940,0
1626744000,0
1626744060,0
1626744120,1
1626744180,1
1626744240,1
1626744300,0
1626744360,1
1626744420,0
1626744480,1
1626744540,0
1626744600,0
1626744660,1
1626744720,0
1626744780,0
1626744840,0
1626744900,1
1626744960,0
1626745020,0
1626745080,0
1626745140,0
1626745200,0
1626745260,0
1626745320,0
1626745380,1
1626745440,0
1626745500,0
1626745560,0
1626745620,0
1626745680,0
1626745740,0
1626745800,0
1626745860,0
1626745920,0
1626745980,0
1626746040,0
1626746100,0
1626746160,0
1626746220,0
1626746280,0
1626746340,0
1626746400,0
1626746460,0
1626746520,1
1626746580,0
1626746640,0
1626746700,0
1626746760,0
1626746820,1
1626746880,1
1626746940,0
1626747000,0
1626747060,0
1626747120,0
1626747180,0
1626747240,0
1626747300,0
1626747360,0
1626747420,0
1626747480,0
1626747540,0
1626747600,0
1626747660,0
1626747720,0
1626747780,0
1626747840,0
1626747900,0
1626747960,1
1626748020,0
1626748080,0
1626748140,1
1626748200,0
1626748260,0
1626748320,0
1626748380,0
1626748440,0
1626748500,0
1626748560,0
1626748620,0
1626748680,0
1626748740,0
1626748800,0
1626748860,1
1626748920,0
1626748980,0
1626749040,0
1626749100,1
1626749160,0
1626749220,0
1626749280,0
1626749340,0
1626749400,0
1626749460,0
1626749520,0
1626749580,0
1626749640,0
1626749700,0
1626749760,0
1626749820,0
1626749880,0
1626749940,0
1626750000,0
1626750060,0
1626750120,1
1626750180,0
1626750240,0
1626750300,0
1626750360,0
1626750420,0
1626750480,0
1626750540,0
1626750600,0
1626750660,0
1626750720,0
1626750780,0
1626750840,0
1626750900,0
1626750960,0
1626751020,0
1626751080,1
1626751140,0
1626751200,0
1626751260,0
1626751320,0
1626751380,1
1626751440,1
1626751500,0
1626751560,0
1626751620,0
1626751680,0
1626751740,0
1626751800,0
1626751860,0
1626751920,0
1626751980,1
1626752040,1
1626752100,0
1626752160,0
1626752220,0
1626752280,0
1626752340,1
1626752400,0
1626752460,0
1626752520,0
1626752580,0
1626752640,0
1626752700,0
1626752760,1
1626752820,0
1626752880,0
1626752940,1
1626753000,0
1626753060,0
1626753120,0
1626753180,0
1626753240,0
1626753300,0
1626753360,0
1626753420,0
1626753480,0
1626753540,0
1626753600,0
1626753660,0
1626753720,1
1626753780,1
1626753840,0
1626753900,0
1626753960,1
1626754020,0
1626754080,1
1626754140,0
1626754200,0
1626754260,0
1626754320,0
1626754380,0
1626754440,0
1626754500,0
1626754560,0
1626754620,0
1626754680,0
1626754740,0
1626754800,0
1626754860,0
1626754920,0
1626754980,1
1626755040,0
1626755100,0
1626755160,0
1626755220,0
1626755280,0
1626755340,0
1626755400,0
1626755460,0
1626755520,1
1626755580,1
1626755640,0
1626755700,0
1626755760,0
1626755820,1
1626755880,0
1626755940,1
1626756000,1
1626756060,1
1626756120,1
1626756180,1
1626756240,1
1626756300,1
1626756360,1
1626756420,1
1626756480,1
1626756540,1
1626756600,0
1626756660,0
1626756720,0
1626756780,0
1626756840,0
1626756900,0
1626756960,1
1626757020,1
1626757080,0
1626757140,0
1626757200,1
1626757260,0
1626757320,1
1626757380,0
1626757440,0
1626757500,0
1626757560,0
1626757620,0
1626757680,0
1626757740,0
1626757800,0
1626757860,0
1626757920,1
1626757980,1
1626758040,0
1626758100,0
1626758160,0
1626758220,0
1626758280,0
1626758340,0
1626758400,0
1626758460,0
1626758520,0
1626758580,0
1626758640,0
1626758700,1
1626758760,1
1626758820,0
1626758880,0
1626758940,0
1626759000,0
1626759060,0
1626759120,0
1626759180,0
1626759240,0
1626759300,0
1626759360,0
1626759420,0
1626759480,1
1626759540,1
1626759600,0
1626759660,1
1626759720,0
1626759780,0
1626759840,0
1626759900,0
1626759960,0
1626760020,0
1626760080,1
1626760140,0
1626760200,0
1626760260,0
1626760320,0
1626760380,0
1626760440,0
1626760500,1
1626760560,0
1626760620,0
1626760680,0
1626760740,0
1626760800,0
1626760860,0
1626760920,0
1626760980,0
1626761040,0
1626761100,0
1626761160,0
1626761220,0
1626761280,0
1626761340,0
1626761400,0
1626761460,0
1626761520,1
1626761580,0
1626761640,0
1626761700,0
1626761760,0
1626761820,0
1626761880,0
1626761940,0
1626762000,0
1626762060,1
1626762120,0
1626762180,0
1626762240,0
1626762300,0
1626762360,0
1626762420,0
1626762480,0
1626762540,1
1626762600,1
1626762660,0
1626762720,0
1626762780,0
1626762840,0
1626762900,0
1626762960,0
1626763020,0
1626763080,0
1626763140,0
1626763200,0
1626763260,0
1626763320,0
1626763380,0
1626763440,0
1626763500,0
1626763560,1
1626763620,0
1626763680,0
1626763740,1
1626763800,0
1626763860,0
1626763920,0
1626763980,1
1626764040,1
1626764100,0
1626764160,0
1626764220,0
1626764280,0
1626764340,0
1626764400,0
1626764460,0
1626764520,0
1626764580,0
1626764640,0
1626764700,0
1626764760,0
1626764820,0
1626764880,0
1626764940,0
1626765000,1
1626765060,0
1626765120,0
1626765180,0
1626765240,1
1626765300,0
1626765360,1
1626765420,0
1626765480,0
1626765540,0
1626765600,0
1626765660,0
1626765720,0
1626765780,0
1626765840,1
1626765900,0
1626765960,0
1626766020,1
1626766080,0
1626766140,0
1626766200,0
1626766260,0
1626766320,0
1626766380,0
1626766440,1
1626766500,1
1626766560,0
1626766620,0
1626766680,0
1626766740,0
1626766800,0
1626766860,0
1626766920,0
1626766980,1
1626767040,0
1626767100,1
1626767160,0
1626767220,0
1626767280,0
1626767340,0
1626767400,0
1626767460,0
1626767520,0
1626767580,0
1626767640,0
1626767700,0
1626767760,0
1626767820,0
1626767880,0
1626767940,0
1626768000,0
1626768060,0
1626768120,0
1626768180,1
1626768240,0
1626768300,0
1626768360,0
1626768420,0
1626768480,0
1626768540,0
1626768600,0
1626768660,0
1626768720,0
1626768780,0
1626768840,0
1626768900,0
1626768960,0
1626769020,0
1626769080,0
1626769140,1
1626769200,1
1626769260,0
1626769320,1
1626769380,0
1626769440,0
1626769500,0
1626769560,0
1626769620,0
1626769680,0
1626769740,0
1626769800,0
1626769860,1
1626769920,0
1626769980,0
1626770040,0
1626770100,0
1626770160,0
1626770220,0
1626770280,0
1626770340,0
1626770400,0
1626770460,0
1626770520,0
1626770580,0
1626770640,1
1626770700,0
1626770760,1
1626770820,0
1626770880,0
1626770940,0
1626771000,0
1626771060,0
1626771120,0
1626771180,0
1626771240,0
1626771300,0
1626771360,0
1626771420,0
1626771480,0
1626771540,0
1626771600,0
1626771660,0
1626771720,0
1626771780,0
1626771840,1
1626771900,1
1626771960,1
1626772020,0
1626772080,0
1626772140,0
1626772200,0
1626772260,0
1626772320,0
1626772380,0
1626772440,0
1626772500,0
1626772560,0
1626772620,0
1626772680,0
1626772740,0
1626772800,0
1626772860,0
1626772920,1
1626772980,0
1626773040,0
1626773100,0
1626773160,0
1626773220,1
1626773280,1
1626773340,0
1626773400,0
1626773460,0
1626773520,0
1626773580,1
1626773640,0
1626773700,0
1626773760,0
1626773820,0
1626773880,0
1626773940,0
1626774000,1
1626774060,0
1626774120,0
1626774180,0
1626774240,0
1626774300,0
1626774360,0
1626774420,0
1626774480,1
1626774540,0
1626774600,0
1626774660,1
1626774720,0
1626774780,0
1626774840,0
1626774900,0
1626774960,0
1626775020,0
1626775080,0
1626775140,0
1626775200,0
1626775260,0
1626775320,0
1626775380,0
1626775440,0
1626775500,0
1626775560,0
1626775620,1
1626775680,0
1626775740,1
1626775800,0
1626775860,0
1626775920,0
1626775980,0
1626776040,0
1626776100,0
1626776160,0
1626776220,0
1626776280,0
1626776340,0
1626776400,0
1626776460,1
1626776520,0
1626776580,0
1626776640,0
1626776700,0
1626776760,0
1626776820,0
1626776880,0
1626776940,0
1626777000,0
1626777060,0
1626777120,0
1626777180,0
1626777240,0
1626777300,0
1626777360,0
1626777420,0
1626777480,0
1626777540,1
1626777600,0
1626777660,0
1626777720,0
1626777780,0
1626777840,0
1626777900,0
1626777960,0
1626778020,1
1626778080,0
1626778140,1
1626778200,0
1626778260,0
1626778320,0
1626778380,0
1626778440,0
1626778500,0
1626778560,0
1626778620,0
1626778680,0
1626778740,0
1626778800,0
1626778860,0
1626778920,0
1626778980,0
1626779040,1
1626779100,1
1626779160,1
1626779220,0
1626779280,0
1626779340,0
1626779400,0
1626779460,0
1626779520,0
1626779580,1
1626779640,1
1626779700,0
1626779760,0
1626779820,0
1626779880,1
1626779940,0
1626780000,0
1626780060,0
1626780120,0
1626780180,0
1626780240,0
1626780300,0
1626780360,0
1626780420,0
1626780480,0
1626780540,1
1626780600,0
1626780660,0
1626780720,0
1626780780,1
1626780840,0
1626780900,0
1626780960,0
1626781020,0
1626781080,1
1626781140,0
1626781200,0
1626781260,0
1626781320,0
1626781380,0
1626781440,0
1626781500,0
1626781560,0
1626781620,0
1626781680,0
1626781740,0
1626781800,0
1626781860,1
1626781920,0
1626781980,0
1626782040,1
1626782100,0
1626782160,0
1626782220,0
1626782280,0
1626782340,0
1626782400,0
1626782460,1
1626782520,0
1626782580,0
1626782640,0
1626782700,0
1626782760,0
1626782820,0
1626782880,0
1626782940,0
1626783000,0
1626783060,0
1626783120,0
1626783180,0
1626783240,0
1626783300,0
1626783360,0
1626783420,0
1626783480,0
1626783540,0
1626783600,0
1626783660,1
1626783720,0
1626783780,0
1626783840,0
1626783900,0
1626783960,0
1626784020,0
1626784080,0
1626784140,0
1626784200,1
1626784260,0
1626784320,1
1626784380,1
1626784440,1
1626784500,0
1626784560,1
1626784620,0
1626784680,0
1626784740,0
1626784800,0
1626784860,1
1626784920,0
1626784980,0
1626785040,0
1626785100,1
1626785160,0
1626785220,0
1626785280,0
1626785340,0
1626785400,0
1626785460,0
1626785520,0
1626785580,0
1626785640,0
1626785700,0
1626785760,0
1626785820,1
1626785880,0
1626785940,1
1626786000,1
1626786060,0
1626786120,0
1626786180,0
1626786240,0
1626786300,0
1626786360,0
1626786420,0
1626786480,1
1626786540,0
1626786600,0
1626786660,1
1626786720,1
1626786780,1
1626786840,0
1626786900,0
1626786960,0
1626787020,0
1626787080,0
1626787140,0
1626787200,0
1626787260,0
1626787320,0
1626787380,0
1626787440,0
1626787500,0
1626787560,0
1626787620,1
1626787680,1
1626787740,0
1626787800,0
1626787860,0
1626787920,0
1626787980,0
1626788040,0
1626788100,0
1626788160,1
1626788220,0
1626788280,0
1626788340,0
1626788400,0
1626788460,0
1626788520,0
1626788580,0
1626788640,0
1626788700,1
1626788760,0
1626788820,1
1626788880,1
1626788940,0
1626789000,0
1626789060,1
1626789120,1
1626789180,0
1626789240,0
1626789300,1
1626789360,0
1626789420,0
1626789480,0
1626789540,0
1626789600,1
1626789660,0
1626789720,0
1626789780,0
1626789840,0
1626789900,0
1626789960,1
1626790020,1
1626790080,0
1626790140,1
1626790200,0
1626790260,0
1626790320,1
1626790380,1
1626790440,0
1626790500,0
1626790560,0
1626790620,0
1626790680,0
1626790740,0
1626790800,0
1626790860,1
1626790920,0
1626790980,0
1626791040,0
1626791100,0
1626791160,0
1626791220,0
1626791280,0
1626791340,0
1626791400,1
1626791460,0
1626791520,0
1626791580,0
1626791640,1
1626791700,0
1626791760,0
1626791820,0
1626791880,0
1626791940,0
1626792000,0
1626792060,0
1626792120,0
1626792180,0
1626792240,0
1626792300,0
1626792360,1
1626792420,0
1626792480,0
1626792540,0
1626792600,1
1626792660,0
1626792720,0
1626792780,0
1626792840,1
1626792900,0
1626792960,0
1626793020,0
1626793080,0
1626793140,0
1626793200,0
1626793260,0
1626793320,0
1626793380,1
1626793440,0
1626793500,1
1626793560,0
1626793620,0
1626793680,0
1626793740,0
1626793800,0
1626793860,0
1626793920,1
1626793980,0
1626794040,0
1626794100,0
1626794160,0
1626794220,0
1626794280,0
1626794340,0
1626794400,0
1626794460,0
1626794520,0
1626794580,0
1626794640,0
1626794700,0
1626794760,0
1626794820,0
1626794880,0
1626794940,1
1626795000,0
1626795060,0
1626795120,0
1626795180,0
1626795240,0
1626795300,0
1626795360,0
1626795420,0
1626795480,0
1626795540,1
1626795600,0
1626795660,1
1626795720,0
1626795780,1
1626795840,1
1626795900,0
1626795960,0
1626796020,0
1626796080,0
1626796140,0
1626796200,0
1626796260,1
1626796320,1
1626796380,0
1626796440,0
1626796500,0
1626796560,0
1626796620,0
1626796680,1
1626796740,0
1626796800,0
1626796860,1
1626796920,0
1626796980,0
1626797040,0
1626797100,0
1626797160,0
1626797220,0
1626797280,0
1626797340,1
1626797400,0
1626797460,0
1626797520,0
1626797580,0
1626797640,1
1626797700,1
1626797760,1
1626797820,0
1626797880,0
1626797940,0
1626798000,1
1626798060,1
1626798120,0
1626798180,0
1626798240,0
1626798300,1
1626798360,0
1626798420,0
1626798480,0
1626798540,1
1626798600,1
1626798660,0
1626798720,0
1626798780,1
1626798840,0
1626798900,0
1626798960,1
1626799020,0
1626799080,0
1626799140,0
1626799200,0
1626799260,0
1626799320,0
1626799380,0
1626799440,0
1626799500,0
1626799560,0
1626799620,1
1626799680,0
1626799740,0
1626799800,1
1626799860,1
1626799920,0
1626799980,0
1626800040,0
1626800100,0
1626800160,0
1626800220,0
1626800280,0
1626800340,0
1626800400,0
1626800460,0
1626800520,1
1626800580,0
1626800640,1
1626800700,1
1626800760,1
1626800820,1
1626800880,0
1626800940,0
1626801000,0
1626801060,0
1626801120,0
1626801180,0
1626801240,0
1626801300,0
1626801360,0
1626801420,0
1626801480,0
1626801540,0
1626801600,0
1626801660,0
1626801720,0
1626801780,0
1626801840,0
1626801900,0
1626801960,0
1626802020,0
1626802080,0
1626802140,1
1626802200,1
1626802260,0
1626802320,0
1626802380,0
1626802440,0
1626802500,0
1626802560,0
1626802620,0
1626802680,0
1626802740,0
1626802800,1
1626802860,0
1626802920,1
1626802980,1
1626803040,1
1626803100,0
1626803160,0
1626803220,0
1626803280,0
1626803340,0
1626803400,0
1626803460,1
1626803520,1
1626803580,0
1626803640,0
1626803700,1
1626803760,1
1626803820,0
1626803880,0
1626803940,0
1626804000,0
1626804060,0
1626804120,0
1626804180,0
1626804240,1
1626804300,0
1626804360,0
1626804420,0
1626804480,0
1626804540,0
1626804600,0
1626804660,0
1626804720,0
1626804780,0
1626804840,0
1626804900,0
1626804960,0
1626805020,0
1626805080,0
1626805140,1
1626805200,1
1626805260,1
1626805320,1
1626805380,1
1626805440,1
1626805500,0
1626805560,0
1626805620,0
1626805680,0
1626805740,0
1626805800,0
1626805860,0
1626805920,1
1626805980,0
1626806040,0
1626806100,0
1626806160,0
1626806220,0
1626806280,1
1626806340,0
1626806400,0
1626806460,0
1626806520,0
1626806580,0
1626806640,0
1626806700,0
1626806760,0
1626806820,1
1626806880,1
1626806940,0
1626807000,0
1626807060,0
1626807120,0
1626807180,1
1626807240,0
1626807300,0
1626807360,0
1626807420,0
1626807480,0
1626807540,0
1626807600,0
1626807660,0
1626807720,0
1626807780,1
1626807840,0
1626807900,1
1626807960,0
1626808020,1
1626808080,0
1626808140,0
1626808200,1
1626808260,1
1626808320,1
1626808380,1
1626808440,1
1626808500,1
1626808560,0
1626808620,1
1626808680,0
1626808740,0
1626808800,0
1626808860,0
1626808920,0
1626808980,0
1626809040,0
1626809100,0
1626809160,1
1626809220,1
1626809280,0
1626809340,0
1626809400,0
1626809460,0
1626809520,1
1626809580,0
1626809640,0
1626809700,0
1626809760,0
1626809820,0
1626809880,1
1626809940,0
1626810000,0
1626810060,0
1626810120,0
1626810180,0
1626810240,0
1626810300,0
1626810360,1
1626810420,0
1626810480,0
1626810540,0
1626810600,0
1626810660,0
1626810720,0
1626810780,0
1626810840,0
1626810900,0
1626810960,0
1626811020,0
1626811080,1
1626811140,0
1626811200,0
1626811260,0
1626811320,0
1626811380,0
1626811440,0
1626811500,0
1626811560,0
1626811620,0
1626811680,1
1626811740,1
1626811800,0
1626811860,0
1626811920,0
1626811980,0
1626812040,0
1626812100,0
1626812160,0
1626812220,0
1626812280,0
1626812340,1
1626812400,0
1626812460,0
1626812520,1
1626812580,0
1626812640,0
1626812700,0
1626812760,0
1626812820,0
1626812880,0
1626812940,0
1626813000,0
1626813060,1
1626813120,0
1626813180,0
1626813240,0
1626813300,0
1626813360,0
1626813420,0
1626813480,0
1626813540,0
1626813600,0
1626813660,0
1626813720,0
1626813780,0
1626813840,0
1626813900,0
1626813960,0
1626814020,0
1626814080,0
1626814140,0
1626814200,0
1626814260,1
1626814320,1
1626814380,0
1626814440,1
1626814500,0
1626814560,1
1626814620,1
1626814680,1
1626814740,0
1626814800,0
1626814860,0
1626814920,0
1626814980,0
1626815040,0
1626815100,1
1626815160,1
1626815220,1
1626815280,0
1626815340,0
1626815400,0
1626815460,0
1626815520,1
1626815580,0
1626815640,0
1626815700,0
1626815760,0
1626815820,1
1626815880,0
1626815940,0
1626816000,0
1626816060,0
1626816120,0
1626816180,0
1626816240,0
1626816300,0
1626816360,0
1626816420,0
1626816480,0
1626816540,0
1626816600,0
1626816660,0
1626816720,0
1626816780,1
1626816840,0
1626816900,0
1626816960,1
1626817020,1
1626817080,1
1626817140,0
1626817200,0
1626817260,0
1626817320,0
1626817380,0
1626817440,0
1626817500,0
1626817560,0
1626817620,0
1626817680,0
1626817740,0
1626817800,0
1626817860,0
1626817920,0
1626817980,0
1626818040,1
1626818100,0
1626818160,0
1626818220,1
1626818280,0
1626818340,1
1626818400,1
1626818460,0
1626818520,0
1626818580,0
1626818640,1
1626818700,1
1626818760,0
1626818820,0
1626818880,1
1626818940,0
1626819000,0
1626819060,0
1626819120,0
1626819180,1
1626819240,0
1626819300,1
1626819360,1
1626819420,0
1626819480,0
1626819540,0
1626819600,0
1626819660,0
1626819720,0
1626819780,0
1626819840,0
1626819900,0
1626819960,0
1626820020,0
1626820080,0
1626820140,1
1626820200,0
1626820260,0
1626820320,0
1626820380,0
1626820440,0
1626820500,0
1626820560,0
1626820620,0
1626820680,0
1626820740,1
1626820800,1
1626820860,1
1626820920,1
1626820980,0
1626821040,0
1626821100,0
1626821160,0
1626821220,0
1626821280,0
1626821340,0
1626821400,0
1626821460,0
1626821520,0
1626821580,0
1626821640,0
1626821700,0
1626821760,0
1626821820,0
1626821880,0
1626821940,0
1626822000,0
1626822060,1
1626822120,0
1626822180,0
1626822240,1
1626822300,1
1626822360,0
1626822420,0
1626822480,0
1626822540,0
1626822600,0
1626822660,1
1626822720,1
1626822780,0
1626822840,1
1626822900,0
1626822960,0
1626823020,0
1626823080,0
1626823140,0
1626823200,0
1626823260,1
1626823320,0
1626823380,0
1626823440,0
1626823500,0
1626823560,0
1626823620,0
1626823680,0
1626823740,0
1626823800,0
1626823860,0
1626823920,0
1626823980,0
1626824040,1
1626824100,0
1626824160,1
1626824220,1
1626824280,0
1626824340,0
1626824400,0
1626824460,0
1626824520,0
1626824580,0
1626824640,1
1626824700,0
1626824760,0
1626824820,0
1626824880,0
1626824940,0
1626825000,0
1626825060,1
1626825120,0
1626825180,0
1626825240,0
1626825300,0
1626825360,0
1626825420,0
1626825480,0
1626825540,0
1626825600,0
1626825660,1
1626825720,1
1626825780,0
1626825840,0
1626825900,0
1626825960,0
1626826020,0
1626826080,0
1626826140,0
1626826200,0
1626826260,1
1626826320,0
1626826380,1
1626826440,0
1626826500,0
1626826560,0
1626826620,1
1626826680,0
1626826740,0
1626826800,0
1626826860,0
1626826920,0
1626826980,0
1626827040,0
1626827100,1
1626827160,0
1626827220,0
1626827280,0
1626827340,0
1626827400,0
1626827460,1
1626827520,0
1626827580,0
1626827640,0
1626827700,0
1626827760,0
1626827820,0
1626827880,0
1626827940,0
1626828000,0
1626828060,0
1626828120,0
1626828180,0
1626828240,0
1626828300,0
1626828360,0
1626828420,0
1626828480,1
1626828540,1
1626828600,0
1626828660,1
1626828720,0
1626828780,0
1626828840,0
1626828900,0
1626828960,0
1626829020,0
1626829080,0
1626829140,0
1626829200,0
1626829260,0
1626829320,0
1626829380,0
1626829440,0
1626829500,0
1626829560,0
1626829620,0
1626829680,0
1626829740,0
1626829800,0
1626829860,0
1626829920,0
1626829980,0
1626830040,1
1626830100,1
1626830160,1
1626830220,0
1626830280,0
1626830340,0
1626830400,0
1626830460,0
1626830520,0
1626830580,1
1626830640,0
1626830700,0
1626830760,1
1626830820,0
1626830880,0
1626830940,0
1626831000,1
1626831060,0
1626831120,1
1626831180,1
1626831240,1
1626831300,0
1626831360,0
1626831420,0
1626831480,0
1626831540,0
1626831600,0
1626831660,0
1626831720,0
1626831780,0
1626831840,0
1626831900,0
1626831960,0
1626832020,0
1626832080,0
1626832140,1
1626832200,0
1626832260,0
1626832320,0
1626832380,0
1626832440,0
1626832500,0
1626832560,0
1626832620,0
1626832680,0
1626832740,0
1626832800,0
1626832860,1
1626832920,0
1626832980,0
1626833040,0
1626833100,0
1626833160,0
1626833220,0
1626833280,1
1626833340,1
1626833400,1
1626833460,1
1626833520,0
1626833580,0
1626833640,1
1626833700,1
1626833760,0
1626833820,0
1626833880,0
1626833940,1
1626834000,0
1626834060,0
1626834120,0
1626834180,0
1626834240,0
1626834300,0
1626834360,0
1626834420,0
1626834480,0
1626834540,0
1626834600,0
1626834660,0
1626834720,0
1626834780,0
1626834840,1
1626834900,0
1626834960,0
1626835020,0
1626835080,0
1626835140,1
1626835200,0
1626835260,0
1626835320,0
1626835380,0
1626835440,1
1626835500,0
1626835560,0
1626835620,0
1626835680,0
1626835740,0
1626835800,0
1626835860,0
1626835920,0
1626835980,0
1626836040,0
1626836100,0
1626836160,0
1626836220,0
1626836280,0
1626836340,0
1626836400,0
1626836460,1
1626836520,0
1626836580,0
1626836640,0
1626836700,0
1626836760,1
1626836820,0
1626836880,0
1626836940,0
1626837000,0
1626837060,0
1626837120,0
1626837180,0
1626837240,0
1626837300,0
1626837360,1
1626837420,0
1626837480,0
1626837540,0
1626837600,0
1626837660,0
1626837720,0
1626837780,1
1626837840,1
1626837900,1
1626837960,0
1626838020,1
1626838080,0
1626838140,0
1626838200,0
1626838260,0
1626838320,1
1626838380,1
1626838440,0
1626838500,0
1626838560,0
1626838620,0
1626838680,0
1626838740,0
1626838800,0
1626838860,0
1626838920,0
1626838980,0
1626839040,0
1626839100,0
1626839160,0
1626839220,1
1626839280,0
1626839340,0
1626839400,0
1626839460,0
1626839520,0
1626839580,1
1626839640,0
1626839700,1
1626839760,0
1626839820,0
1626839880,0
1626839940,0
1626840000,0
1626840060,1
1626840120,0
1626840180,0
1626840240,0
1626840300,0
1626840360,0
1626840420,0
1626840480,0
1626840540,0
1626840600,0
1626840660,0
1626840720,0
1626840780,0
1626840840,0
1626840900,1
1626840960,0
1626841020,0
1626841080,1
1626841140,0
1626841200,0
1626841260,0
1626841320,0
1626841380,0
1626841440,0
1626841500,0
1626841560,0
1626841620,0
1626841680,1
1626841740,0
1626841800,1
1626841860,0
1626841920,0
1626841980,0
1626842040,0
1626842100,1
1626842160,1
1626842220,0
1626842280,0
1626842340,0
1626842400,1
1626842460,0
1626842520,0
1626842580,0
1626842640,1
1626842700,0
1626842760,0
1626842820,0
1626842880,0
1626842940,0
1626843000,0
1626843060,0
1626843120,0
1626843180,0
1626843240,0
1626843300,1
1626843360,1
1626843420,1
1626843480,1
1626843540,0
1626843600,0
1626843660,0
1626843720,0
1626843780,0
1626843840,0
1626843900,0
1626843960,0
1626844020,0
1626844080,0
1626844140,0
1626844200,0
1626844260,0
1626844320,0
1626844380,1
1626844440,0
1626844500,0
1626844560,0
1626844620,0
1626844680,0
1626844740,1
1626844800,0
1626844860,0
1626844920,0
1626844980,0
1626845040,0
1626845100,0
1626845160,0
1626845220,0
1626845280,0
1626845340,1
1626845400,0
1626845460,0
1626845520,1
1626845580,0
1626845640,1
1626845700,1
1626845760,0
1626845820,1
1626845880,1
1626845940,0
1626846000,0
1626846060,0
1626846120,1
1626846180,0
1626846240,0
1626846300,0
1626846360,0
1626846420,0
1626846480,0
1626846540,0
1626846600,0
1626846660,0
1626846720,1
1626846780,0
1626846840,0
1626846900,0
1626846960,0
1626847020,0
1626847080,0
1626847140,0
1626847200,0
1626847260,0
1626847320,0
1626847380,0
1626847440,0
1626847500,0
1626847560,1
1626847620,0
1626847680,1
1626847740,0
1626847800,0
1626847860,0
1626847920,0
1626847980,0
1626848040,0
1626848100,0
1626848160,0
1626848220,0
1626848280,0
1626848340,0
1626848400,0
1626848460,0
1626848520,1
1626848580,1
1626848640,0
1626848700,0
1626848760,1
1626848820,1
1626848880,0
1626848940,0
1626849000,0
1626849060,0
1626849120,0
1626849180,0
1626849240,0
1626849300,0
1626849360,0
1626849420,0
1626849480,1
1626849540,1
1626849600,0
1626849660,0
1626849720,0
1626849780,0
1626849840,0
1626849900,1
1626849960,1
1626850020,1
1626850080,0
1626850140,0
1626850200,0
1626850260,0
1626850320,0
1626850380,0
1626850440,0
1626850500,0
1626850560,0
1626850620,1
1626850680,0
1626850740,1
1626850800,0
1626850860,0
1626850920,1
1626850980,0
1626851040,0
1626851100,0
1626851160,0
1626851220,0
1626851280,0
1626851340,0
1626851400,0
1626851460,0
1626851520,0
1626851580,0
1626851640,0
1626851700,0
1626851760,0
1626851820,1
1626851880,1
1626851940,1
1626852000,0
1626852060,1
1626852120,0
1626852180,1
1626852240,0
1626852300,0
1626852360,0
1626852420,0
1626852480,1
1626852540,1
1626852600,0
1626852660,1
1626852720,1
1626852780,0
1626852840,0
1626852900,0
1626852960,0
1626853020,0
1626853080,0
1626853140,0
1626853200,0
1626853260,0
1626853320,0
1626853380,0
1626853440,0
1626853500,0
1626853560,0
1626853620,1
1626853680,0
1626853740,0
1626853800,0
1626853860,1
1626853920,1
1626853980,0
1626854040,0
1626854100,0
1626854160,1
1626854220,0
1626854280,0
1626854340,0
1626854400,0
1626854460,0
1626854520,1
1626854580,1
1626854640,1
1626854700,1
1626854760,0
1626854820,0
1626854880,0
1626854940,0
1626855000,1
1626855060,1
1626855120,1
1626855180,1
1626855240,1
1626855300,1
1626855360,1
1626855420,0
1626855480,0
1626855540,1
1626855600,0
1626855660,0
1626855720,0
1626855780,0
1626855840,1
1626855900,0
1626855960,0
1626856020,0
1626856080,0
1626856140,0
1626856200,0
1626856260,0
1626856320,1
1626856380,1
1626856440,0
1626856500,0
1626856560,0
1626856620,1
1626856680,0
1626856740,1
1626856800,0
1626856860,0
1626856920,0
1626856980,0
1626857040,0
1626857100,1
1626857160,0
1626857220,0
1626857280,1
1626857340,0
1626857400,0
1626857460,0
1626857520,1
1626857580,0
1626857640,1
1626857700,0
1626857760,0
1626857820,0
1626857880,1
1626857940,1
1626858000,1
1626858060,0
1626858120,0
1626858180,0
1626858240,0
1626858300,0
1626858360,0
1626858420,0
1626858480,0
1626858540,0
1626858600,1
1626858660,1
1626858720,0
1626858780,0
1626858840,0
1626858900,0
1626858960,0
1626859020,0
1626859080,0
1626859140,0
1626859200,0
1626859260,0
1626859320,0
1626859380,0
1626859440,1
1626859500,1
1626859560,0
1626859620,0
1626859680,0
1626859740,0
1626859800,0
1626859860,1
1626859920,0
1626859980,1
1626860040,0
1626860100,1
1626860160,1
1626860220,0
1626860280,1
1626860340,1
1626860400,0
1626860460,0
1626860520,1
1626860580,0
1626860640,1
1626860700,0
1626860760,0
1626860820,1
1626860880,1
1626860940,1
1626861000,1
1626861060,1
1626861120,1
1626861180,1
1626861240,1
1626861300,1
1626861360,1
1626861420,1
1626861480,1
1626861540,1
1626861600,0
1626861660,0
1626861720,1
1626861780,0
1626861840,0
1626861900,0
1626861960,0
1626862020,1
1626862080,1
1626862140,1
1626862200,0
1626862260,0
1626862320,0
1626862380,0
1626862440,0
1626862500,0
1626862560,0
1626862620,0
1626862680,0
1626862740,0
1626862800,0
1626862860,1
1626862920,0
1626862980,0
1626863040,0
1626863100,0
1626863160,0
1626863220,0
1626863280,0
1626863340,0
1626863400,0
1626863460,0
1626863520,0
1626863580,1
1626863640,0
1626863700,0
1626863760,0
1626863820,0
1626863880,0
1626863940,0
1626864000,0
1626864060,0
1626864120,0
1626864180,0
1626864240,1
1626864300,0
1626864360,0
1626864420,0
1626864480,0
1626864540,1
1626864600,0
1626864660,0
1626864720,0
1626864780,0
1626864840,0
1626864900,0
1626864960,0
1626865020,0
1626865080,1
1626865140,0
1626865200,0
1626865260,0
1626865320,1
1626865380,0
1626865440,0
1626865500,0
1626865560,0
1626865620,0
1626865680,0
1626865740,0
1626865800,0
1626865860,0
1626865920,1
1626865980,0
1626866040,0
1626866100,1
1626866160,0
1626866220,0
1626866280,0
1626866340,0
1626866400,0
1626866460,1
1626866520,1
1626866580,0
1626866640,0
1626866700,0
1626866760,1
1626866820,0
1626866880,0
1626866940,1
1626867000,1
1626867060,0
1626867120,0
1626867180,0
1626867240,0
1626867300,0
1626867360,1
1626867420,0
1626867480,1
1626867540,0
1626867600,0
1626867660,0
1626867720,0
1626867780,0
1626867840,0
1626867900,0
1626867960,0
1626868020,0
1626868080,0
1626868140,1
1626868200,0
1626868260,0
1626868320,1
1626868380,0
1626868440,0
1626868500,1
1626868560,1
1626868620,1
1626868680,0
1626868740,0
1626868800,0
1626868860,0
1626868920,0
1626868980,0
1626869040,1
1626869100,1
1626869160,0
1626869220,0
1626869280,0
1626869340,0
1626869400,1
1626869460,0
1626869520,1
1626869580,0
1626869640,1
1626869700,0
1626869760,0
1626869820,0
1626869880,0
1626869940,0
1626870000,0
1626870060,0
1626870120,1
1626870180,0
1626870240,0
1626870300,1
1626870360,1
1626870420,1
1626870480,0
1626870540,0
1626870600,1
1626870660,1
1626870720,0
1626870780,1
1626870840,0
1626870900,0
1626870960,0
1626871020,0
1626871080,0
1626871140,0
1626871200,0
1626871260,0
1626871320,0
1626871380,1
1626871440,0
1626871500,0
1626871560,0
1626871620,0
1626871680,0
1626871740,0
1626871800,0
1626871860,0
1626871920,0
1626871980,0
1626872040,0
1626872100,0
1626872160,0
1626872220,1
1626872280,0
1626872340,0
1626872400,0
1626872460,0
1626872520,1
1626872580,0
1626872640,1
1626872700,0
1626872760,0
1626872820,1
1626872880,0
1626872940,0
1626873000,0
1626873060,0
1626873120,0
1626873180,0
1626873240,0
1626873300,1
1626873360,0
1626873420,0
1626873480,1
1626873540,0
1626873600,0
1626873660,0
1626873720,0
1626873780,0
1626873840,0
1626873900,0
1626873960,0
1626874020,1
1626874080,1
1626874140,0
1626874200,0
1626874260,0
1626874320,0
1626874380,0
1626874440,0
1626874500,0
1626874560,0
1626874620,0
1626874680,0
1626874740,0
1626874800,1
1626874860,0
1626874920,0
1626874980,1
1626875040,0
1626875100,0
1626875160,0
1626875220,0
1626875280,0
1626875340,1
1626875400,0
1626875460,1
1626875520,0
1626875580,0
1626875640,0
1626875700,1
1626875760,1
1626875820,0
1626875880,0
1626875940,0
1626876000,1
1626876060,0
1626876120,0
1626876180,0
1626876240,0
1626876300,1
1626876360,0
1626876420,0
1626876480,0
1626876540,1
1626876600,1
1626876660,0
1626876720,0
1626876780,1
1626876840,0
1626876900,0
1626876960,0
1626877020,0
1626877080,0
1626877140,1
1626877200,0
1626877260,0
1626877320,1
1626877380,0
1626877440,1
1626877500,0
1626877560,0
1626877620,0
1626877680,0
1626877740,0
1626877800,0
1626877860,0
1626877920,0
1626877980,1
1626878040,0
1626878100,1
1626878160,0
1626878220,0
1626878280,0
1626878340,0
1626878400,0
1626878460,0
1626878520,0
1626878580,1
1626878640,0
1626878700,1
1626878760,1
1626878820,0
1626878880,0
1626878940,0
1626879000,0
1626879060,0
1626879120,0
1626879180,1
1626879240,1
1626879300,1
1626879360,0
1626879420,1
1626879480,0
1626879540,0
1626879600,1
1626879660,0
1626879720,0
1626879780,0
1626879840,0
1626879900,0
1626879960,0
1626880020,0
1626880080,0
1626880140,0
1626880200,0
1626880260,0
1626880320,0
1626880380,1
1626880440,0
1626880500,0
1626880560,0
1626880620,0
1626880680,0
1626880740,0
1626880800,0
1626880860,0
1626880920,0
1626880980,0
1626881040,0
1626881100,0
1626881160,0
1626881220,0
1626881280,0
1626881340,0
1626881400,1
1626881460,0
1626881520,0
1626881580,0
1626881640,1
1626881700,0
1626881760,0
1626881820,0
1626881880,0
1626881940,0
1626882000,0
1626882060,0
1626882120,0
1626882180,1
1626882240,0
1626882300,0
1626882360,1
1626882420,0
1626882480,0
1626882540,0
1626882600,0
1626882660,0
1626882720,0
1626882780,1
1626882840,1
1626882900,0
1626882960,1
1626883020,0
1626883080,1
1626883140,1
1626883200,1
1626883260,0
1626883320,0
1626883380,0
1626883440,0
1626883500,0
1626883560,0
1626883620,0
1626883680,1
1626883740,0
1626883800,0
1626883860,1
1626883920,1
1626883980,0
1626884040,0
1626884100,0
1626884160,0
1626884220,0
1626884280,0
1626884340,0
1626884400,0
1626884460,0
1626884520,0
1626884580,0
1626884640,0
1626884700,0
1626884760,0
1626884820,0
1626884880,0
1626884940,0
1626885000,1
1626885060,0
1626885120,0
1626885180,1
1626885240,1
1626885300,1
1626885360,1
1626885420,0
1626885480,0
1626885540,1
1626885600,1
1626885660,0
1626885720,1
1626885780,0
1626885840,0
1626885900,0
1626885960,0
1626886020,1
1626886080,0
1626886140,0
1626886200,0
1626886260,0
1626886320,0
1626886380,0
1626886440,0
1626886500,1
1626886560,0
1626886620,0
1626886680,0
1626886740,0
1626886800,0
1626886860,0
1626886920,1
1626886980,0
1626887040,0
1626887100,0
1626887160,1
1626887220,0
1626887280,0
1626887340,0
1626887400,0
1626887460,0
1626887520,0
1626887580,0
1626887640,0
1626887700,0
1626887760,1
1626887820,1
1626887880,0
1626887940,0
1626888000,0
1626888060,1
1626888120,0
1626888180,0
1626888240,1
1626888300,0
1626888360,0
1626888420,0
1626888480,0
1626888540,1
1626888600,1
1626888660,1
1626888720,0
1626888780,0
1626888840,0
1626888900,0
1626888960,0
1626889020,0
1626889080,0
1626889140,0
1626889200,0
1626889260,0
1626889320,1
1626889380,0
1626889440,1
1626889500,1
1626889560,0
1626889620,0
1626889680,0
1626889740,0
1626889800,0
1626889860,0
1626889920,0
1626889980,0
1626890040,0
1626890100,0
1626890160,0
1626890220,0
1626890280,0
1626890340,0
1626890400,1
1626890460,0
1626890520,0
1626890580,0
1626890640,0
1626890700,0
1626890760,0
1626890820,0
1626890880,0
1626890940,0
1626891000,0
1626891060,0
1626891120,0
1626891180,0
1626891240,1
1626891300,0
1626891360,0
1626891420,0
1626891480,0
1626891540,0
1626891600,0
1626891660,1
1626891720,0
1626891780,0
1626891840,1
1626891900,1
1626891960,1
1626892020,0
1626892080,0
1626892140,1
1626892200,1
1626892260,0
1626892320,0
1626892380,0
1626892440,0
1626892500,0
1626892560,0
1626892620,0
1626892680,1
1626892740,0
1626892800,0
1626892860,0
1626892920,0
1626892980,0
1626893040,0
1626893100,1
1626893160,0
1626893220,0
1626893280,0
1626893340,0
1626893400,0
1626893460,0
1626893520,1
1626893580,1
1626893640,0
1626893700,0
1626893760,0
1626893820,0
1626893880,0
1626893940,0
1626894000,0
1626894060,0
1626894120,1
1626894180,1
1626894240,1
1626894300,0
1626894360,0
1626894420,0
1626894480,1
1626894540,1
1626894600,0
1626894660,0
1626894720,0
1626894780,0
1626894840,0
1626894900,0
1626894960,0
1626895020,0
1626895080,0
1626895140,0
1626895200,1
1626895260,0
1626895320,0
1626895380,0
1626895440,0
1626895500,0
1626895560,0
1626895620,1
1626895680,0
1626895740,0
1626895800,0
1626895860,0
1626895920,0
1626895980,1
1626896040,1
1626896100,1
1626896160,0
1626896220,0
1626896280,0
1626896340,0
1626896400,0
1626896460,0
1626896520,0
1626896580,0
1626896640,0
1626896700,1
1626896760,0
1626896820,1
1626896880,1
1626896940,0
1626897000,0
1626897060,0
1626897120,0
1626897180,0
1626897240,1
1626897300,0
1626897360,0
1626897420,0
1626897480,0
1626897540,1
1626897600,0
1626897660,0
1626897720,0
1626897780,1
1626897840,0
1626897900,0
1626897960,0
1626898020,0
1626898080,0
1626898140,0
1626898200,0
1626898260,0
1626898320,1
1626898380,0
1626898440,0
1626898500,0
1626898560,0
1626898620,0
1626898680,0
1626898740,0
1626898800,0
1626898860,0
1626898920,1
1626898980,1
1626899040,0
1626899100,0
1626899160,0
1626899220,0
1626899280,0
1626899340,0
1626899400,0
1626899460,0
1626899520,0
1626899580,0
1626899640,0
1626899700,0
1626899760,0
1626899820,1
1626899880,0
1626899940,0
1626900000,0
1626900060,0
1626900120,0
1626900180,0
1626900240,0
1626900300,0
1626900360,1
1626900420,0
1626900480,0
1626900540,0
1626900600,0
1626900660,0
1626900720,1
1626900780,0
1626900840,1
1626900900,1
1626900960,0
1626901020,0
1626901080,0
1626901140,0
1626901200,0
1626901260,0
1626901320,0
1626901380,1
1626901440,0
1626901500,1
1626901560,0
1626901620,0
1626901680,0
1626901740,0
1626901800,0
1626901860,1
1626901920,1
1626901980,0
1626902040,1
1626902100,0
1626902160,0
1626902220,0
1626902280,0
1626902340,1
1626902400,0
1626902460,0
1626902520,0
1626902580,0
1626902640,0
1626902700,0
1626902760,0
1626902820,1
1626902880,0
1626902940,0
1626903000,0
1626903060,0
1626903120,0
1626903180,0
1626903240,0
1626903300,0
1626903360,0
1626903420,0
1626903480,0
1626903540,1
1626903600,0
1626903660,0
1626903720,0
1626903780,0
1626903840,0
1626903900,1
1626903960,0
1626904020,0
1626904080,0
1626904140,0
1626904200,0
1626904260,0
1626904320,0
1626904380,0
1626904440,0
1626904500,0
1626904560,0
1626904620,0
1626904680,0
1626904740,0
1626904800,0
1626904860,1
1626904920,0
1626904980,0
1626905040,0
1626905100,1
1626905160,0
1626905220,0
1626905280,0
1626905340,0
1626905400,0
1626905460,0
1626905520,0
1626905580,0
1626905640,0
1626905700,0
1626905760,1
1626905820,0
1626905880,0
1626905940,0
1626906000,1
1626906060,1
1626906120,0
1626906180,0
1626906240,0
1626906300,0
1626906360,0
1626906420,0
1626906480,0
1626906540,1
1626906600,1
1626906660,1
1626906720,1
1626906780,1
1626906840,1
1626906900,1
1626906960,1
1626907020,1
1626907080,1
1626907140,1
1626907200,0
1626907260,0
1626907320,0
1626907380,0
1626907440,0
1626907500,0
1626907560,0
1626907620,0
1626907680,0
1626907740,0
1626907800,0
1626907860,0
1626907920,0
1626907980,1
1626908040,1
1626908100,0
1626908160,0
1626908220,0
1626908280,0
1626908340,0
1626908400,0
1626908460,0
1626908520,0
1626908580,0
1626908640,0
1626908700,0
1626908760,0
1626908820,0
1626908880,1
1626908940,0
1626909000,1
1626909060,0
1626909120,1
1626909180,1
1626909240,0
1626909300,0
1626909360,0
1626909420,1
1626909480,1
1626909540,0
1626909600,0
1626909660,0
1626909720,0
1626909780,0
1626909840,0
1626909900,1
1626909960,0
1626910020,1
1626910080,0
1626910140,0
1626910200,0
1626910260,0
1626910320,0
1626910380,0
1626910440,0
1626910500,1
1626910560,0
1626910620,0
1626910680,0
1626910740,0
1626910800,1
1626910860,1
1626910920,0
1626910980,0
1626911040,0
1626911100,1
1626911160,1
1626911220,0
1626911280,0
1626911340,1
1626911400,1
1626911460,1
1626911520,0
1626911580,1
1626911640,0
1626911700,0
1626911760,0
1626911820,0
1626911880,0
1626911940,0
1626912000,0
1626912060,0
1626912120,0
1626912180,0
1626912240,0
1626912300,0
1626912360,1
1626912420,0
1626912480,0
1626912540,1
1626912600,1
1626912660,0
1626912720,0
1626912780,0
1626912840,0
1626912900,0
1626912960,0
1626913020,1
1626913080,0
1626913140,1
1626913200,0
1626913260,0
1626913320,0
1626913380,0
1626913440,0
1626913500,0
1626913560,1
1626913620,0
1626913680,0
1626913740,0
1626913800,0
1626913860,0
1626913920,1
1626913980,0
1626914040,0
1626914100,0
1626914160,0
1626914220,1
1626914280,0
1626914340,0
1626914400,0
1626914460,0
1626914520,0
1626914580,0
1626914640,0
1626914700,1
1626914760,1
1626914820,0
1626914880,0
1626914940,0
1626915000,0
1626915060,0
1626915120,0
1626915180,0
1626915240,0
1626915300,0
1626915360,1
1626915420,1
1626915480,1
1626915540,0
1626915600,0
1626915660,0
1626915720,0
1626915780,0
1626915840,0
1626915900,0
1626915960,0
1626916020,1
1626916080,1
1626916140,1
1626916200,0
1626916260,0
1626916320,0
1626916380,0
1626916440,0
1626916500,0
1626916560,0
1626916620,1
1626916680,0
1626916740,0
1626916800,0
1626916860,0
1626916920,0
1626916980,0
1626917040,0
1626917100,1
1626917160,0
1626917220,0
1626917280,0
1626917340,0
1626917400,1
1626917460,0
1626917520,0
1626917580,0
1626917640,1
1626917700,0
1626917760,0
1626917820,0
1626917880,0
1626917940,1
1626918000,1
1626918060,0
1626918120,0
1626918180,0
1626918240,0
1626918300,0
1626918360,0
1626918420,0
1626918480,0
1626918540,0
1626918600,0
1626918660,0
1626918720,0
1626918780,0
1626918840,0
1626918900,0
1626918960,0
1626919020,0
1626919080,0
1626919140,0
1626919200,0
1626919260,0
1626919320,0
1626919380,0
1626919440,1
1626919500,0
1626919560,1
1626919620,0
1626919680,0
1626919740,0
1626919800,0
1626919860,1
1626919920,1
1626919980,0
1626920040,0
1626920100,1
1626920160,0
1626920220,1
1626920280,1
1626920340,0
1626920400,0
1626920460,1
1626920520,0
1626920580,1
1626920640,0
1626920700,0
1626920760,0
1626920820,0
1626920880,0
1626920940,1
1626921000,1
1626921060,0
1626921120,1
1626921180,0
1626921240,0
1626921300,0
1626921360,1
1626921420,0
1626921480,0
1626921540,0
1626921600,0
1626921660,0
1626921720,0
1626921780,0
1626921840,0
1626921900,0
1626921960,1
1626922020,1
1626922080,1
1626922140,0
1626922200,0
1626922260,0
1626922320,0
1626922380,0
1626922440,0
1626922500,0
1626922560,0
1626922620,0
1626922680,0
1626922740,0
1626922800,0
1626922860,0
1626922920,0
1626922980,0
1626923040,0
1626923100,1
1626923160,1
1626923220,0
1626923280,1
1626923340,0
1626923400,0
1626923460,0
1626923520,0
1626923580,0
1626923640,0
1626923700,0
1626923760,0
1626923820,0
1626923880,0
1626923940,0
1626924000,0
1626924060,0
1626924120,0
1626924180,1
1626924240,0
1626924300,0
1626924360,1
1626924420,1
1626924480,0
1626924540,0
1626924600,0
1626924660,0
1626924720,0
1626924780,1
1626924840,0
1626924900,0
1626924960,0
1626925020,0
1626925080,0
1626925140,0
1626925200,0
1626925260,0
1626925320,0
1626925380,0
1626925440,0
1626925500,0
1626925560,0
1626925620,0
1626925680,0
1626925740,0
1626925800,0
1626925860,0
1626925920,0
1626925980,0
1626926040,0
1626926100,0
1626926160,1
1626926220,0
1626926280,1
1626926340,1
1626926400,0
1626926460,0
1626926520,0
1626926580,0
1626926640,1
1626926700,0
1626926760,0
1626926820,0
1626926880,0
1626926940,0
1626927000,0
1626927060,0
1626927120,0
1626927180,0
1626927240,0
1626927300,1
1626927360,1
1626927420,0
1626927480,1
1626927540,1
1626927600,0
1626927660,1
1626927720,1
1626927780,0
1626927840,0
1626927900,0
1626927960,0
1626928020,0
1626928080,0
1626928140,0
1626928200,0
1626928260,0
1626928320,0
1626928380,0
1626928440,0
1626928500,0
1626928560,1
1626928620,0
1626928680,0
1626928740,1
1626928800,1
1626928860,1
1626928920,1
1626928980,1
1626929040,1
1626929100,1
1626929160,1
1626929220,1
1626929280,1
1626929340,1
1626929400,0
1626929460,0
1626929520,0
1626929580,0
1626929640,0
1626929700,0
1626929760,1
1626929820,1
1626929880,0
1626929940,0
1626930000,0
1626930060,1
1626930120,0
1626930180,0
1626930240,0
1626930300,1
1626930360,0
1626930420,0
1626930480,0
1626930540,1
1626930600,1
1626930660,0
1626930720,0
1626930780,0
1626930840,0
1626930900,0
1626930960,0
1626931020,0
1626931080,0
1626931140,0
1626931200,1
1626931260,0
1626931320,0
1626931380,0
1626931440,0
1626931500,1
1626931560,0
1626931620,0
1626931680,0
1626931740,1
1626931800,1
1626931860,1
1626931920,1
1626931980,1
1626932040,1
1626932100,1
1626932160,1
1626932220,1
1626932280,1
1626932340,1
1626932400,0
1626932460,0
1626932520,1
1626932580,0
1626932640,0
1626932700,0
1626932760,0
1626932820,0
1626932880,0
1626932940,0
1626933000,0
1626933060,0
1626933120,0
1626933180,0
1626933240,1
1626933300,0
1626933360,1
1626933420,1
1626933480,0
1626933540,1
1626933600,1
1626933660,0
1626933720,0
1626933780,0
1626933840,0
1626933900,0
1626933960,1
1626934020,1
1626934080,0
1626934140,0
1626934200,0
1626934260,0
1626934320,0
1626934380,0
1626934440,1
1626934500,1
1626934560,0
1626934620,0
1626934680,1
1626934740,1
1626934800,1
1626934860,0
1626934920,0
1626934980,0
1626935040,0
1626935100,0
1626935160,0
1626935220,0
1626935280,0
1626935340,0
1626935400,0
1626935460,1
1626935520,0
1626935580,0
1626935640,1
1626935700,0
1626935760,0
1626935820,0
1626935880,0
1626935940,0
1626936000,0
1626936060,0
1626936120,1
1626936180,0
1626936240,1
1626936300,0
1626936360,0
1626936420,1
1626936480,0
1626936540,0
1626936600,0
1626936660,0
1626936720,0
1626936780,0
1626936840,0
1626936900,0
1626936960,0
1626937020,1
1626937080,0
1626937140,0
1626937200,0
1626937260,0
1626937320,0
1626937380,0
1626937440,0
1626937500,0
1626937560,0
1626937620,0
1626937680,0
1626937740,0
1626937800,0
1626937860,0
1626937920,0
1626937980,1
1626938040,0
1626938100,0
1626938160,0
1626938220,0
1626938280,0
1626938340,0
1626938400,0
1626938460,0
1626938520,0
1626938580,0
1626938640,0
1626938700,0
1626938760,0
1626938820,0
1626938880,0
1626938940,0
1626939000,0
1626939060,0
1626939120,0
1626939180,0
1626939240,0
1626939300,1
1626939360,0
1626939420,1
1626939480,0
1626939540,0
1626939600,1
1626939660,1
1626939720,0
1626939780,0
1626939840,0
1626939900,0
1626939960,0
1626940020,0
1626940080,0
1626940140,0
1626940200,0
1626940260,0
1626940320,0
1626940380,0
1626940440,0
1626940500,0
1626940560,0
1626940620,0
1626940680,0
1626940740,0
1626940800,1
1626940860,0
1626940920,0
1626940980,0
1626941040,0
1626941100,0
1626941160,1
1626941220,0
1626941280,0
1626941340,0
1626941400,0
1626941460,0
1626941520,0
1626941580,0
1626941640,0
1626941700,0
1626941760,0
1626941820,0
1626941880,0
1626941940,0
1626942000,0
1626942060,1
1626942120,0
1626942180,0
1626942240,0
1626942300,0
1626942360,0
1626942420,0
1626942480,0
1626942540,0
1626942600,0
1626942660,0
1626942720,0
1626942780,0
1626942840,1
1626942900,0
1626942960,0
1626943020,0
1626943080,0
1626943140,0
1626943200,0
1626943260,1
1626943320,1
1626943380,1
1626943440,1
1626943500,0
1626943560,0
1626943620,0
1626943680,0
1626943740,0
1626943800,1
1626943860,0
1626943920,0
1626943980,0
1626944040,0
1626944100,0
1626944160,0
1626944220,1
1626944280,0
1626944340,0
1626944400,0
1626944460,0
1626944520,0
1626944580,0
1626944640,0
1626944700,0
1626944760,0
1626944820,0
1626944880,0
1626944940,0
1626945000,1
1626945060,0
1626945120,0
1626945180,0
1626945240,1
1626945300,1
1626945360,1
1626945420,0
1626945480,1
1626945540,0
1626945600,0
1626945660,0
1626945720,0
1626945780,0
1626945840,0
1626945900,0
1626945960,0
1626946020,1
1626946080,1
1626946140,1
1626946200,1
1626946260,0
1626946320,0
1626946380,0
1626946440,0
1626946500,0
1626946560,0
1626946620,1
1626946680,0
1626946740,0
1626946800,1
1626946860,1
1626946920,1
1626946980,0
1626947040,0
1626947100,0
1626947160,0
1626947220,1
1626947280,1
1626947340,0
1626947400,0
1626947460,0
1626947520,1
1626947580,0
1626947640,0
1626947700,0
1626947760,0
1626947820,1
1626947880,0
1626947940,1
1626948000,1
1626948060,1
1626948120,0
1626948180,1
1626948240,0
1626948300,0
1626948360,0
1626948420,0
1626948480,0
1626948540,0
1626948600,0
1626948660,0
1626948720,0
1626948780,0
1626948840,0
1626948900,0
1626948960,0
1626949020,0
1626949080,0
1626949140,0
1626949200,0
1626949260,0
1626949320,0
1626949380,0
1626949440,1
1626949500,0
1626949560,0
1626949620,0
1626949680,0
1626949740,0
1626949800,0
1626949860,0
1626949920,0
1626949980,0
1626950040,0
1626950100,0
1626950160,0
1626950220,0
1626950280,0
1626950340,1
1626950400,1
1626950460,0
1626950520,0
1626950580,0
1626950640,0
1626950700,0
1626950760,1
1626950820,0
1626950880,0
1626950940,0
1626951000,0
1626951060,0
1626951120,0
1626951180,0
1626951240,0
1626951300,0
1626951360,0
1626951420,1
1626951480,1
1626951540,0
1626951600,1
1626951660,0
1626951720,0
1626951780,1
1626951840,0
1626951900,1
1626951960,0
1626952020,0
1626952080,0
1626952140,0
1626952200,0
1626952260,0
1626952320,0
1626952380,0
1626952440,0
1626952500,0
1626952560,1
1626952620,0
1626952680,0
1626952740,1
1626952800,1
1626952860,0
1626952920,0
1626952980,0
1626953040,1
1626953100,0
1626953160,0
1626953220,0
1626953280,1
1626953340,0
1626953400,0
1626953460,0
1626953520,0
1626953580,0
1626953640,1
1626953700,1
1626953760,1
1626953820,0
1626953880,1
1626953940,0
1626954000,0
1626954060,1
1626954120,0
1626954180,0
1626954240,0
1626954300,0
1626954360,0
1626954420,0
1626954480,1
1626954540,1
1626954600,0
1626954660,1
1626954720,0
1626954780,0
1626954840,0
1626954900,0
1626954960,0
1626955020,1
1626955080,1
1626955140,1
1626955200,0
1626955260,0
1626955320,0
1626955380,0
1626955440,0
1626955500,0
1626955560,0
1626955620,0
1626955680,0
1626955740,0
1626955800,0
1626955860,1
1626955920,1
1626955980,0
1626956040,0
1626956100,0
1626956160,0
1626956220,0
1626956280,0
1626956340,0
1626956400,0
1626956460,1
1626956520,1
1626956580,1
1626956640,1
1626956700,1
1626956760,1
1626956820,1
1626956880,1
1626956940,1
1626957000,1
1626957060,1
1626957120,0
1626957180,0
1626957240,0
1626957300,1
1626957360,0
1626957420,0
1626957480,0
1626957540,0
1626957600,0
1626957660,0
1626957720,1
1626957780,0
1626957840,0
1626957900,0
1626957960,0
1626958020,1
1626958080,0
1626958140,0
1626958200,1
1626958260,0
1626958320,0
1626958380,0
1626958440,0
1626958500,0
1626958560,0
1626958620,0
1626958680,0
1626958740,0
1626958800,0
1626958860,1
1626958920,1
1626958980,0
1626959040,0
1626959100,0
1626959160,0
1626959220,1
1626959280,1
1626959340,0
1626959400,0
1626959460,0
1626959520,0
1626959580,0
1626959640,0
1626959700,0
1626959760,0
1626959820,0
1626959880,0
1626959940,0
1626960000,1
1626960060,0
1626960120,0
1626960180,0
1626960240,1
1626960300,0
1626960360,1
1626960420,1
1626960480,1
1626960540,1
1626960600,0
1626960660,0
1626960720,0
1626960780,0
1626960840,0
1626960900,0
1626960960,1
1626961020,1
1626961080,1
1626961140,0
1626961200,0
1626961260,0
1626961320,0
1626961380,0
1626961440,1
1626961500,0
1626961560,0
1626961620,0
1626961680,0
1626961740,0
1626961800,0
1626961860,0
1626961920,0
1626961980,0
1626962040,0
1626962100,0
1626962160,1
1626962220,0
1626962280,0
1626962340,0
1626962400,0
1626962460,0
1626962520,1
1626962580,0
1626962640,0
1626962700,1
1626962760,0
1626962820,0
1626962880,0
1626962940,0
1626963000,0
1626963060,0
1626963120,1
1626963180,1
1626963240,0
1626963300,0
1626963360,1
1626963420,1
1626963480,0
1626963540,0
1626963600,1
1626963660,1
1626963720,0
1626963780,0
1626963840,0
1626963900,0
1626963960,0
1626964020,0
1626964080,0
1626964140,0
1626964200,0
1626964260,1
1626964320,0
1626964380,0
1626964440,0
1626964500,0
1626964560,0
1626964620,0
1626964680,0
1626964740,1
1626964800,0
1626964860,0
1626964920,0
1626964980,1
1626965040,0
1626965100,0
1626965160,1
1626965220,1
1626965280,0
1626965340,0
1626965400,1
1626965460,0
1626965520,0
1626965580,0
1626965640,0
1626965700,0
1626965760,0
1626965820,0
1626965880,1
1626965940,1
1626966000,0
1626966060,0
1626966120,0
1626966180,0
1626966240,0
1626966300,0
1626966360,0
1626966420,0
1626966480,0
1626966540,0
1626966600,0
1626966660,0
1626966720,0
1626966780,0
1626966840,0
1626966900,0
1626966960,0
1626967020,0
1626967080,1
1626967140,1
1626967200,0
1626967260,0
1626967320,0
1626967380,0
1626967440,0
1626967500,0
1626967560,1
1626967620,0
1626967680,1
1626967740,0
1626967800,1
1626967860,1
1626967920,0
1626967980,0
1626968040,0
1626968100,0
1626968160,0
1626968220,1
1626968280,1
1626968340,1
1626968400,0
1626968460,0
1626968520,0
1626968580,0
1626968640,0
1626968700,0
1626968760,0
1626968820,0
1626968880,0
1626968940,0
1626969000,0
1626969060,1
1626969120,0
1626969180,0
1626969240,0
1626969300,0
1626969360,0
1626969420,1
1626969480,1
1626969540,0
1626969600,0
1626969660,0
1626969720,0
1626969780,1
1626969840,1
1626969900,0
1626969960,0
1626970020,1
1626970080,1
1626970140,0
1626970200,0
1626970260,0
1626970320,0
1626970380,0
1626970440,0
1626970500,1
1626970560,0
1626970620,1
1626970680,1
1626970740,0
1626970800,0
1626970860,0
1626970920,0
1626970980,1
1626971040,0
1626971100,0
1626971160,0
1626971220,0
1626971280,1
1626971340,0
1626971400,0
1626971460,0
1626971520,1
1626971580,0
1626971640,0
1626971700,0
1626971760,1
1626971820,0
1626971880,0
1626971940,0
1626972000,0
1626972060,0
1626972120,0
1626972180,0
1626972240,0
1626972300,0
1626972360,0
1626972420,0
1626972480,0
1626972540,0
1626972600,0
1626972660,1
1626972720,1
1626972780,0
1626972840,0
1626972900,0
1626972960,0
1626973020,1
1626973080,1
1626973140,1
1626973200,1
1626973260,0
1626973320,0
1626973380,0
1626973440,0
1626973500,0
1626973560,0
1626973620,0
1626973680,0
1626973740,0
1626973800,0
1626973860,0
1626973920,0
1626973980,0
1626974040,0
1626974100,0
1626974160,0
1626974220,0
1626974280,0
1626974340,1
1626974400,0
1626974460,0
1626974520,0
1626974580,1
1626974640,0
1626974700,0
1626974760,0
1626974820,0
1626974880,0
1626974940,1
1626975000,1
1626975060,0
1626975120,0
1626975180,0
1626975240,0
1626975300,0
1626975360,1
1626975420,1
1626975480,0
1626975540,0
1626975600,0
1626975660,0
1626975720,0
1626975780,0
1626975840,0
1626975900,0
1626975960,0
1626976020,0
1626976080,0
1626976140,0
1626976200,0
1626976260,0
1626976320,0
1626976380,0
1626976440,0
1626976500,0
1626976560,1
1626976620,0
1626976680,0
1626976740,0
1626976800,0
1626976860,0
1626976920,0
1626976980,0
1626977040,0
1626977100,0
1626977160,1
1626977220,1
1626977280,0
1626977340,0
1626977400,0
1626977460,1
1626977520,0
1626977580,0
1626977640,0
1626977700,0
1626977760,0
1626977820,0
1626977880,0
1626977940,0
1626978000,0
1626978060,1
1626978120,0
1626978180,0
1626978240,0
1626978300,1
1626978360,1
1626978420,1
1626978480,1
1626978540,0
1626978600,0
1626978660,0
1626978720,0
1626978780,0
1626978840,0
1626978900,0
1626978960,0
1626979020,0
1626979080,0
1626979140,0
1626979200,0
1626979260,1
1626979320,1
1626979380,0
1626979440,0
1626979500,1
1626979560,0
1626979620,0
1626979680,0
1626979740,0
1626979800,0
1626979860,1
1626979920,1
1626979980,0
1626980040,0
1626980100,0
1626980160,0
1626980220,0
1626980280,1
1626980340,0
1626980400,0
1626980460,1
1626980520,0
1626980580,0
1626980640,0
1626980700,0
1626980760,0
1626980820,0
1626980880,1
1626980940,1
1626981000,0
1626981060,1
1626981120,0
1626981180,0
1626981240,0
1626981300,0
1626981360,1
1626981420,0
1626981480,0
1626981540,0
1626981600,0
1626981660,0
1626981720,0
1626981780,0
1626981840,0
1626981900,1
1626981960,1
1626982020,0
1626982080,0
1626982140,0
1626982200,0
1626982260,0
1626982320,0
1626982380,0
1626982440,1
1626982500,0
1626982560,0
1626982620,0
1626982680,0
1626982740,0
1626982800,0
1626982860,0
1626982920,1
1626982980,0
1626983040,0
1626983100,0
1626983160,0
1626983220,0
1626983280,0
1626983340,0
1626983400,0
1626983460,0
1626983520,0
1626983580,1
1626983640,0
1626983700,0
1626983760,0
1626983820,0
1626983880,1
1626983940,1
1626984000,0
1626984060,0
1626984120,0
1626984180,0
1626984240,0
1626984300,1
1626984360,1
1626984420,0
1626984480,0
1626984540,0
1626984600,0
1626984660,0
1626984720,1
1626984780,0
1626984840,1
1626984900,0
1626984960,0
1626985020,0
1626985080,0
1626985140,0
1626985200,1
1626985260,0
1626985320,0
1626985380,0
1626985440,0
1626985500,0
1626985560,1
1626985620,0
1626985680,0
1626985740,1
1626985800,1
1626985860,0
1626985920,0
1626985980,1
1626986040,1
1626986100,0
1626986160,0
1626986220,0
1626986280,0
1626986340,0
1626986400,0
1626986460,1
1626986520,0
1626986580,1
1626986640,0
1626986700,0
1626986760,1
1626986820,0
1626986880,0
1626986940,0
1626987000,0
1626987060,0
1626987120,0
1626987180,0
1626987240,0
1626987300,0
1626987360,0
1626987420,0
1626987480,0
1626987540,0
1626987600,0
1626987660,0
1626987720,0
1626987780,0
1626987840,0
1626987900,0
1626987960,0
1626988020,0
1626988080,1
1626988140,0
1626988200,0
1626988260,0
1626988320,0
1626988380,0
1626988440,0
1626988500,1
1626988560,1
1626988620,0
1626988680,0
1626988740,0
1626988800,0
1626988860,0
1626988920,0
1626988980,0
1626989040,0
1626989100,0
1626989160,0
1626989220,0
1626989280,0
1626989340,0
1626989400,0
1626989460,1
1626989520,1
1626989580,1
1626989640,1
1626989700,0
1626989760,1
1626989820,1
1626989880,1
1626989940,0
1626990000,0
1626990060,0
1626990120,0
1626990180,1
1626990240,0
1626990300,0
1626990360,0
1626990420,0
1626990480,0
1626990540,0
1626990600,0
1626990660,0
1626990720,0
1626990780,0
1626990840,0
1626990900,1
1626990960,0
1626991020,0
1626991080,0
1626991140,1
1626991200,0
1626991260,0
1626991320,0
1626991380,0
1626991440,1
1626991500,1
1626991560,0
1626991620,0
1626991680,0
1626991740,0
1626991800,0
1626991860,0
1626991920,0
1626991980,0
1626992040,1
1626992100,0
1626992160,0
1626992220,0
1626992280,0
1626992340,0
1626992400,0
1626992460,0
1626992520,1
1626992580,0
1626992640,0
1626992700,0
1626992760,1
1626992820,1
1626992880,0
1626992940,0
1626993000,0
1626993060,1
1626993120,0
1626993180,0
1626993240,0
1626993300,0
1626993360,0
1626993420,0
1626993480,0
1626993540,0
1626993600,0
1626993660,0
1626993720,0
1626993780,0
1626993840,0
1626993900,1
1626993960,1
1626994020,0
1626994080,0
1626994140,1
1626994200,0
1626994260,1
1626994320,0
1626994380,0
1626994440,0
1626994500,0
1626994560,0
1626994620,0
1626994680,0
1626994740,0
1626994800,0
1626994860,0
1626994920,0
1626994980,0
1626995040,1
1626995100,1
1626995160,1
1626995220,0
1626995280,0
1626995340,0
1626995400,1
1626995460,0
1626995520,0
1626995580,0
1626995640,0
1626995700,0
1626995760,0
1626995820,0
1626995880,1
1626995940,0
1626996000,0
1626996060,0
1626996120,0
1626996180,0
1626996240,1
1626996300,0
1626996360,0
1626996420,0
1626996480,1
1626996540,0
1626996600,0
1626996660,0
1626996720,0
1626996780,0
1626996840,0
1626996900,0
1626996960,0
1626997020,0
1626997080,0
1626997140,0
1626997200,0
1626997260,0
1626997320,0
1626997380,1
1626997440,0
1626997500,0
1626997560,1
1626997620,0
1626997680,0
1626997740,0
1626997800,0
1626997860,0
1626997920,0
1626997980,0
1626998040,0
1626998100,0
1626998160,0
1626998220,0
1626998280,0
1626998340,0
1626998400,0
1626998460,0
1626998520,0
1626998580,0
1626998640,0
1626998700,1
1626998760,1
1626998820,0
1626998880,0
1626998940,0
1626999000,0
1626999060,0
1626999120,0
1626999180,0
1626999240,1
1626999300,1
1626999360,1
1626999420,0
1626999480,0
1626999540,0
1626999600,1
1626999660,0
1626999720,0
1626999780,0
1626999840,0
1626999900,0
1626999960,1
1627000020,0
1627000080,0
1627000140,0
1627000200,0
1627000260,0
1627000320,1
1627000380,1
1627000440,0
1627000500,1
1627000560,1
1627000620,0
1627000680,0
1627000740,1
1627000800,0
1627000860,1
1627000920,1
1627000980,1
1627001040,0
1627001100,1
1627001160,0
1627001220,0
1627001280,0
1627001340,0
1627001400,0
1627001460,0
1627001520,0
1627001580,0
1627001640,1
1627001700,0
1627001760,0
1627001820,0
1627001880,1
1627001940,1
1627002000,0
1627002060,1
1627002120,0
1627002180,0
1627002240,0
1627002300,0
1627002360,0
1627002420,0
1627002480,0
1627002540,0
1627002600,0
1627002660,0
1627002720,0
1627002780,0
1627002840,0
1627002900,0
1627002960,0
1627003020,0
1627003080,0
1627003140,0
1627003200,1
1627003260,0
1627003320,1
1627003380,0
1627003440,0
1627003500,1
1627003560,0
1627003620,0
1627003680,0
1627003740,0
1627003800,1
1627003860,0
1627003920,0
1627003980,0
1627004040,1
1627004100,0
1627004160,0
1627004220,0
1627004280,0
1627004340,1
1627004400,1
1627004460,1
1627004520,0
1627004580,0
1627004640,0
1627004700,0
1627004760,0
1627004820,0
1627004880,0
1627004940,0
1627005000,0
1627005060,0
1627005120,0
1627005180,0
1627005240,0
1627005300,0
1627005360,0
1627005420,1
1627005480,0
1627005540,0
1627005600,0
1627005660,0
1627005720,0
1627005780,1
1627005840,0
1627005900,0
1627005960,0
1627006020,0
1627006080,0
1627006140,0
1627006200,0
1627006260,0
1627006320,0
1627006380,1
1627006440,1
1627006500,0
1627006560,0
1627006620,0
1627006680,0
1627006740,0
1627006800,0
1627006860,0
1627006920,0
1627006980,0
1627007040,0
1627007100,1
1627007160,1
1627007220,1
1627007280,0
1627007340,1
1627007400,0
1627007460,1
1627007520,0
1627007580,0
1627007640,0
1627007700,0
1627007760,0
1627007820,1
1627007880,0
1627007940,1
1627008000,1
1627008060,1
1627008120,1
1627008180,1
1627008240,1
1627008300,1
1627008360,1
1627008420,1
1627008480,1
1627008540,1
1627008600,1
1627008660,1
1627008720,0
1627008780,0
1627008840,0
1627008900,1
1627008960,1
1627009020,0
1627009080,0
1627009140,1
1627009200,1
1627009260,0
1627009320,0
1627009380,0
1627009440,0
1627009500,0
1627009560,0
1627009620,0
1627009680,0
1627009740,0
1627009800,0
1627009860,0
1627009920,1
1627009980,1
1627010040,0
1627010100,0
1627010160,0
1627010220,0
1627010280,0
1627010340,0
1627010400,0
1627010460,0
1627010520,0
1627010580,0
1627010640,1
1627010700,0
1627010760,0
1627010820,0
1627010880,0
1627010940,0
1627011000,0
1627011060,0
1627011120,1
1627011180,0
1627011240,0
1627011300,1
1627011360,1
1627011420,0
1627011480,1
1627011540,1
1627011600,0
1627011660,0
1627011720,0
1627011780,1
1627011840,0
1627011900,0
1627011960,1
1627012020,1
1627012080,0
1627012140,0
1627012200,0
1627012260,0
1627012320,1
1627012380,1
1627012440,0
1627012500,1
1627012560,0
1627012620,1
1627012680,0
1627012740,1
1627012800,1
1627012860,0
1627012920,0
1627012980,1
1627013040,0
1627013100,1
1627013160,1
1627013220,0
1627013280,0
1627013340,0
1627013400,0
1627013460,0
1627013520,0
1627013580,0
1627013640,0
1627013700,0
1627013760,0
1627013820,0
1627013880,0
1627013940,0
1627014000,0
1627014060,0
1627014120,0
1627014180,0
1627014240,0
1627014300,0
1627014360,0
1627014420,0
1627014480,0
1627014540,0
1627014600,1
1627014660,1
1627014720,1
1627014780,1
1627014840,1
1627014900,1
1627014960,1
1627015020,1
1627015080,1
1627015140,1
1627015200,1
1627015260,1
1627015320,1
1627015380,1
1627015440,0
1627015500,0
1627015560,0
1627015620,0
1627015680,0
1627015740,1
1627015800,1
1627015860,0
1627015920,0
1627015980,0
1627016040,1
1627016100,0
1627016160,0
1627016220,0
1627016280,1
1627016340,1
1627016400,0
1627016460,0
1627016520,1
1627016580,0
1627016640,0
1627016700,1
1627016760,0
1627016820,1
1627016880,1
1627016940,0
1627017000,0
1627017060,0
1627017120,0
1627017180,0
1627017240,0
1627017300,0
1627017360,0
1627017420,0
1627017480,0
1627017540,0
1627017600,0
1627017660,0
1627017720,0
1627017780,1
1627017840,1
1627017900,0
1627017960,0
1627018020,0
1627018080,0
1627018140,0
1627018200,0
1627018260,0
1627018320,0
1627018380,0
1627018440,0
1627018500,1
1627018560,0
1627018620,0
1627018680,0
1627018740,0
1627018800,0
1627018860,0
1627018920,0
1627018980,0
1627019040,0
1627019100,0
1627019160,0
1627019220,0
1627019280,1
1627019340,0
1627019400,0
1627019460,0
1627019520,1
1627019580,0
1627019640,1
1627019700,0
1627019760,0
1627019820,0
1627019880,0
1627019940,0
1627020000,1
1627020060,0
1627020120,0
1627020180,0
1627020240,0
1627020300,0
1627020360,0
1627020420,0
1627020480,0
1627020540,0
1627020600,0
1627020660,0
1627020720,0
1627020780,0
1627020840,0
1627020900,0
1627020960,1
1627021020,0
1627021080,0
1627021140,1
1627021200,0
1627021260,0
1627021320,0
1627021380,0
1627021440,0
1627021500,0
1627021560,0
1627021620,0
1627021680,0
1627021740,0
1627021800,0
1627021860,1
1627021920,0
1627021980,0
1627022040,0
1627022100,0
1627022160,0
1627022220,1
1627022280,0
1627022340,0
1627022400,0
1627022460,1
1627022520,0
1627022580,0
1627022640,1
1627022700,0
1627022760,1
1627022820,0
1627022880,0
1627022940,0
1627023000,0
1627023060,0
1627023120,1
1627023180,0
1627023240,0
1627023300,0
1627023360,0
1627023420,0
1627023480,0
1627023540,0
1627023600,0
1627023660,0
1627023720,0
1627023780,0
1627023840,0
1627023900,0
1627023960,1
1627024020,0
1627024080,0
1627024140,0
1627024200,0
1627024260,0
1627024320,0
1627024380,0
1627024440,0
1627024500,1
1627024560,0
1627024620,0
1627024680,0
1627024740,0
1627024800,0
1627024860,0
1627024920,1
1627024980,1
1627025040,1
1627025100,0
1627025160,0
1627025220,0
1627025280,0
1627025340,0
1627025400,0
1627025460,0
1627025520,0
1627025580,0
1627025640,1
1627025700,0
1627025760,1
1627025820,0
1627025880,0
1627025940,0
1627026000,0
1627026060,0
1627026120,0
1627026180,0
1627026240,0
1627026300,0
1627026360,0
1627026420,0
1627026480,0
1627026540,1
1627026600,1
1627026660,0
1627026720,1
1627026780,1
1627026840,1
1627026900,0
1627026960,0
1627027020,0
1627027080,0
1627027140,0
1627027200,0
1627027260,0
1627027320,0
1627027380,1
1627027440,1
1627027500,1
1627027560,1
1627027620,1
1627027680,1
1627027740,1
1627027800,0
1627027860,1
1627027920,1
1627027980,0
1627028040,0
1627028100,0
1627028160,0
1627028220,0
1627028280,1
1627028340,1
1627028400,1
1627028460,0
1627028520,0
1627028580,0
1627028640,0
1627028700,0
1627028760,1
1627028820,0
1627028880,0
1627028940,0
1627029000,1
1627029060,0
1627029120,0
1627029180,1
1627029240,0
1627029300,1
1627029360,1
1627029420,0
1627029480,0
1627029540,0
1627029600,0
1627029660,0
1627029720,0
1627029780,0
1627029840,0
1627029900,0
1627029960,0
1627030020,0
1627030080,0
1627030140,0
1627030200,0
1627030260,0
1627030320,0
1627030380,0
1627030440,0
1627030500,0
1627030560,0
1627030620,0
1627030680,0
1627030740,0
1627030800,0
1627030860,0
1627030920,0
1627030980,0
1627031040,0
1627031100,0
1627031160,0
1627031220,0
1627031280,0
1627031340,1
1627031400,0
1627031460,0
1627031520,0
1627031580,0
1627031640,0
1627031700,0
1627031760,0
1627031820,0
1627031880,0
1627031940,0
1627032000,0
1627032060,0
1627032120,0
1627032180,1
1627032240,0
1627032300,0
1627032360,0
1627032420,0
1627032480,0
1627032540,0
1627032600,0
1627032660,0
1627032720,0
1627032780,0
1627032840,0
1627032900,0
1627032960,0
1627033020,0
1627033080,0
1627033140,0
1627033200,1
1627033260,0
1627033320,0
1627033380,0
1627033440,0
1627033500,0
1627033560,0
1627033620,1
1627033680,1
1627033740,1
1627033800,0
1627033860,0
1627033920,0
1627033980,0
1627034040,0
1627034100,0
1627034160,1
1627034220,1
1627034280,1
1627034340,0
1627034400,0
1627034460,0
1627034520,0
1627034580,0
1627034640,0
1627034700,0
1627034760,0
1627034820,0
1627034880,0
1627034940,1
1627035000,0
1627035060,0
1627035120,0
1627035180,0
1627035240,0
1627035300,0
1627035360,0
1627035420,0
1627035480,0
1627035540,0
1627035600,0
1627035660,0
1627035720,0
1627035780,0
1627035840,0
1627035900,1
1627035960,0
1627036020,1
1627036080,1
1627036140,1
1627036200,1
1627036260,1
1627036320,1
1627036380,1
1627036440,1
1627036500,1
1627036560,1
1627036620,1
1627036680,0
1627036740,0
1627036800,0
1627036860,0
1627036920,0
1627036980,0
1627037040,0
1627037100,0
1627037160,0
1627037220,0
1627037280,1
1627037340,0
1627037400,1
1627037460,0
1627037520,0
1627037580,0
1627037640,0
1627037700,0
1627037760,1
1627037820,1
1627037880,0
1627037940,1
1627038000,1
1627038060,0
1627038120,0
1627038180,0
1627038240,0
1627038300,0
1627038360,0
1627038420,0
1627038480,1
1627038540,1
1627038600,0
1627038660,0
1627038720,0
1627038780,1
1627038840,1
1627038900,0
1627038960,0
1627039020,0
1627039080,0
1627039140,1
1627039200,0
1627039260,0
1627039320,0
1627039380,0
1627039440,0
1627039500,0
1627039560,0
1627039620,1
1627039680,0
1627039740,0
1627039800,0
1627039860,1
1627039920,0
1627039980,0
1627040040,0
1627040100,0
1627040160,0
1627040220,0
1627040280,0
1627040340,1
1627040400,0
1627040460,0
1627040520,1
1627040580,0
1627040640,1
1627040700,0
1627040760,1
1627040820,0
1627040880,0
1627040940,0
1627041000,0
1627041060,0
1627041120,1
1627041180,0
1627041240,0
1627041300,0
1627041360,1
1627041420,1
1627041480,0
1627041540,1
1627041600,1
1627041660,0
1627041720,0
1627041780,1
1627041840,1
1627041900,0
1627041960,0
1627042020,0
1627042080,0
1627042140,0
1627042200,0
1627042260,0
1627042320,1
1627042380,0
1627042440,0
1627042500,0
1627042560,0
1627042620,0
1627042680,0
1627042740,1
1627042800,0
1627042860,0
1627042920,0
1627042980,0
1627043040,1
1627043100,0
1627043160,1
1627043220,0
1627043280,0
1627043340,0
1627043400,0
1627043460,0
1627043520,0
1627043580,0
1627043640,0
1627043700,0
1627043760,0
1627043820,0
1627043880,0
1627043940,1
1627044000,0
1627044060,0
1627044120,0
1627044180,1
1627044240,0
1627044300,0
1627044360,0
1627044420,1
1627044480,0
1627044540,0
1627044600,0
1627044660,0
1627044720,0
1627044780,0
1627044840,0
1627044900,0
1627044960,1
1627045020,0
1627045080,0
1627045140,1
1627045200,0
1627045260,0
1627045320,0
1627045380,1
1627045440,0
1627045500,0
1627045560,1
1627045620,0
1627045680,0
1627045740,0
1627045800,1
1627045860,1
1627045920,0
1627045980,0
1627046040,1
1627046100,1
1627046160,0
1627046220,0
1627046280,1
1627046340,0
1627046400,0
1627046460,0
1627046520,0
1627046580,0
1627046640,0
1627046700,1
1627046760,1
1627046820,0
1627046880,0
1627046940,0
1627047000,0
1627047060,1
1627047120,0
1627047180,0
1627047240,0
1627047300,0
1627047360,0
1627047420,0
1627047480,0
1627047540,0
1627047600,0
1627047660,1
1627047720,0
1627047780,0
1627047840,0
1627047900,0
1627047960,0
1627048020,1
1627048080,1
1627048140,0
1627048200,0
1627048260,0
1627048320,1
1627048380,0
1627048440,0
1627048500,0
1627048560,0
1627048620,1
1627048680,0
1627048740,1
1627048800,0
1627048860,1
1627048920,0
1627048980,0
1627049040,0
1627049100,0
1627049160,0
1627049220,0
1627049280,0
1627049340,1
1627049400,0
1627049460,0
1627049520,0
1627049580,0
1627049640,0
1627049700,1
1627049760,0
1627049820,1
1627049880,1
1627049940,0
1627050000,0
1627050060,0
1627050120,0
1627050180,0
1627050240,0
1627050300,0
1627050360,1
1627050420,0
1627050480,0
1627050540,0
1627050600,0
1627050660,0
1627050720,0
1627050780,0
1627050840,0
1627050900,1
1627050960,0
1627051020,1
1627051080,0
1627051140,0
1627051200,0
1627051260,0
1627051320,0
1627051380,0
1627051440,1
1627051500,1
1627051560,0
1627051620,0
1627051680,0
1627051740,0
1627051800,0
1627051860,0
1627051920,0
1627051980,0
1627052040,0
1627052100,0
1627052160,0
1627052220,0
1627052280,1
1627052340,0
1627052400,0
1627052460,0
1627052520,0
1627052580,1
1627052640,0
1627052700,0
1627052760,1
1627052820,0
1627052880,0
1627052940,0
1627053000,0
1627053060,0
1627053120,0
1627053180,0
1627053240,1
1627053300,0
1627053360,0
1627053420,0
1627053480,0
1627053540,0
1627053600,0
1627053660,0
1627053720,0
1627053780,0
1627053840,0
1627053900,0
1627053960,0
1627054020,1
1627054080,0
1627054140,1
1627054200,0
1627054260,0
1627054320,1
1627054380,0
1627054440,1
1627054500,1
1627054560,0
1627054620,0
1627054680,0
1627054740,1
1627054800,0
1627054860,0
1627054920,0
1627054980,0
1627055040,0
1627055100,0
1627055160,0
1627055220,0
1627055280,0
1627055340,1
1627055400,1
1627055460,0
1627055520,0
1627055580,0
1627055640,0
1627055700,0
1627055760,0
1627055820,0
1627055880,0
1627055940,0
1627056000,0
1627056060,0
1627056120,1
1627056180,1
1627056240,0
1627056300,0
1627056360,1
1627056420,1
1627056480,0
1627056540,0
1627056600,1
1627056660,0
1627056720,1
1627056780,0
1627056840,1
1627056900,1
1627056960,0
1627057020,0
1627057080,0
1627057140,0
1627057200,0
1627057260,0
1627057320,0
1627057380,1
1627057440,0
1627057500,0
1627057560,0
1627057620,0
1627057680,0
1627057740,0
1627057800,0
1627057860,0
1627057920,0
1627057980,0
1627058040,0
1627058100,1
1627058160,1
1627058220,0
1627058280,0
1627058340,0
1627058400,1
1627058460,0
1627058520,0
1627058580,0
1627058640,0
1627058700,0
1627058760,0
1627058820,0
1627058880,1
1627058940,1
1627059000,1
1627059060,0
1627059120,0
1627059180,1
1627059240,1
1627059300,0
1627059360,0
1627059420,0
1627059480,1
1627059540,0
1627059600,0
1627059660,0
1627059720,0
1627059780,0
1627059840,1
1627059900,0
1627059960,0
1627060020,0
1627060080,0
1627060140,1
1627060200,0
1627060260,0
1627060320,0
1627060380,0
1627060440,0
1627060500,0
1627060560,1
1627060620,1
1627060680,0
1627060740,0
1627060800,1
1627060860,0
1627060920,0
1627060980,0
1627061040,0
1627061100,0
1627061160,0
1627061220,0
1627061280,0
1627061340,0
1627061400,1
1627061460,1
1627061520,0
1627061580,0
1627061640,0
1627061700,0
1627061760,0
1627061820,0
1627061880,1
1627061940,0
1627062000,0
1627062060,0
1627062120,1
1627062180,1
1627062240,0
1627062300,0
1627062360,0
1627062420,0
1627062480,0
1627062540,1
1627062600,1
1627062660,0
1627062720,0
1627062780,0
1627062840,0
1627062900,0
1627062960,1
1627063020,0
1627063080,1
1627063140,0
1627063200,0
1627063260,0
1627063320,0
1627063380,0
1627063440,0
1627063500,1
1627063560,0
1627063620,0
1627063680,0
1627063740,0
1627063800,1
1627063860,0
1627063920,0
1627063980,0
1627064040,1
1627064100,0
1627064160,0
1627064220,0
1627064280,0
1627064340,0
1627064400,1
1627064460,0
1627064520,0
1627064580,0
1627064640,0
1627064700,0
1627064760,1
1627064820,1
1627064880,0
1627064940,0
1627065000,1
1627065060,0
1627065120,0
1627065180,0
1627065240,0
1627065300,1
1627065360,0
1627065420,0
1627065480,0
1627065540,0
1627065600,1
1627065660,0
1627065720,0
1627065780,0
1627065840,1
1627065900,0
1627065960,0
1627066020,0
1627066080,0
1627066140,0
1627066200,0
1627066260,1
1627066320,1
1627066380,1
1627066440,1
1627066500,0
1627066560,1
1627066620,0
1627066680,0
1627066740,1
1627066800,0
1627066860,0
1627066920,1
1627066980,1
1627067040,0
1627067100,0
1627067160,0
1627067220,1
1627067280,1
1627067340,0
1627067400,0
1627067460,0
1627067520,0
1627067580,0
1627067640,0
1627067700,0
1627067760,0
1627067820,0
1627067880,0
1627067940,0
1627068000,0
1627068060,0
1627068120,0
1627068180,0
1627068240,0
1627068300,0
1627068360,0
1627068420,0
1627068480,1
1627068540,1
1627068600,0
1627068660,1
1627068720,0
1627068780,0
1627068840,1
1627068900,0
1627068960,0
1627069020,0
1627069080,0
1627069140,0
1627069200,0
1627069260,0
1627069320,0
1627069380,1
1627069440,1
1627069500,0
1627069560,1
1627069620,0
1627069680,0
1627069740,0
1627069800,0
1627069860,0
1627069920,0
1627069980,0
1627070040,0
1627070100,0
1627070160,0
1627070220,0
1627070280,0
1627070340,0
1627070400,1
1627070460,0
1627070520,0
1627070580,0
1627070640,0
1627070700,0
1627070760,0
1627070820,0
1627070880,0
1627070940,1
1627071000,1
1627071060,0
1627071120,0
1627071180,0
1627071240,1
1627071300,0
1627071360,0
1627071420,0
1627071480,0
1627071540,0
1627071600,0
1627071660,0
1627071720,0
1627071780,0
1627071840,1
1627071900,0
1627071960,0
1627072020,0
1627072080,0
1627072140,0
1627072200,1
1627072260,0
1627072320,0
1627072380,0
1627072440,0
1627072500,1
1627072560,1
1627072620,0
1627072680,0
1627072740,1
1627072800,1
1627072860,0
1627072920,0
1627072980,0
1627073040,0
1627073100,0
1627073160,0
1627073220,0
1627073280,0
1627073340,0
1627073400,0
1627073460,1
1627073520,1
1627073580,0
1627073640,0
1627073700,0
1627073760,0
1627073820,0
1627073880,1
1627073940,0
1627074000,0
1627074060,0
1627074120,0
1627074180,0
1627074240,0
1627074300,1
1627074360,0
1627074420,0
1627074480,1
1627074540,0
1627074600,0
1627074660,0
1627074720,0
1627074780,0
1627074840,0
1627074900,0
1627074960,0
1627075020,1
1627075080,0
1627075140,1
1627075200,0
1627075260,0
1627075320,0
1627075380,0
1627075440,0
1627075500,0
1627075560,0
1627075620,1
1627075680,0
1627075740,0
1627075800,0
1627075860,0
1627075920,1
1627075980,1
1627076040,1
1627076100,1
1627076160,0
1627076220,0
1627076280,0
1627076340,0
1627076400,0
1627076460,0
1627076520,0
1627076580,0
1627076640,0
1627076700,0
1627076760,0
1627076820,0
1627076880,0
1627076940,0
1627077000,0
1627077060,0
1627077120,1
1627077180,0
1627077240,0
1627077300,0
1627077360,1
1627077420,1
1627077480,1
1627077540,0
1627077600,0
1627077660,0
1627077720,0
1627077780,0
1627077840,0
1627077900,1
1627077960,1
1627078020,0
1627078080,0
1627078140,0
1627078200,0
1627078260,0
1627078320,0
1627078380,0
1627078440,0
1627078500,0
1627078560,0
1627078620,0
1627078680,0
1627078740,0
1627078800,0
1627078860,0
1627078920,0
1627078980,1
1627079040,0
1627079100,0
1627079160,0
1627079220,0
1627079280,0
1627079340,0
1627079400,0
1627079460,0
1627079520,0
1627079580,0
1627079640,0
1627079700,0
1627079760,0
1627079820,0
1627079880,1
1627079940,1
1627080000,0
1627080060,1
1627080120,0
1627080180,0
1627080240,0
1627080300,0
1627080360,0
1627080420,0
1627080480,0
1627080540,1
1627080600,1
1627080660,1
1627080720,1
1627080780,1
1627080840,0
1627080900,0
1627080960,0
1627081020,0
1627081080,0
1627081140,1
1627081200,0
1627081260,0
1627081320,0
1627081380,1
1627081440,0
1627081500,1
1627081560,0
1627081620,0
1627081680,1
1627081740,0
1627081800,1
1627081860,0
1627081920,0
1627081980,0
1627082040,0
1627082100,0
1627082160,0
1627082220,0
1627082280,0
1627082340,1
1627082400,0
1627082460,0
1627082520,0
1627082580,0
1627082640,0
1627082700,1
1627082760,0
1627082820,1
1627082880,1
1627082940,0
1627083000,0
1627083060,0
1627083120,0
1627083180,0
1627083240,0
1627083300,0
1627083360,1
1627083420,0
1627083480,0
1627083540,0
1627083600,0
1627083660,1
1627083720,1
1627083780,1
1627083840,0
1627083900,0
1627083960,0
1627084020,0
1627084080,0
1627084140,1
1627084200,0
1627084260,0
1627084320,0
1627084380,0
1627084440,0
1627084500,0
1627084560,0
1627084620,1
1627084680,0
1627084740,1
1627084800,1
1627084860,1
1627084920,0
1627084980,1
1627085040,0
1627085100,0
1627085160,0
1627085220,0
1627085280,1
1627085340,0
1627085400,0
1627085460,0
1627085520,0
1627085580,0
1627085640,0
1627085700,0
1627085760,0
1627085820,0
1627085880,0
1627085940,1
1627086000,1
1627086060,0
1627086120,0
1627086180,1
1627086240,1
1627086300,0
1627086360,0
1627086420,0
1627086480,0
1627086540,0
1627086600,0
1627086660,1
1627086720,1
1627086780,0
1627086840,0
1627086900,0
1627086960,0
1627087020,0
1627087080,1
1627087140,0
1627087200,0
1627087260,0
1627087320,0
1627087380,1
1627087440,0
1627087500,1
1627087560,0
1627087620,1
1627087680,0
1627087740,0
1627087800,0
1627087860,0
1627087920,0
1627087980,0
1627088040,0
1627088100,0
1627088160,0
1627088220,1
1627088280,1
1627088340,0
1627088400,0
1627088460,0
1627088520,0
1627088580,0
1627088640,0
1627088700,0
1627088760,0
1627088820,0
1627088880,0
1627088940,0
1627089000,0
1627089060,0
1627089120,0
1627089180,0
1627089240,0
1627089300,0
1627089360,0
1627089420,0
1627089480,0
1627089540,1
1627089600,0
1627089660,0
1627089720,0
1627089780,0
1627089840,1
1627089900,1
1627089960,1
1627090020,1
1627090080,1
1627090140,1
1627090200,1
1627090260,1
1627090320,1
1627090380,1
1627090440,1
1627090500,1
1627090560,0
1627090620,0
1627090680,0
1627090740,0
1627090800,0
1627090860,0
1627090920,0
1627090980,0
1627091040,0
1627091100,1
1627091160,0
1627091220,0
1627091280,1
1627091340,0
1627091400,0
1627091460,0
1627091520,0
1627091580,0
1627091640,1
1627091700,1
1627091760,0
1627091820,0
1627091880,0
1627091940,1
1627092000,0
1627092060,0
1627092120,0
1627092180,0
1627092240,0
1627092300,0
1627092360,0
1627092420,0
1627092480,1
1627092540,1
1627092600,1
1627092660,1
1627092720,0
1627092780,0
1627092840,1
1627092900,1
1627092960,0
1627093020,0
1627093080,0
1627093140,0
1627093200,0
1627093260,0
1627093320,0
1627093380,0
1627093440,0
1627093500,0
1627093560,0
1627093620,0
1627093680,0
1627093740,1
1627093800,0
1627093860,0
1627093920,0
1627093980,0
1627094040,0
1627094100,0
1627094160,1
1627094220,0
1627094280,1
1627094340,0
1627094400,0
1627094460,0
1627094520,0
1627094580,0
1627094640,0
1627094700,1
1627094760,0
1627094820,0
1627094880,0
1627094940,0
1627095000,0
1627095060,0
1627095120,0
1627095180,0
1627095240,1
1627095300,1
1627095360,0
1627095420,0
1627095480,0
1627095540,0
1627095600,1
1627095660,0
1627095720,0
1627095780,0
1627095840,0
1627095900,0
1627095960,0
1627096020,0
1627096080,0
1627096140,0
1627096200,0
1627096260,0
1627096320,0
1627096380,0
1627096440,0
1627096500,1
1627096560,0
1627096620,0
1627096680,0
1627096740,0
1627096800,0
1627096860,1
1627096920,0
1627096980,0
1627097040,0
1627097100,0
1627097160,1
1627097220,0
1627097280,1
1627097340,1
1627097400,0
1627097460,1
1627097520,0
1627097580,0
1627097640,0
1627097700,1
1627097760,0
1627097820,1
1627097880,0
1627097940,0
1627098000,0
1627098060,0
1627098120,0
1627098180,0
1627098240,1
1627098300,0
1627098360,0
1627098420,0
1627098480,0
1627098540,0
1627098600,0
1627098660,0
1627098720,0
1627098780,0
1627098840,0
1627098900,0
1627098960,0
1627099020,1
1627099080,0
1627099140,0
1627099200,0
1627099260,0
1627099320,1
1627099380,0
1627099440,0
1627099500,1
1627099560,0
1627099620,1
1627099680,1
1627099740,0
1627099800,0
1627099860,0
1627099920,0
1627099980,0
1627100040,0
1627100100,0
1627100160,0
1627100220,0
1627100280,0
1627100340,1
1627100400,0
1627100460,0
1627100520,0
1627100580,0
1627100640,0
1627100700,0
1627100760,0
1627100820,0
1627100880,1
1627100940,0
1627101000,0
1627101060,0
1627101120,0
1627101180,0
1627101240,1
1627101300,0
1627101360,0
1627101420,0
1627101480,0
1627101540,0
1627101600,0
1627101660,0
1627101720,0
1627101780,0
1627101840,0
1627101900,0
1627101960,1
1627102020,1
1627102080,1
1627102140,0
1627102200,0
1627102260,0
1627102320,1
1627102380,1
1627102440,0
1627102500,1
1627102560,0
1627102620,0
1627102680,0
1627102740,0
1627102800,0
1627102860,1
1627102920,1
1627102980,0
1627103040,0
1627103100,0
1627103160,0
1627103220,0
1627103280,1
1627103340,1
1627103400,1
1627103460,1
1627103520,0
1627103580,0
1627103640,0
1627103700,0
1627103760,0
1627103820,0
1627103880,0
1627103940,0
1627104000,0
1627104060,0
1627104120,1
1627104180,0
1627104240,1
1627104300,0
1627104360,0
1627104420,0
1627104480,1
1627104540,1
1627104600,1
1627104660,1
1627104720,0
1627104780,0
1627104840,0
1627104900,0
1627104960,0
1627105020,0
1627105080,0
1627105140,0
1627105200,1
1627105260,1
1627105320,0
1627105380,0
1627105440,0
1627105500,0
1627105560,0
1627105620,0
1627105680,0
1627105740,0
1627105800,1
1627105860,1
1627105920,0
1627105980,0
1627106040,1
1627106100,0
1627106160,0
1627106220,0
1627106280,1
1627106340,0
1627106400,0
1627106460,0
1627106520,0
1627106580,0
1627106640,0
1627106700,0
1627106760,1
1627106820,1
1627106880,0
1627106940,0
1627107000,0
1627107060,0
1627107120,0
1627107180,1
1627107240,0
1627107300,1
1627107360,1
1627107420,0
1627107480,0
1627107540,0
1627107600,0
1627107660,0
1627107720,0
1627107780,0
1627107840,0
1627107900,1
1627107960,1
1627108020,0
1627108080,0
1627108140,0
1627108200,0
1627108260,0
1627108320,0
1627108380,1
1627108440,0
1627108500,0
1627108560,0
1627108620,1
1627108680,1
1627108740,0
1627108800,1
1627108860,0
1627108920,0
1627108980,0
1627109040,0
1627109100,0
1627109160,0
1627109220,0
1627109280,0
1627109340,0
1627109400,0
1627109460,0
1627109520,0
1627109580,0
1627109640,0
1627109700,1
1627109760,1
1627109820,0
1627109880,0
1627109940,1
1627110000,1
1627110060,0
1627110120,1
1627110180,1
1627110240,1
1627110300,0
1627110360,0
1627110420,1
1627110480,0
1627110540,0
1627110600,0
1627110660,0
1627110720,0
1627110780,0
1627110840,1
1627110900,0
1627110960,0
1627111020,0
1627111080,0
1627111140,0
1627111200,0
1627111260,0
1627111320,0
1627111380,1
1627111440,1
1627111500,0
1627111560,0
1627111620,0
1627111680,0
1627111740,0
1627111800,0
1627111860,1
1627111920,0
1627111980,0
1627112040,0
1627112100,0
1627112160,0
1627112220,0
1627112280,0
1627112340,0
1627112400,0
1627112460,1
1627112520,1
1627112580,0
1627112640,0
1627112700,0
1627112760,1
1627112820,0
1627112880,0
1627112940,1
1627113000,1
1627113060,0
1627113120,1
1627113180,0
1627113240,0
1627113300,0
1627113360,0
1627113420,0
1627113480,0
1627113540,0
1627113600,0
1627113660,0
1627113720,0
1627113780,1
1627113840,0
1627113900,0
1627113960,0
1627114020,0
1627114080,0
1627114140,0
1627114200,0
1627114260,1
1627114320,1
1627114380,0
1627114440,0
1627114500,0
1627114560,0
1627114620,0
1627114680,0
1627114740,0
1627114800,1
1627114860,0
1627114920,0
1627114980,0
1627115040,0
1627115100,0
1627115160,0
1627115220,1
1627115280,0
1627115340,0
1627115400,1
1627115460,1
1627115520,0
1627115580,0
1627115640,0
1627115700,0
1627115760,0
1627115820,0
1627115880,0
1627115940,1
1627116000,0
1627116060,0
1627116120,0
1627116180,0
1627116240,0
1627116300,0
1627116360,0
1627116420,0
1627116480,0
1627116540,0
1627116600,0
1627116660,0
1627116720,0
1627116780,0
1627116840,0
1627116900,1
1627116960,1
1627117020,0
1627117080,0
1627117140,0
1627117200,0
1627117260,0
1627117320,0
1627117380,0
1627117440,0
1627117500,0
1627117560,0
1627117620,0
1627117680,0
1627117740,0
1627117800,0
1627117860,1
1627117920,1
1627117980,0
1627118040,1
1627118100,0
1627118160,0
1627118220,0
1627118280,0
1627118340,1
1627118400,1
1627118460,0
1627118520,0
1627118580,1
1627118640,1
1627118700,1
1627118760,0
1627118820,0
1627118880,0
1627118940,0
1627119000,0
1627119060,0
1627119120,0
1627119180,0
1627119240,0
1627119300,0
1627119360,0
1627119420,0
1627119480,0
1627119540,0
1627119600,1
1627119660,1
1627119720,0
1627119780,0
1627119840,0
1627119900,0
1627119960,0
1627120020,0
1627120080,0
1627120140,0
1627120200,0
1627120260,0
1627120320,0
1627120380,0
1627120440,0
1627120500,0
1627120560,0
1627120620,0
1627120680,0
1627120740,0
1627120800,0
1627120860,0
1627120920,0
1627120980,0
1627121040,0
1627121100,0
1627121160,1
1627121220,0
1627121280,0
1627121340,1
1627121400,1
1627121460,0
1627121520,1
1627121580,0
1627121640,0
1627121700,0
1627121760,0
1627121820,0
1627121880,0
1627121940,0
1627122000,0
1627122060,1
1627122120,0
1627122180,0
1627122240,1
1627122300,0
1627122360,1
1627122420,0
1627122480,0
1627122540,1
1627122600,0
1627122660,0
1627122720,0
1627122780,0
1627122840,0
1627122900,0
1627122960,1
1627123020,0
1627123080,0
1627123140,0
1627123200,0
1627123260,1
1627123320,0
1627123380,1
1627123440,0
1627123500,0
1627123560,0
1627123620,1
1627123680,0
1627123740,0
1627123800,0
1627123860,0
1627123920,0
1627123980,1
1627124040,1
1627124100,1
1627124160,0
1627124220,0
1627124280,0
1627124340,1
1627124400,0
1627124460,0
1627124520,0
1627124580,0
1627124640,0
1627124700,0
1627124760,0
1627124820,0
1627124880,1
1627124940,1
1627125000,1
1627125060,1
1627125120,0
1627125180,0
1627125240,0
1627125300,0
1627125360,0
1627125420,0
1627125480,0
1627125540,0
1627125600,1
1627125660,1
1627125720,0
1627125780,0
1627125840,0
1627125900,0
1627125960,1
1627126020,1
1627126080,0
1627126140,0
1627126200,0
1627126260,0
1627126320,0
1627126380,0
1627126440,0
1627126500,0
1627126560,0
1627126620,0
1627126680,1
1627126740,0
1627126800,0
1627126860,0
1627126920,0
1627126980,0
1627127040,0
1627127100,0
1627127160,1
1627127220,0
1627127280,1
1627127340,1
1627127400,1
1627127460,0
1627127520,0
1627127580,0
1627127640,0
1627127700,0
1627127760,1
1627127820,0
1627127880,0
1627127940,0
1627128000,0
1627128060,0
1627128120,0
1627128180,0
1627128240,0
1627128300,0
1627128360,0
1627128420,0
1627128480,0
1627128540,0
1627128600,1
1627128660,0
1627128720,0
1627128780,0
1627128840,0
1627128900,0
1627128960,0
1627129020,0
1627129080,0
1627129140,0
1627129200,0
1627129260,0
1627129320,1
1627129380,0
1627129440,0
1627129500,1
1627129560,0
1627129620,0
1627129680,0
1627129740,1
1627129800,0
1627129860,1
1627129920,0
1627129980,0
1627130040,0
1627130100,0
1627130160,1
1627130220,0
1627130280,0
1627130340,0
1627130400,1
1627130460,0
1627130520,1
1627130580,1
1627130640,0
1627130700,0
1627130760,0
1627130820,0
1627130880,0
1627130940,0
1627131000,0
1627131060,0
1627131120,0
1627131180,0
1627131240,0
1627131300,1
1627131360,1
1627131420,0
1627131480,1
1627131540,0
1627131600,1
1627131660,0
1627131720,0
1627131780,0
1627131840,1
1627131900,1
1627131960,0
1627132020,0
1627132080,0
1627132140,0
1627132200,0
1627132260,1
1627132320,0
1627132380,1
1627132440,0
1627132500,0
1627132560,0
1627132620,0
1627132680,0
1627132740,0
1627132800,0
1627132860,0
1627132920,0
1627132980,0
1627133040,0
1627133100,0
1627133160,0
1627133220,1
1627133280,0
1627133340,0
1627133400,0
1627133460,0
1627133520,0
1627133580,0
1627133640,0
1627133700,0
1627133760,0
1627133820,0
1627133880,1
1627133940,0
1627134000,0
1627134060,0
1627134120,0
1627134180,0
1627134240,0
1627134300,0
1627134360,0
1627134420,0
1627134480,0
1627134540,0
1627134600,0
1627134660,1
1627134720,1
1627134780,0
1627134840,0
1627134900,1
1627134960,0
1627135020,0
1627135080,0
1627135140,0
1627135200,0
1627135260,1
1627135320,0
1627135380,0
1627135440,0
1627135500,0
1627135560,0
1627135620,1
1627135680,0
1627135740,0
1627135800,0
1627135860,0
1627135920,0
1627135980,0
1627136040,1
1627136100,0
1627136160,1
1627136220,1
1627136280,0
1627136340,0
1627136400,0
1627136460,0
1627136520,0
1627136580,0
1627136640,1
1627136700,0
1627136760,0
1627136820,1
1627136880,0
1627136940,1
1627137000,0
1627137060,0
1627137120,1
1627137180,0
1627137240,0
1627137300,0
1627137360,0
1627137420,0
1627137480,0
1627137540,0
1627137600,0
1627137660,1
1627137720,0
1627137780,1
1627137840,0
1627137900,1
1627137960,0
1627138020,0
1627138080,0
1627138140,1
1627138200,0
1627138260,0
1627138320,0
1627138380,0
1627138440,0
1627138500,0
1627138560,1
1627138620,0
1627138680,0
1627138740,0
1627138800,0
1627138860,0
1627138920,0
1627138980,0
1627139040,0
1627139100,0
1627139160,0
1627139220,0
1627139280,0
1627139340,1
1627139400,1
1627139460,1
1627139520,0
1627139580,0
1627139640,0
1627139700,1
1627139760,0
1627139820,0
1627139880,0
1627139940,0
1627140000,0
1627140060,0
1627140120,0
1627140180,1
1627140240,1
1627140300,0
1627140360,0
1627140420,0
1627140480,0
1627140540,0
1627140600,0
1627140660,1
1627140720,0
1627140780,1
1627140840,0
1627140900,0
1627140960,0
1627141020,0
1627141080,0
1627141140,0
1627141200,0
1627141260,1
1627141320,0
1627141380,0
1627141440,0
1627141500,0
1627141560,0
1627141620,1
1627141680,0
1627141740,0
1627141800,1
1627141860,0
1627141920,0
1627141980,1
1627142040,0
1627142100,0
1627142160,0
1627142220,0
1627142280,1
1627142340,0
1627142400,0
1627142460,1
1627142520,0
1627142580,0
1627142640,0
1627142700,0
1627142760,0
1627142820,1
1627142880,0
1627142940,0
1627143000,0
1627143060,0
1627143120,1
1627143180,1
1627143240,0
1627143300,0
1627143360,0
1627143420,0
1627143480,0
1627143540,0
1627143600,0
1627143660,0
1627143720,1
1627143780,0
1627143840,0
1627143900,0
1627143960,0
1627144020,0
1627144080,0
1627144140,0
1627144200,0
1627144260,0
1627144320,0
1627144380,0
1627144440,1
1627144500,0
1627144560,1
1627144620,0
1627144680,0
1627144740,0
1627144800,0
1627144860,0
1627144920,1
1627144980,0
1627145040,1
1627145100,1
1627145160,0
1627145220,0
1627145280,0
1627145340,0
1627145400,1
1627145460,0
1627145520,0
1627145580,0
1627145640,0
1627145700,0
1627145760,0
1627145820,0
1627145880,1
1627145940,1
1627146000,0
1627146060,1
1627146120,0
1627146180,1
1627146240,1
1627146300,0
1627146360,0
1627146420,0
1627146480,0
1627146540,1
1627146600,0
1627146660,1
1627146720,0
1627146780,0
1627146840,0
1627146900,0
1627146960,1
1627147020,0
1627147080,0
1627147140,0
1627147200,0
1627147260,0
1627147320,0
1627147380,0
1627147440,0
1627147500,0
1627147560,0
1627147620,0
1627147680,0
1627147740,0
1627147800,1
1627147860,0
1627147920,0
1627147980,0
1627148040,1
1627148100,0
1627148160,0
1627148220,0
1627148280,0
1627148340,0
1627148400,0
1627148460,0
1627148520,0
1627148580,1
1627148640,0
1627148700,0
1627148760,1
1627148820,0
1627148880,0
1627148940,1
1627149000,0
1627149060,0
1627149120,0
1627149180,0
1627149240,0
1627149300,0
1627149360,1
1627149420,0
1627149480,0
1627149540,0
1627149600,0
1627149660,0
1627149720,1
1627149780,1
1627149840,1
1627149900,1
1627149960,0
1627150020,0
1627150080,0
1627150140,0
1627150200,1
1627150260,0
1627150320,0
1627150380,0
1627150440,0
1627150500,1
1627150560,1
1627150620,0
1627150680,1
1627150740,0
1627150800,1
1627150860,0
1627150920,0
1627150980,0
1627151040,0
1627151100,0
1627151160,0
1627151220,0
1627151280,0
1627151340,0
1627151400,0
1627151460,0
1627151520,1
1627151580,1
1627151640,0
1627151700,0
1627151760,1
1627151820,0
1627151880,0
1627151940,0
1627152000,0
1627152060,0
1627152120,1
1627152180,0
1627152240,1
1627152300,0
1627152360,0
1627152420,1
1627152480,0
1627152540,0
1627152600,0
1627152660,0
1627152720,0
1627152780,0
1627152840,0
1627152900,0
1627152960,0
1627153020,0
1627153080,0
1627153140,0
1627153200,0
1627153260,0
1627153320,0
1627153380,0
1627153440,0
1627153500,0
1627153560,0
1627153620,0
1627153680,0
1627153740,0
1627153800,0
1627153860,0
1627153920,0
1627153980,0
1627154040,0
1627154100,1
1627154160,0
1627154220,0
1627154280,0
1627154340,1
1627154400,0
1627154460,0
1627154520,0
1627154580,0
1627154640,0
1627154700,1
1627154760,0
1627154820,1
1627154880,0
1627154940,0
1627155000,0
1627155060,0
1627155120,0
1627155180,1
1627155240,0
1627155300,0
1627155360,0
1627155420,1
1627155480,0
1627155540,1
1627155600,1
1627155660,1
1627155720,0
1627155780,0
1627155840,1
1627155900,1
1627155960,1
1627156020,0
1627156080,0
1627156140,0
1627156200,0
1627156260,0
1627156320,0
1627156380,0
1627156440,0
1627156500,0
1627156560,0
1627156620,0
1627156680,0
1627156740,0
1627156800,0
1627156860,0
1627156920,1
1627156980,0
1627157040,1
1627157100,0
1627157160,1
1627157220,0
1627157280,0
1627157340,0
1627157400,0
1627157460,0
1627157520,0
1627157580,0
1627157640,0
1627157700,1
1627157760,0
1627157820,0
1627157880,0
1627157940,0
1627158000,0
1627158060,1
1627158120,0
1627158180,0
1627158240,1
1627158300,0
1627158360,1
1627158420,1
1627158480,0
1627158540,0
1627158600,0
1627158660,1
1627158720,1
1627158780,1
1627158840,1
1627158900,1
1627158960,0
1627159020,0
1627159080,0
1627159140,0
1627159200,0
1627159260,0
1627159320,0
1627159380,0
1627159440,1
1627159500,0
1627159560,0
1627159620,0
1627159680,1
1627159740,1
1627159800,0
1627159860,0
1627159920,0
1627159980,0
1627160040,0
1627160100,0
1627160160,0
1627160220,0
1627160280,1
1627160340,0
1627160400,1
1627160460,1
1627160520,0
1627160580,0
1627160640,0
1627160700,1
1627160760,0
1627160820,0
1627160880,0
1627160940,0
1627161000,0
1627161060,1
1627161120,1
1627161180,0
1627161240,1
1627161300,0
1627161360,1
1627161420,1
1627161480,1
1627161540,0
1627161600,0
1627161660,0
1627161720,0
1627161780,0
1627161840,0
1627161900,0
1627161960,0
1627162020,0
1627162080,0
1627162140,0
1627162200,1
1627162260,1
1627162320,1
1627162380,0
1627162440,0
1627162500,0
1627162560,0
1627162620,1
1627162680,1
1627162740,0
1627162800,0
1627162860,0
1627162920,0
1627162980,0
1627163040,1
1627163100,1
1627163160,0
1627163220,0
1627163280,0
1627163340,1
1627163400,1
1627163460,0
1627163520,0
1627163580,0
1627163640,0
1627163700,0
1627163760,1
1627163820,0
1627163880,1
1627163940,0
1627164000,0
1627164060,1
1627164120,0
1627164180,0
1627164240,0
1627164300,0
1627164360,0
1627164420,0
1627164480,1
1627164540,0
1627164600,1
1627164660,0
1627164720,0
1627164780,1
1627164840,0
1627164900,0
1627164960,0
1627165020,0
1627165080,1
1627165140,0
1627165200,1
1627165260,1
1627165320,0
1627165380,0
1627165440,0
1627165500,0
1627165560,0
1627165620,0
1627165680,0
1627165740,0
1627165800,1
1627165860,0
1627165920,0
1627165980,1
1627166040,0
1627166100,0
1627166160,0
1627166220,0
1627166280,0
1627166340,1
1627166400,1
1627166460,0
1627166520,0
1627166580,0
1627166640,0
1627166700,0
1627166760,0
1627166820,0
1627166880,0
1627166940,1
1627167000,0
1627167060,0
1627167120,0
1627167180,0
1627167240,0
1627167300,0
1627167360,0
1627167420,0
1627167480,0
1627167540,1
1627167600,0
1627167660,0
1627167720,0
1627167780,0
1627167840,0
1627167900,0
1627167960,0
1627168020,0
1627168080,0
1627168140,0
1627168200,0
1627168260,0
1627168320,0
1627168380,1
1627168440,0
1627168500,0
1627168560,0
1627168620,0
1627168680,0
1627168740,0
1627168800,0
1627168860,0
1627168920,1
1627168980,0
1627169040,0
1627169100,0
1627169160,0
1627169220,0
1627169280,0
1627169340,0
1627169400,0
1627169460,0
1627169520,1
1627169580,1
1627169640,0
1627169700,1
1627169760,0
1627169820,0
1627169880,0
1627169940,0
1627170000,0
1627170060,0
1627170120,0
1627170180,1
1627170240,0
1627170300,0
1627170360,1
1627170420,0
1627170480,0
1627170540,0
1627170600,0
1627170660,0
1627170720,0
1627170780,0
1627170840,1
1627170900,0
1627170960,1
1627171020,1
1627171080,1
1627171140,0
1627171200,0
1627171260,0
1627171320,0
1627171380,0
1627171440,0
1627171500,0
1627171560,0
1627171620,0
1627171680,0
1627171740,0
1627171800,1
1627171860,0
1627171920,0
1627171980,0
1627172040,0
1627172100,0
1627172160,1
1627172220,0
1627172280,0
1627172340,1
1627172400,0
1627172460,0
1627172520,0
1627172580,0
1627172640,0
1627172700,1
1627172760,1
1627172820,1
1627172880,0
1627172940,0
1627173000,1
1627173060,0
1627173120,0
1627173180,0
1627173240,0
1627173300,0
1627173360,1
1627173420,0
1627173480,1
1627173540,0
1627173600,0
1627173660,1
1627173720,0
1627173780,0
1627173840,0
1627173900,0
1627173960,0
1627174020,1
1627174080,0
1627174140,0
1627174200,0
1627174260,0
1627174320,0
1627174380,0
1627174440,0
1627174500,0
1627174560,0
1627174620,1
1627174680,1
1627174740,1
1627174800,1
1627174860,1
1627174920,1
1627174980,1
1627175040,1
1627175100,1
1627175160,1
1627175220,1
1627175280,0
1627175340,0
1627175400,0
1627175460,0
1627175520,0
1627175580,0
1627175640,0
1627175700,1
1627175760,0
1627175820,0
1627175880,0
1627175940,0
1627176000,0
1627176060,1
1627176120,0
1627176180,0
1627176240,1
1627176300,0
1627176360,1
1627176420,1
1627176480,0
1627176540,0
1627176600,1
1627176660,1
1627176720,0
1627176780,1
1627176840,1
1627176900,0
1627176960,0
1627177020,1
1627177080,0
1627177140,1
1627177200,1
1627177260,0
1627177320,0
1627177380,0
1627177440,0
1627177500,0
1627177560,0
1627177620,0
1627177680,0
1627177740,0
1627177800,0
1627177860,0
1627177920,0
1627177980,0
1627178040,0
1627178100,0
1627178160,0
1627178220,0
1627178280,0
1627178340,0
1627178400,0
1627178460,0
1627178520,1
1627178580,0
1627178640,0
1627178700,0
1627178760,1
1627178820,0
1627178880,0
1627178940,1
1627179000,0
1627179060,1
1627179120,0
1627179180,0
1627179240,0
1627179300,0
1627179360,1
1627179420,1
1627179480,1
1627179540,0
1627179600,0
1627179660,0
1627179720,1
1627179780,0
1627179840,0
1627179900,1
1627179960,0
1627180020,1
1627180080,0
1627180140,0
1627180200,0
1627180260,0
1627180320,0
1627180380,0
1627180440,0
1627180500,0
1627180560,0
1627180620,1
1627180680,1
1627180740,0
1627180800,1
1627180860,0
1627180920,0
1627180980,0
1627181040,1
1627181100,1
1627181160,0
1627181220,1
1627181280,0
1627181340,0
1627181400,1
1627181460,0
1627181520,0
1627181580,0
1627181640,0
1627181700,0
1627181760,0
1627181820,1
1627181880,0
1627181940,1
1627182000,0
1627182060,1
1627182120,1
1627182180,0
1627182240,0
1627182300,0
1627182360,0
1627182420,1
1627182480,1
1627182540,1
1627182600,0
1627182660,0
1627182720,0
1627182780,1
1627182840,0
1627182900,0
1627182960,0
1627183020,0
1627183080,1
1627183140,1
1627183200,0
1627183260,1
1627183320,1
1627183380,0
1627183440,0
1627183500,1
1627183560,1
1627183620,0
1627183680,0
1627183740,0
1627183800,0
1627183860,0
1627183920,0
1627183980,0
1627184040,0
1627184100,0
1627184160,0
1627184220,0
1627184280,0
1627184340,0
1627184400,0
1627184460,0
1627184520,0
1627184580,0
1627184640,0
1627184700,0
1627184760,0
1627184820,0
1627184880,0
1627184940,1
1627185000,0
1627185060,0
1627185120,0
1627185180,0
1627185240,0
1627185300,0
1627185360,0
1627185420,0
1627185480,0
1627185540,0
1627185600,1
1627185660,0
1627185720,0
1627185780,1
1627185840,0
1627185900,0
1627185960,1
1627186020,1
1627186080,1
1627186140,0
1627186200,0
1627186260,0
1627186320,0
1627186380,0
1627186440,1
1627186500,0
1627186560,0
1627186620,0
1627186680,1
1627186740,0
1627186800,1
1627186860,0
1627186920,0
1627186980,1
1627187040,1
1627187100,1
1627187160,0
1627187220,0
1627187280,0
1627187340,0
1627187400,1
1627187460,0
1627187520,0
1627187580,0
1627187640,1
1627187700,0
1627187760,0
1627187820,0
1627187880,0
1627187940,0
1627188000,0
1627188060,0
1627188120,0
1627188180,0
1627188240,0
1627188300,0
1627188360,0
1627188420,0
1627188480,0
1627188540,0
1627188600,0
1627188660,0
1627188720,1
1627188780,1
1627188840,0
1627188900,0
1627188960,0
1627189020,1
1627189080,0
1627189140,0
1627189200,0
1627189260,1
1627189320,0
1627189380,1
1627189440,0
1627189500,0
1627189560,0
1627189620,1
1627189680,1
1627189740,0
1627189800,0
1627189860,1
1627189920,1
1627189980,0
1627190040,1
1627190100,1
1627190160,0
1627190220,0
1627190280,0
1627190340,0
1627190400,0
1627190460,1
1627190520,0
1627190580,0
1627190640,0
1627190700,0
1627190760,0
1627190820,0
1627190880,0
1627190940,0
1627191000,0
1627191060,0
1627191120,0
1627191180,1
1627191240,0
1627191300,1
1627191360,0
1627191420,0
1627191480,1
1627191540,0
1627191600,1
1627191660,0
1627191720,1
1627191780,1
1627191840,0
1627191900,0
1627191960,0
1627192020,0
1627192080,0
1627192140,0
1627192200,0
1627192260,0
1627192320,0
1627192380,0
1627192440,1
1627192500,1
1627192560,1
1627192620,0
1627192680,0
1627192740,1
1627192800,0
1627192860,1
1627192920,0
1627192980,0
1627193040,0
1627193100,0
1627193160,1
1627193220,0
1627193280,1
1627193340,0
1627193400,0
1627193460,1
1627193520,1
1627193580,0
1627193640,0
1627193700,0
1627193760,0
1627193820,0
1627193880,0
1627193940,0
1627194000,0
1627194060,0
1627194120,0
1627194180,0
1627194240,0
1627194300,0
1627194360,0
1627194420,1
1627194480,0
1627194540,0
1627194600,0
1627194660,0
1627194720,0
1627194780,0
1627194840,0
1627194900,0
1627194960,0
1627195020,0
1627195080,0
1627195140,0
1627195200,0
1627195260,0
1627195320,0
1627195380,0
1627195440,1
1627195500,0
1627195560,0
1627195620,0
1627195680,0
1627195740,0
1627195800,0
1627195860,0
1627195920,0
1627195980,0
1627196040,0
1627196100,0
1627196160,0
1627196220,0
1627196280,1
1627196340,0
1627196400,0
1627196460,0
1627196520,0
1627196580,1
1627196640,0
1627196700,1
1627196760,1
1627196820,0
1627196880,0
1627196940,0
1627197000,0
1627197060,0
1627197120,0
1627197180,0
1627197240,0
1627197300,1
1627197360,0
1627197420,1
1627197480,0
1627197540,0
1627197600,0
1627197660,0
1627197720,1
1627197780,0
1627197840,0
1627197900,0
1627197960,1
1627198020,1
1627198080,1
1627198140,0
1627198200,0
1627198260,0
1627198320,0
1627198380,0
1627198440,1
1627198500,0
1627198560,0
1627198620,1
1627198680,0
1627198740,0
1627198800,1
1627198860,1
1627198920,0
1627198980,0
1627199040,0
1627199100,0
1627199160,1
1627199220,1
1627199280,0
1627199340,1
1627199400,0
1627199460,0
1627199520,0
1627199580,0
1627199640,0
1627199700,0
1627199760,0
1627199820,0
1627199880,0
1627199940,0
1627200000,0
1627200060,0
1627200120,0
1627200180,0
1627200240,0
1627200300,0
1627200360,1
1627200420,0
1627200480,0
1627200540,0
1627200600,0
1627200660,0
1627200720,0
1627200780,1
1627200840,1
1627200900,1
1627200960,1
1627201020,1
1627201080,1
1627201140,1
1627201200,1
1627201260,1
1627201320,1
1627201380,1
1627201440,0
1627201500,0
1627201560,0
1627201620,0
1627201680,0
1627201740,0
1627201800,0
1627201860,0
1627201920,0
1627201980,0
1627202040,0
1627202100,0
1627202160,0
1627202220,0
1627202280,0
1627202340,0
1627202400,0
1627202460,0
1627202520,0
1627202580,1
1627202640,1
1627202700,0
1627202760,0
1627202820,0
1627202880,1
1627202940,0
1627203000,1
1627203060,0
1627203120,0
1627203180,0
1627203240,1
1627203300,1
1627203360,0
1627203420,0
1627203480,0
1627203540,0
1627203600,0
1627203660,0
1627203720,0
1627203780,0
1627203840,0
1627203900,0
1627203960,1
1627204020,0
1627204080,0
1627204140,0
1627204200,0
1627204260,0
1627204320,0
1627204380,1
1627204440,0
1627204500,0
1627204560,0
1627204620,0
1627204680,1
1627204740,0
1627204800,0
1627204860,0
1627204920,0
1627204980,0
1627205040,0
1627205100,1
1627205160,0
1627205220,0
1627205280,0
1627205340,0
1627205400,0
1627205460,0
1627205520,0
1627205580,0
1627205640,1
1627205700,0
1627205760,1
1627205820,0
1627205880,0
1627205940,1
1627206000,0
1627206060,0
1627206120,0
1627206180,0
1627206240,0
1627206300,1
1627206360,0
1627206420,0
1627206480,0
1627206540,0
1627206600,0
1627206660,1
1627206720,1
1627206780,0
1627206840,1
1627206900,0
1627206960,0
1627207020,1
1627207080,1
1627207140,0
1627207200,0
1627207260,0
1627207320,0
1627207380,0
1627207440,0
1627207500,0
1627207560,0
1627207620,0
1627207680,0
1627207740,0
1627207800,0
1627207860,0
1627207920,0
1627207980,1
1627208040,0
1627208100,0
1627208160,0
1627208220,0
1627208280,0
1627208340,1
1627208400,0
1627208460,0
1627208520,0
1627208580,0
1627208640,0
1627208700,0
1627208760,0
1627208820,0
1627208880,1
1627208940,0
1627209000,0
1627209060,0
1627209120,0
1627209180,0
1627209240,1
1627209300,0
1627209360,1
1627209420,0
1627209480,0
1627209540,0
1627209600,1
1627209660,0
1627209720,1
1627209780,1
1627209840,0
1627209900,0
1627209960,0
1627210020,0
1627210080,0
1627210140,0
1627210200,0
1627210260,0
1627210320,0
1627210380,0
1627210440,0
1627210500,0
1627210560,1
1627210620,0
1627210680,0
1627210740,0
1627210800,0
1627210860,0
1627210920,0
1627210980,0
1627211040,0
1627211100,0
1627211160,0
1627211220,0
1627211280,1
1627211340,1
1627211400,0
1627211460,1
1627211520,0
1627211580,0
1627211640,1
1627211700,0
1627211760,0
1627211820,0
1627211880,0
1627211940,0
1627212000,0
1627212060,1
1627212120,0
1627212180,0
1627212240,0
1627212300,1
1627212360,0
1627212420,1
1627212480,1
1627212540,0
1627212600,1
1627212660,0
1627212720,0
1627212780,1
1627212840,1
1627212900,0
1627212960,0
1627213020,0
1627213080,0
1627213140,0
1627213200,0
1627213260,0
1627213320,0
1627213380,0
1627213440,1
1627213500,1
1627213560,0
1627213620,0
1627213680,1
1627213740,0
1627213800,0
1627213860,0
1627213920,0
1627213980,1
1627214040,0
1627214100,0
1627214160,0
1627214220,0
1627214280,1
1627214340,0
1627214400,1
1627214460,0
1627214520,0
1627214580,0
1627214640,0
1627214700,1
1627214760,0
1627214820,0
1627214880,0
1627214940,0
1627215000,0
1627215060,0
1627215120,0
1627215180,0
1627215240,0
1627215300,0
1627215360,1
1627215420,1
1627215480,0
1627215540,0
1627215600,0
1627215660,0
1627215720,0
1627215780,0
1627215840,0
1627215900,0
1627215960,0
1627216020,0
1627216080,0
1627216140,1
1627216200,0
1627216260,0
1627216320,0
1627216380,0
1627216440,0
1627216500,1
1627216560,0
1627216620,0
1627216680,0
1627216740,0
1627216800,0
1627216860,0
1627216920,0
1627216980,0
1627217040,0
1627217100,0
1627217160,0
1627217220,0
1627217280,0
1627217340,0
1627217400,1
1627217460,0
1627217520,0
1627217580,0
1627217640,1
1627217700,0
1627217760,0
1627217820,0
1627217880,0
1627217940,0
1627218000,0
1627218060,1
1627218120,0
1627218180,1
1627218240,1
1627218300,0
1627218360,0
1627218420,0
1627218480,0
1627218540,0
1627218600,0
1627218660,0
1627218720,0
1627218780,1
1627218840,0
1627218900,0
1627218960,1
1627219020,0
1627219080,0
1627219140,0
1627219200,0
1627219260,0
1627219320,0
1627219380,0
1627219440,1
1627219500,0
1627219560,1
1627219620,1
1627219680,0
1627219740,0
1627219800,0
1627219860,0
1627219920,0
1627219980,0
1627220040,0
1627220100,0
1627220160,1
1627220220,0
1627220280,0
1627220340,0
1627220400,0
1627220460,0
1627220520,1
1627220580,0
1627220640,0
1627220700,0
1627220760,0
1627220820,0
1627220880,0
1627220940,0
1627221000,1
1627221060,0
1627221120,0
1627221180,1
1627221240,1
1627221300,0
1627221360,0
1627221420,0
1627221480,0
1627221540,0
1627221600,0
1627221660,0
1627221720,1
1627221780,0
1627221840,1
1627221900,0
1627221960,1
1627222020,1
1627222080,1
1627222140,0
1627222200,0
1627222260,0
1627222320,0
1627222380,0
1627222440,0
1627222500,0
1627222560,0
1627222620,0
1627222680,0
1627222740,0
1627222800,0
1627222860,0
1627222920,1
1627222980,0
1627223040,0
1627223100,0
1627223160,0
1627223220,0
1627223280,0
1627223340,0
1627223400,1
1627223460,0
1627223520,1
1627223580,1
1627223640,0
1627223700,0
1627223760,0
1627223820,0
1627223880,0
1627223940,0
1627224000,1
1627224060,1
1627224120,1
1627224180,0
1627224240,1
1627224300,0
1627224360,0
1627224420,1
1627224480,0
1627224540,0
1627224600,0
1627224660,0
1627224720,0
1627224780,1
1627224840,0
1627224900,0
1627224960,0
1627225020,1
1627225080,0
1627225140,0
1627225200,0
1627225260,0
1627225320,0
1627225380,0
1627225440,1
1627225500,1
1627225560,0
1627225620,0
1627225680,0
1627225740,0
1627225800,0
1627225860,0
1627225920,0
1627225980,0
1627226040,0
1627226100,0
1627226160,0
1627226220,1
1627226280,0
1627226340,0
1627226400,0
1627226460,1
1627226520,0
1627226580,0
1627226640,1
1627226700,0
1627226760,0
1627226820,0
1627226880,0
1627226940,0
1627227000,0
1627227060,0
1627227120,0
1627227180,1
1627227240,0
1627227300,0
1627227360,1
1627227420,1
1627227480,1
1627227540,1
1627227600,1
1627227660,1
1627227720,1
1627227780,1
1627227840,1
1627227900,1
1627227960,1
1627228020,0
1627228080,0
1627228140,0
1627228200,0
1627228260,0
1627228320,1
1627228380,0
1627228440,0
1627228500,0
1627228560,0
1627228620,1
1627228680,0
1627228740,1
1627228800,0
1627228860,0
1627228920,0
1627228980,0
1627229040,0
1627229100,1
1627229160,0
1627229220,0
1627229280,0
1627229340,0
1627229400,1
1627229460,0
1627229520,0
1627229580,0
1627229640,1
1627229700,0
1627229760,0
1627229820,1
1627229880,0
1627229940,0
1627230000,0
1627230060,1
1627230120,0
1627230180,0
1627230240,0
1627230300,0
1627230360,0
1627230420,1
1627230480,1
1627230540,0
1627230600,1
1627230660,0
1627230720,1
1627230780,0
1627230840,0
1627230900,1
1627230960,1
1627231020,1
1627231080,1
1627231140,1
1627231200,1
1627231260,1
1627231320,1
1627231380,1
1627231440,1
1627231500,1
1627231560,0
1627231620,0
1627231680,0
1627231740,0
1627231800,0
1627231860,0
1627231920,0
1627231980,0
1627232040,1
1627232100,0
1627232160,1
1627232220,0
1627232280,0
1627232340,0
1627232400,0
1627232460,1
1627232520,1
1627232580,1
1627232640,0
1627232700,1
1627232760,0
1627232820,0
1627232880,0
1627232940,0
1627233000,0
1627233060,0
1627233120,1
1627233180,0
1627233240,0
1627233300,1
1627233360,0
1627233420,0
1627233480,0
1627233540,0
1627233600,0
1627233660,0
1627233720,0
1627233780,1
1627233840,0
1627233900,1
1627233960,0
1627234020,0
1627234080,0
1627234140,0
1627234200,0
1627234260,0
1627234320,0
1627234380,1
1627234440,0
1627234500,0
1627234560,1
1627234620,1
1627234680,1
1627234740,1
1627234800,0
1627234860,0
1627234920,0
1627234980,0
1627235040,0
1627235100,0
1627235160,1
1627235220,0
1627235280,1
1627235340,0
1627235400,0
1627235460,0
1627235520,0
1627235580,0
1627235640,0
1627235700,0
1627235760,1
1627235820,0
1627235880,1
1627235940,0
1627236000,0
1627236060,0
1627236120,0
1627236180,0
1627236240,0
1627236300,0
1627236360,0
1627236420,0
1627236480,0
1627236540,0
1627236600,0
1627236660,0
1627236720,0
1627236780,0
1627236840,0
1627236900,0
1627236960,0
1627237020,1
1627237080,1
1627237140,0
1627237200,1
1627237260,0
1627237320,0
1627237380,0
1627237440,0
1627237500,0
1627237560,0
1627237620,0
1627237680,0
1627237740,0
1627237800,0
1627237860,0
1627237920,0
1627237980,0
1627238040,0
1627238100,0
1627238160,1
1627238220,1
1627238280,0
1627238340,1
1627238400,0
1627238460,0
1627238520,1
1627238580,0
1627238640,0
1627238700,1
1627238760,0
1627238820,0
1627238880,1
1627238940,0
1627239000,0
1627239060,0
1627239120,0
1627239180,1
1627239240,0
1627239300,0
1627239360,0
1627239420,0
1627239480,1
1627239540,0
1627239600,0
1627239660,0
1627239720,0
1627239780,0
1627239840,0
1627239900,0
1627239960,1
1627240020,0
1627240080,0
1627240140,0
1627240200,1
1627240260,0
1627240320,0
1627240380,1
1627240440,0
1627240500,0
1627240560,0
1627240620,0
1627240680,0
1627240740,0
1627240800,0
1627240860,0
1627240920,0
1627240980,0
1627241040,1
1627241100,0
1627241160,0
1627241220,0
1627241280,0
1627241340,1
1627241400,0
1627241460,0
1627241520,0
1627241580,0
1627241640,0
1627241700,0
1627241760,1
1627241820,0
1627241880,1
1627241940,0
1627242000,0
1627242060,0
1627242120,0
1627242180,0
1627242240,0
1627242300,1
1627242360,0
1627242420,0
1627242480,0
1627242540,0
1627242600,0
1627242660,0
1627242720,0
1627242780,0
1627242840,0
1627242900,0
1627242960,0
1627243020,0
1627243080,0
1627243140,0
1627243200,0
1627243260,0
1627243320,0
1627243380,0
1627243440,0
1627243500,0
1627243560,0
1627243620,0
1627243680,1
1627243740,0
1627243800,0
1627243860,0
1627243920,0
1627243980,0
1627244040,0
1627244100,0
1627244160,0
1627244220,0
1627244280,0
1627244340,0
1627244400,0
1627244460,1
1627244520,0
1627244580,0
1627244640,0
1627244700,1
1627244760,1
1627244820,0
1627244880,0
1627244940,1
1627245000,0
1627245060,0
1627245120,0
1627245180,0
1627245240,0
1627245300,0
1627245360,0
1627245420,0
1627245480,1
1627245540,1
1627245600,0
1627245660,0
1627245720,1
1627245780,0
1627245840,1
1627245900,0
1627245960,0
1627246020,1
1627246080,1
1627246140,0
1627246200,0
1627246260,0
1627246320,0
1627246380,0
1627246440,0
1627246500,0
1627246560,0
1627246620,0
1627246680,0
1627246740,0
1627246800,0
1627246860,0
1627246920,1
1627246980,1
1627247040,0
1627247100,0
1627247160,1
1627247220,0
1627247280,0
1627247340,0
1627247400,0
1627247460,0
1627247520,0
1627247580,0
1627247640,0
1627247700,1
1627247760,0
1627247820,0
1627247880,0
1627247940,0
1627248000,0
1627248060,0
1627248120,0
1627248180,0
1627248240,1
1627248300,0
1627248360,0
1627248420,0
1627248480,0
1627248540,0
1627248600,0
1627248660,0
1627248720,0
1627248780,0
1627248840,0
1627248900,0
1627248960,0
1627249020,0
1627249080,0
1627249140,1
1627249200,1
1627249260,0
1627249320,0
1627249380,0
1627249440,0
1627249500,0
1627249560,0
1627249620,0
1627249680,0
1627249740,0
1627249800,0
1627249860,1
1627249920,0
1627249980,0
1627250040,1
1627250100,0
1627250160,0
1627250220,0
1627250280,0
1627250340,0
1627250400,0
1627250460,0
1627250520,0
1627250580,1
1627250640,1
1627250700,1
1627250760,0
1627250820,1
1627250880,1
1627250940,1
1627251000,0
1627251060,0
1627251120,1
1627251180,0
1627251240,0
1627251300,1
1627251360,0
1627251420,0
1627251480,1
1627251540,0
1627251600,0
1627251660,0
1627251720,0
1627251780,1
1627251840,0
1627251900,0
1627251960,1
1627252020,0
1627252080,0
1627252140,0
1627252200,0
1627252260,1
1627252320,1
1627252380,0
1627252440,0
1627252500,0
1627252560,0
1627252620,0
1627252680,1
1627252740,0
1627252800,1
1627252860,0
1627252920,0
1627252980,0
1627253040,1
1627253100,0
1627253160,0
1627253220,0
1627253280,0
1627253340,1
1627253400,1
1627253460,1
1627253520,1
1627253580,1
1627253640,1
1627253700,0
1627253760,0
1627253820,0
1627253880,0
1627253940,0
1627254000,0
1627254060,0
1627254120,1
1627254180,1
1627254240,0
1627254300,0
1627254360,0
1627254420,0
1627254480,0
1627254540,0
1627254600,0
1627254660,0
1627254720,0
1627254780,0
1627254840,0
1627254900,0
1627254960,0
1627255020,0
1627255080,0
1627255140,0
1627255200,0
1627255260,0
1627255320,0
1627255380,0
1627255440,1
1627255500,0
1627255560,0
1627255620,0
1627255680,0
1627255740,0
1627255800,0
1627255860,0
1627255920,0
1627255980,1
1627256040,0
1627256100,0
1627256160,0
1627256220,0
1627256280,0
1627256340,0
1627256400,0
1627256460,0
1627256520,1
1627256580,1
1627256640,1
1627256700,0
1627256760,0
1627256820,0
1627256880,0
1627256940,0
1627257000,0
1627257060,0
1627257120,0
1627257180,0
1627257240,0
1627257300,1
1627257360,0
1627257420,0
1627257480,1
1627257540,0
1627257600,0
1627257660,0
1627257720,1
1627257780,0
1627257840,0
1627257900,0
1627257960,1
1627258020,1
1627258080,0
1627258140,0
1627258200,0
1627258260,0
1627258320,0
1627258380,0
1627258440,0
1627258500,0
1627258560,0
1627258620,0
1627258680,0
1627258740,0
1627258800,0
1627258860,0
1627258920,0
1627258980,1
1627259040,1
1627259100,0
1627259160,0
1627259220,0
1627259280,0
1627259340,1
1627259400,0
1627259460,0
1627259520,0
1627259580,1
1627259640,0
1627259700,0
1627259760,0
1627259820,0
1627259880,0
1627259940,0
1627260000,0
1627260060,0
1627260120,0
1627260180,1
1627260240,0
1627260300,0
1627260360,0
1627260420,0
1627260480,0
1627260540,0
1627260600,1
1627260660,0
1627260720,0
1627260780,0
1627260840,0
1627260900,1
1627260960,0
1627261020,0
1627261080,0
1627261140,0
1627261200,0
1627261260,0
1627261320,0
1627261380,1
1627261440,1
1627261500,0
1627261560,0
1627261620,0
1627261680,0
1627261740,0
1627261800,0
1627261860,0
1627261920,0
1627261980,0
1627262040,0
1627262100,0
1627262160,1
1627262220,0
1627262280,0
1627262340,0
1627262400,0
1627262460,1
1627262520,1
1627262580,0
1627262640,0
1627262700,0
1627262760,0
1627262820,0
1627262880,0
1627262940,0
1627263000,0
1627263060,0
1627263120,0
1627263180,0
1627263240,0
1627263300,0
1627263360,0
1627263420,0
1627263480,0
1627263540,0
1627263600,1
1627263660,1
1627263720,0
1627263780,0
1627263840,0
1627263900,1
1627263960,0
1627264020,0
1627264080,0
1627264140,0
1627264200,0
1627264260,1
1627264320,0
1627264380,1
1627264440,0
1627264500,0
1627264560,0
1627264620,1
1627264680,0
1627264740,0
1627264800,0
1627264860,1
1627264920,0
1627264980,0
1627265040,0
1627265100,1
1627265160,0
1627265220,0
1627265280,0
1627265340,0
1627265400,0
1627265460,0
1627265520,0
1627265580,0
1627265640,0
1627265700,0
1627265760,0
1627265820,0
1627265880,0
1627265940,0
1627266000,0
1627266060,0
1627266120,0
1627266180,0
1627266240,0
1627266300,0
1627266360,0
1627266420,1
1627266480,1
1627266540,0
1627266600,0
1627266660,0
1627266720,0
1627266780,0
1627266840,0
1627266900,0
1627266960,0
1627267020,1
1627267080,1
1627267140,1
1627267200,1
1627267260,1
1627267320,1
1627267380,1
1627267440,1
1627267500,1
1627267560,1
1627267620,1
1627267680,0
1627267740,0
1627267800,0
1627267860,0
1627267920,1
1627267980,0
1627268040,0
1627268100,1
1627268160,0
1627268220,0
1627268280,0
1627268340,0
1627268400,0
1627268460,0
1627268520,0
1627268580,0
1627268640,0
1627268700,1
1627268760,0
1627268820,0
1627268880,1
1627268940,0
1627269000,0
1627269060,0
1627269120,0
1627269180,0
1627269240,0
1627269300,0
1627269360,0
1627269420,0
1627269480,0
1627269540,0
1627269600,0
1627269660,0
1627269720,0
1627269780,0
1627269840,1
1627269900,0
1627269960,0
1627270020,0
1627270080,0
1627270140,0
1627270200,0
1627270260,0
1627270320,0
1627270380,1
1627270440,1
1627270500,0
1627270560,0
1627270620,0
1627270680,0
1627270740,0
1627270800,0
1627270860,0
1627270920,0
1627270980,0
1627271040,0
1627271100,1
1627271160,0
1627271220,1
1627271280,0
1627271340,0
1627271400,0
1627271460,1
1627271520,0
1627271580,0
1627271640,1
1627271700,1
1627271760,0
1627271820,0
1627271880,0
1627271940,0
1627272000,0
1627272060,1
1627272120,0
1627272180,0
1627272240,0
1627272300,0
1627272360,1
1627272420,0
1627272480,0
1627272540,0
1627272600,0
1627272660,0
1627272720,0
1627272780,0
1627272840,0
1627272900,1
1627272960,0
1627273020,1
1627273080,1
1627273140,1
1627273200,0
1627273260,0
1627273320,0
1627273380,0
1627273440,0
1627273500,1
1627273560,1
1627273620,1
1627273680,0
1627273740,0
1627273800,0
1627273860,0
1627273920,0
1627273980,0
1627274040,0
1627274100,1
1627274160,0
1627274220,0
1627274280,0
1627274340,1
1627274400,0
1627274460,0
1627274520,0
1627274580,0
1627274640,0
1627274700,0
1627274760,0
1627274820,0
1627274880,1
1627274940,1
1627275000,1
1627275060,0
1627275120,1
1627275180,1
1627275240,0
1627275300,0
1627275360,0
1627275420,0
1627275480,0
1627275540,0
1627275600,0
1627275660,0
1627275720,0
1627275780,0
1627275840,0
1627275900,0
1627275960,1
1627276020,1
1627276080,0
1627276140,1
1627276200,1
1627276260,0
1627276320,1
1627276380,0
1627276440,0
1627276500,0
1627276560,0
1627276620,0
1627276680,0
1627276740,0
1627276800,1
1627276860,0
1627276920,1
1627276980,1
1627277040,0
1627277100,0
1627277160,1
1627277220,1
1627277280,0
1627277340,1
1627277400,0
1627277460,1
1627277520,1
1627277580,0
1627277640,0
1627277700,0
1627277760,0
1627277820,0
1627277880,0
1627277940,1
1627278000,0
1627278060,0
1627278120,0
1627278180,0
1627278240,1
1627278300,1
1627278360,0
1627278420,0
1627278480,0
1627278540,1
1627278600,0
1627278660,0
1627278720,0
1627278780,0
1627278840,1
1627278900,0
1627278960,0
1627279020,0
1627279080,0
1627279140,0
1627279200,0
1627279260,0
1627279320,1
1627279380,1
1627279440,0
1627279500,1
1627279560,1
1627279620,0
1627279680,0
1627279740,0
1627279800,0
1627279860,0
1627279920,1
1627279980,0
1627280040,0
1627280100,0
1627280160,0
1627280220,0
1627280280,0
1627280340,0
1627280400,1
1627280460,0
1627280520,0
1627280580,0
1627280640,0
1627280700,0
1627280760,0
1627280820,1
1627280880,0
1627280940,0
1627281000,0
1627281060,1
1627281120,0
1627281180,0
1627281240,0
1627281300,0
1627281360,0
1627281420,1
1627281480,1
1627281540,0
1627281600,0
1627281660,0
1627281720,0
1627281780,0
1627281840,0
1627281900,0
1627281960,0
1627282020,0
1627282080,0
1627282140,0
1627282200,0
1627282260,1
1627282320,0
1627282380,1
1627282440,1
1627282500,0
1627282560,0
1627282620,1
1627282680,0
1627282740,0
1627282800,0
1627282860,1
1627282920,0
1627282980,0
1627283040,1
1627283100,0
1627283160,0
1627283220,0
1627283280,1
1627283340,0
1627283400,0
1627283460,1
1627283520,0
1627283580,0
1627283640,1
1627283700,0
1627283760,0
1627283820,0
1627283880,1
1627283940,0
1627284000,0
1627284060,0
1627284120,1
1627284180,1
1627284240,1
1627284300,0
1627284360,1
1627284420,0
1627284480,0
1627284540,0
1627284600,0
1627284660,0
1627284720,0
1627284780,0
1627284840,0
1627284900,0
1627284960,0
1627285020,0
1627285080,0
1627285140,0
1627285200,0
1627285260,0
1627285320,0
1627285380,0
1627285440,0
1627285500,0
1627285560,0
1627285620,0
1627285680,1
1627285740,1
1627285800,0
1627285860,0
1627285920,0
1627285980,0
1627286040,0
1627286100,0
1627286160,0
1627286220,0
1627286280,0
1627286340,0
1627286400,0
1627286460,0
1627286520,0
1627286580,0
1627286640,1
1627286700,0
1627286760,0
1627286820,0
1627286880,1
1627286940,1
1627287000,0
1627287060,0
1627287120,0
1627287180,0
1627287240,0
1627287300,0
1627287360,0
1627287420,0
1627287480,0
1627287540,0
1627287600,0
1627287660,1
1627287720,1
1627287780,1
1627287840,0
1627287900,0
1627287960,0
1627288020,0
1627288080,0
1627288140,0
1627288200,0
1627288260,1
1627288320,0
1627288380,0
1627288440,0
1627288500,0
1627288560,1
1627288620,0
1627288680,0
1627288740,1
1627288800,1
1627288860,0
1627288920,0
1627288980,0
1627289040,0
1627289100,0
1627289160,0
1627289220,0
1627289280,0
1627289340,0
1627289400,1
1627289460,0
1627289520,0
1627289580,0
1627289640,0
1627289700,0
1627289760,1
1627289820,0
1627289880,0
1627289940,1
1627290000,0
1627290060,0
1627290120,0
1627290180,1
1627290240,0
1627290300,1
1627290360,1
1627290420,0
1627290480,0
1627290540,0
1627290600,0
1627290660,0
1627290720,1
1627290780,1
1627290840,0
1627290900,0
1627290960,1
1627291020,0
1627291080,0
1627291140,0
1627291200,0
1627291260,1
1627291320,0
1627291380,1
1627291440,0
1627291500,1
1627291560,0
1627291620,0
1627291680,0
1627291740,0
1627291800,0
1627291860,0
1627291920,0
1627291980,1
1627292040,0
1627292100,0
1627292160,0
1627292220,0
1627292280,0
1627292340,0
1627292400,1
1627292460,1
1627292520,0
1627292580,0
1627292640,0
1627292700,0
1627292760,0
1627292820,0
1627292880,1
1627292940,0
1627293000,0
1627293060,0
1627293120,0
1627293180,0
1627293240,1
1627293300,0
1627293360,0
1627293420,0
1627293480,1
1627293540,1
1627293600,1
1627293660,0
1627293720,0
1627293780,0
1627293840,0
1627293900,1
1627293960,0
1627294020,1
1627294080,0
1627294140,1
1627294200,1
1627294260,0
1627294320,0
1627294380,0
1627294440,0
1627294500,1
1627294560,0
1627294620,0
1627294680,0
1627294740,0
1627294800,0
1627294860,1
1627294920,0
1627294980,1
1627295040,0
1627295100,0
1627295160,0
1627295220,0
1627295280,0
1627295340,0
1627295400,0
1627295460,0
1627295520,0
1627295580,0
1627295640,0
1627295700,1
1627295760,1
1627295820,1
1627295880,0
1627295940,0
1627296000,1
1627296060,0
1627296120,0
1627296180,0
1627296240,0
1627296300,0
1627296360,1
1627296420,1
1627296480,0
1627296540,0
1627296600,0
1627296660,1
1627296720,1
1627296780,0
1627296840,0
1627296900,0
1627296960,0
1627297020,0
1627297080,0
1627297140,0
1627297200,0
1627297260,0
1627297320,0
1627297380,1
1627297440,0
1627297500,0
1627297560,0
1627297620,1
1627297680,1
1627297740,0
1627297800,0
1627297860,0
1627297920,0
1627297980,0
1627298040,0
1627298100,0
1627298160,0
1627298220,0
1627298280,0
1627298340,1
1627298400,0
1627298460,0
1627298520,0
1627298580,1
1627298640,0
1627298700,0
1627298760,0
1627298820,0
1627298880,0
1627298940,0
1627299000,1
1627299060,0
1627299120,0
1627299180,0
1627299240,0
1627299300,1
1627299360,0
1627299420,1
1627299480,0
1627299540,0
1627299600,1
1627299660,1
1627299720,0
1627299780,1
1627299840,0
1627299900,0
1627299960,0
1627300020,0
1627300080,0
1627300140,0
1627300200,0
1627300260,1
1627300320,0
1627300380,0
1627300440,0
1627300500,0
1627300560,0
1627300620,0
1627300680,0
1627300740,0
1627300800,0
1627300860,0
1627300920,0
1627300980,0
1627301040,0
1627301100,1
1627301160,0
1627301220,0
1627301280,1
1627301340,0
1627301400,0
1627301460,0
1627301520,0
1627301580,0
1627301640,0
1627301700,0
1627301760,0
1627301820,0
1627301880,0
1627301940,0
1627302000,0
1627302060,0
1627302120,0
1627302180,1
1627302240,0
1627302300,0
1627302360,0
1627302420,0
1627302480,1
1627302540,0
1627302600,0
1627302660,0
1627302720,0
1627302780,0
1627302840,0
1627302900,0
1627302960,0
1627303020,1
1627303080,0
1627303140,0
1627303200,1
1627303260,0
1627303320,0
1627303380,0
1627303440,1
1627303500,0
1627303560,1
1627303620,0
1627303680,0
1627303740,0
1627303800,0
1627303860,0
1627303920,0
1627303980,0
1627304040,0
1627304100,1
1627304160,0
1627304220,0
1627304280,0
1627304340,0
1627304400,0
1627304460,1
1627304520,0
1627304580,0
1627304640,1
1627304700,0
1627304760,0
1627304820,0
1627304880,1
1627304940,0
1627305000,0
1627305060,0
1627305120,1
1627305180,1
1627305240,0
1627305300,0
1627305360,0
1627305420,0
1627305480,0
1627305540,0
1627305600,0
1627305660,0
1627305720,0
1627305780,0
1627305840,0
1627305900,0
1627305960,0
1627306020,0
1627306080,0
1627306140,0
1627306200,0
1627306260,1
1627306320,0
1627306380,0
1627306440,0
1627306500,1
1627306560,1
1627306620,0
1627306680,1
1627306740,1
1627306800,1
1627306860,1
1627306920,1
1627306980,0
1627307040,1
1627307100,0
1627307160,0
1627307220,0
1627307280,0
1627307340,0
1627307400,0
1627307460,0
1627307520,0
1627307580,0
1627307640,0
1627307700,0
1627307760,0
1627307820,1
1627307880,0
1627307940,0
1627308000,0
1627308060,1
1627308120,0
1627308180,0
1627308240,0
1627308300,0
1627308360,1
1627308420,1
1627308480,0
1627308540,0
1627308600,0
1627308660,0
1627308720,0
1627308780,0
1627308840,1
1627308900,0
1627308960,0
1627309020,0
1627309080,0
1627309140,0
1627309200,1
1627309260,0
1627309320,0
1627309380,1
1627309440,0
1627309500,0
1627309560,0
1627309620,0
1627309680,1
1627309740,1
1627309800,0
1627309860,0
1627309920,1
1627309980,1
1627310040,1
1627310100,1
1627310160,0
1627310220,1
1627310280,1
1627310340,0
1627310400,0
1627310460,0
1627310520,0
1627310580,1
1627310640,0
1627310700,0
1627310760,1
1627310820,0
1627310880,0
1627310940,0
1627311000,0
1627311060,0
1627311120,0
1627311180,0
1627311240,0
1627311300,0
1627311360,1
1627311420,1
1627311480,0
1627311540,0
1627311600,0
1627311660,0
1627311720,0
1627311780,0
1627311840,0
1627311900,0
1627311960,0
1627312020,0
1627312080,0
1627312140,0
1627312200,0
1627312260,0
1627312320,1
1627312380,0
1627312440,0
1627312500,0
1627312560,0
1627312620,0
1627312680,0
1627312740,0
1627312800,1
1627312860,0
1627312920,1
1627312980,0
1627313040,0
1627313100,0
1627313160,0
1627313220,0
1627313280,0
1627313340,0
1627313400,1
1627313460,0
1627313520,1
1627313580,1
1627313640,0
1627313700,1
1627313760,0
1627313820,1
1627313880,1
1627313940,0
1627314000,0
1627314060,0
1627314120,0
1627314180,0
1627314240,0
1627314300,0
1627314360,1
1627314420,1
1627314480,0
1627314540,0
1627314600,1
1627314660,0
1627314720,0
1627314780,0
1627314840,0
1627314900,0
1627314960,0
1627315020,0
1627315080,0
1627315140,0
1627315200,1
1627315260,0
1627315320,1
1627315380,0
1627315440,0
1627315500,0
1627315560,1
1627315620,1
1627315680,0
1627315740,0
1627315800,0
1627315860,0
1627315920,0
1627315980,1
1627316040,0
1627316100,0
1627316160,0
1627316220,0
1627316280,0
1627316340,0
1627316400,0
1627316460,0
1627316520,1
1627316580,0
1627316640,1
1627316700,0
1627316760,0
1627316820,0
1627316880,0
1627316940,1
1627317000,1
1627317060,0
1627317120,1
1627317180,0
1627317240,0
1627317300,0
1627317360,1
1627317420,0
1627317480,1
1627317540,0
1627317600,0
1627317660,0
1627317720,0
1627317780,1
1627317840,0
1627317900,1
1627317960,0
1627318020,1
1627318080,0
1627318140,1
1627318200,0
1627318260,0
1627318320,0
1627318380,0
1627318440,0
1627318500,0
1627318560,0
1627318620,1
1627318680,0
1627318740,0
1627318800,0
1627318860,0
1627318920,0
1627318980,0
1627319040,0
1627319100,0
1627319160,0
1627319220,0
1627319280,0
1627319340,0
1627319400,0
1627319460,0
1627319520,0
1627319580,0
1627319640,0
1627319700,0
1627319760,0
1627319820,0
1627319880,0
1627319940,0
1627320000,0
1627320060,0
1627320120,1
1627320180,1
1627320240,0
1627320300,0
1627320360,0
1627320420,0
1627320480,0
1627320540,0
1627320600,0
1627320660,0
1627320720,0
1627320780,0
1627320840,0
1627320900,0
1627320960,0
1627321020,1
1627321080,0
1627321140,1
1627321200,0
1627321260,0
1627321320,0
1627321380,0
1627321440,1
1627321500,0
1627321560,0
1627321620,1
1627321680,0
1627321740,0
1627321800,0
1627321860,0
1627321920,1
1627321980,0
1627322040,0
1627322100,0
1627322160,0
1627322220,0
1627322280,0
1627322340,1
1627322400,0
1627322460,0
1627322520,1
1627322580,0
1627322640,0
1627322700,0
1627322760,0
1627322820,0
1627322880,0
1627322940,1
1627323000,0
1627323060,1
1627323120,0
1627323180,0
1627323240,0
1627323300,0
1627323360,0
1627323420,0
1627323480,0
1627323540,1
1627323600,0
1627323660,1
1627323720,1
1627323780,0
1627323840,0
1627323900,0
1627323960,0
1627324020,0
1627324080,0
1627324140,0
1627324200,0
1627324260,1
1627324320,0
1627324380,0
1627324440,0
1627324500,0
1627324560,0
1627324620,0
1627324680,0
1627324740,0
1627324800,0
1627324860,0
1627324920,1
1627324980,1
1627325040,0
1627325100,0
1627325160,0
1627325220,0
1627325280,0
1627325340,0
1627325400,1
1627325460,1
1627325520,1
1627325580,0
1627325640,0
1627325700,0
1627325760,1
1627325820,0
1627325880,0
1627325940,0
1627326000,0
1627326060,1
1627326120,0
1627326180,0
1627326240,0
1627326300,0
1627326360,0
1627326420,0
1627326480,0
1627326540,0
1627326600,1
1627326660,0
1627326720,0
1627326780,0
1627326840,0
1627326900,0
1627326960,0
1627327020,0
1627327080,0
1627327140,0
1627327200,0
1627327260,0
1627327320,1
1627327380,0
1627327440,0
1627327500,0
1627327560,0
1627327620,0
1627327680,0
1627327740,0
1627327800,0
1627327860,0
1627327920,1
1627327980,1
1627328040,0
1627328100,1
1627328160,0
1627328220,0
1627328280,0
1627328340,0
1627328400,1
1627328460,1
1627328520,1
1627328580,1
1627328640,1
1627328700,1
1627328760,1
1627328820,1
1627328880,1
1627328940,1
1627329000,1
1627329060,0
1627329120,0
1627329180,0
1627329240,0
1627329300,1
1627329360,1
1627329420,0
1627329480,0
1627329540,1
1627329600,1
1627329660,0
1627329720,0
1627329780,0
1627329840,0
1627329900,1
1627329960,0
1627330020,1
1627330080,1
1627330140,0
1627330200,0
1627330260,0
1627330320,0
1627330380,0
1627330440,0
1627330500,1
1627330560,0
1627330620,1
1627330680,0
1627330740,0
1627330800,0
1627330860,0
1627330920,0
1627330980,0
1627331040,0
1627331100,0
1627331160,0
1627331220,0
1627331280,0
1627331340,0
1627331400,0
1627331460,0
1627331520,0
1627331580,1
1627331640,0
1627331700,1
1627331760,0
1627331820,0
1627331880,0
1627331940,0
1627332000,0
1627332060,0
1627332120,0
1627332180,0
1627332240,0
1627332300,0
1627332360,1
1627332420,1
1627332480,0
1627332540,0
1627332600,0
1627332660,1
1627332720,1
1627332780,1
1627332840,0
1627332900,0
1627332960,0
1627333020,0
1627333080,0
1627333140,0
1627333200,0
1627333260,0
1627333320,0
1627333380,0
1627333440,0
1627333500,0
1627333560,0
1627333620,0
1627333680,0
1627333740,0
1627333800,0
1627333860,0
1627333920,0
1627333980,0
1627334040,0
1627334100,0
1627334160,1
1627334220,0
1627334280,0
1627334340,0
1627334400,1
1627334460,1
1627334520,0
1627334580,0
1627334640,0
1627334700,1
1627334760,1
1627334820,1
1627334880,1
1627334940,1
1627335000,1
1627335060,0
1627335120,0
1627335180,0
1627335240,0
1627335300,0
1627335360,1
1627335420,0
1627335480,0
1627335540,1
1627335600,0
1627335660,0
1627335720,0
1627335780,0
1627335840,1
1627335900,1
1627335960,1
1627336020,1
1627336080,1
1627336140,1
1627336200,1
1627336260,1
1627336320,1
1627336380,1
1627336440,1
1627336500,0
1627336560,0
1627336620,0
1627336680,0
1627336740,0
1627336800,0
1627336860,0
1627336920,0
1627336980,0
1627337040,0
1627337100,1
1627337160,0
1627337220,0
1627337280,0
1627337340,0
1627337400,0
1627337460,1
1627337520,0
1627337580,0
1627337640,0
1627337700,0
1627337760,1
1627337820,1
1627337880,1
1627337940,1
1627338000,0
1627338060,0
1627338120,0
1627338180,0
1627338240,0
1627338300,0
1627338360,0
1627338420,1
1627338480,0
1627338540,0
1627338600,0
1627338660,0
1627338720,0
1627338780,0
1627338840,0
1627338900,1
1627338960,1
1627339020,0
1627339080,0
1627339140,0
1627339200,1
1627339260,1
1627339320,1
1627339380,0
1627339440,0
1627339500,0
1627339560,1
1627339620,0
1627339680,0
1627339740,1
1627339800,1
1627339860,1
1627339920,0
1627339980,0
1627340040,1
1627340100,0
1627340160,0
1627340220,0
1627340280,0
1627340340,0
1627340400,0
1627340460,0
1627340520,0
1627340580,1
1627340640,0
1627340700,0
1627340760,0
1627340820,0
1627340880,0
1627340940,0
1627341000,0
1627341060,1
1627341120,0
1627341180,0
1627341240,0
1627341300,0
1627341360,0
1627341420,0
1627341480,0
1627341540,0
1627341600,1
1627341660,0
1627341720,0
1627341780,1
1627341840,0
1627341900,0
1627341960,0
1627342020,0
1627342080,0
1627342140,0
1627342200,1
1627342260,0
1627342320,0
1627342380,0
1627342440,0
1627342500,0
1627342560,0
1627342620,0
1627342680,1
1627342740,0
1627342800,0
1627342860,0
1627342920,0
1627342980,0
1627343040,0
1627343100,1
1627343160,0
1627343220,0
1627343280,0
1627343340,0
1627343400,0
1627343460,0
1627343520,1
1627343580,0
1627343640,0
1627343700,0
1627343760,0
1627343820,0
1627343880,1
1627343940,1
1627344000,0
1627344060,0
1627344120,0
1627344180,0
1627344240,0
1627344300,0
1627344360,1
1627344420,0
1627344480,1
1627344540,0
1627344600,0
1627344660,0
1627344720,0
1627344780,1
1627344840,1
1627344900,1
1627344960,1
1627345020,1
1627345080,1
1627345140,1
1627345200,1
1627345260,1
1627345320,1
1627345380,1
1627345440,0
1627345500,0
1627345560,0
1627345620,0
1627345680,0
1627345740,0
1627345800,1
1627345860,1
1627345920,0
1627345980,0
1627346040,1
1627346100,0
1627346160,1
1627346220,0
1627346280,0
1627346340,1
1627346400,1
1627346460,0
1627346520,0
1627346580,0
1627346640,1
1627346700,0
1627346760,0
1627346820,0
1627346880,1
1627346940,0
1627347000,0
1627347060,0
1627347120,0
1627347180,1
1627347240,0
1627347300,1
1627347360,0
1627347420,1
1627347480,0
1627347540,1
1627347600,0
1627347660,0
1627347720,0
1627347780,0
1627347840,0
1627347900,0
1627347960,0
1627348020,0
1627348080,0
1627348140,0
1627348200,1
1627348260,0
1627348320,0
1627348380,0
1627348440,0
1627348500,0
1627348560,0
1627348620,0
1627348680,0
1627348740,0
1627348800,0
1627348860,0
1627348920,0
1627348980,0
1627349040,0
1627349100,0
1627349160,0
1627349220,0
1627349280,0
1627349340,0
1627349400,0
1627349460,0
1627349520,0
1627349580,0
1627349640,0
1627349700,1
1627349760,0
1627349820,0
1627349880,0
1627349940,1
1627350000,0
1627350060,1
1627350120,0
1627350180,0
1627350240,1
1627350300,1
1627350360,1
1627350420,0
1627350480,0
1627350540,0
1627350600,0
1627350660,1
1627350720,1
1627350780,1
1627350840,1
1627350900,1
1627350960,0
1627351020,0
1627351080,0
1627351140,0
1627351200,0
1627351260,0
1627351320,0
1627351380,0
1627351440,0
1627351500,0
1627351560,0
1627351620,0
1627351680,0
1627351740,1
1627351800,0
1627351860,0
1627351920,0
1627351980,0
1627352040,0
1627352100,0
1627352160,0
1627352220,0
1627352280,0
1627352340,0
1627352400,0
1627352460,0
1627352520,1
1627352580,1
1627352640,0
1627352700,0
1627352760,0
1627352820,1
1627352880,1
1627352940,0
1627353000,1
1627353060,1
1627353120,0
1627353180,0
1627353240,0
1627353300,0
1627353360,1
1627353420,1
1627353480,0
1627353540,0
1627353600,0
1627353660,0
1627353720,0
1627353780,0
1627353840,0
1627353900,0
1627353960,0
1627354020,0
1627354080,0
1627354140,1
1627354200,0
1627354260,0
1627354320,0
1627354380,1
1627354440,0
1627354500,0
1627354560,1
1627354620,0
1627354680,1
1627354740,1
1627354800,0
1627354860,0
1627354920,0
1627354980,0
1627355040,0
1627355100,0
1627355160,0
1627355220,0
1627355280,0
1627355340,1
1627355400,0
1627355460,0
1627355520,1
1627355580,0
1627355640,0
1627355700,0
1627355760,1
1627355820,0
1627355880,0
1627355940,0
1627356000,0
1627356060,0
1627356120,0
1627356180,0
1627356240,0
1627356300,0
1627356360,0
1627356420,1
1627356480,0
1627356540,0
1627356600,1
1627356660,0
1627356720,1
1627356780,0
1627356840,0
1627356900,0
1627356960,0
1627357020,0
1627357080,1
1627357140,0
1627357200,0
1627357260,0
1627357320,0
1627357380,0
1627357440,0
1627357500,0
1627357560,0
1627357620,0
1627357680,0
1627357740,0
1627357800,0
1627357860,0
1627357920,0
1627357980,0
1627358040,0
1627358100,1
1627358160,0
1627358220,1
1627358280,0
1627358340,0
1627358400,1
1627358460,1
1627358520,1
1627358580,0
1627358640,1
1627358700,0
1627358760,0
1627358820,0
1627358880,0
1627358940,0
1627359000,0
1627359060,0
1627359120,0
1627359180,1
1627359240,1
1627359300,0
1627359360,0
1627359420,0
1627359480,1
1627359540,0
1627359600,1
1627359660,0
1627359720,0
1627359780,0
1627359840,0
1627359900,0
1627359960,0
1627360020,0
1627360080,0
1627360140,0
1627360200,1
1627360260,0
1627360320,0
1627360380,1
1627360440,0
1627360500,0
1627360560,1
1627360620,1
1627360680,0
1627360740,1
1627360800,1
1627360860,1
1627360920,1
1627360980,1
1627361040,0
1627361100,0
1627361160,0
1627361220,0
1627361280,0
1627361340,0
1627361400,0
1627361460,0
1627361520,0
1627361580,0
1627361640,0
1627361700,0
1627361760,0
1627361820,0
1627361880,1
1627361940,0
1627362000,1
1627362060,0
1627362120,0
1627362180,0
1627362240,0
1627362300,0
1627362360,0
1627362420,1
1627362480,1
1627362540,0
1627362600,0
1627362660,1
1627362720,0
1627362780,0
1627362840,0
1627362900,0
1627362960,1
1627363020,0
1627363080,0
1627363140,0
1627363200,1
1627363260,1
1627363320,0
1627363380,0
1627363440,0
1627363500,0
1627363560,0
1627363620,1
1627363680,0
1627363740,0
1627363800,0
1627363860,0
1627363920,0
1627363980,0
1627364040,0
1627364100,1
1627364160,0
1627364220,0
1627364280,0
1627364340,0
1627364400,0
1627364460,0
1627364520,0
1627364580,0
1627364640,0
1627364700,1
1627364760,0
1627364820,0
1627364880,0
1627364940,0
1627365000,0
1627365060,0
1627365120,0
1627365180,0
1627365240,0
1627365300,0
1627365360,0
1627365420,0
1627365480,0
1627365540,0
1627365600,0
1627365660,1
1627365720,1
1627365780,0
1627365840,0
1627365900,0
1627365960,1
1627366020,1
1627366080,0
1627366140,0
1627366200,0
1627366260,1
1627366320,1
1627366380,0
1627366440,0
1627366500,0
1627366560,0
1627366620,0
1627366680,0
1627366740,0
1627366800,0
1627366860,0
1627366920,0
1627366980,0
1627367040,0
1627367100,1
1627367160,0
1627367220,0
1627367280,1
1627367340,0
1627367400,0
1627367460,1
1627367520,0
1627367580,0
1627367640,0
1627367700,0
1627367760,0
1627367820,0
1627367880,1
1627367940,1
1627368000,0
1627368060,0
1627368120,1
1627368180,0
1627368240,0
1627368300,0
1627368360,0
1627368420,1
1627368480,0
1627368540,0
1627368600,0
1627368660,1
1627368720,0
1627368780,0
1627368840,0
1627368900,0
1627368960,0
1627369020,1
1627369080,0
1627369140,0
1627369200,0
1627369260,0
1627369320,0
1627369380,1
1627369440,1
1627369500,0
1627369560,1
1627369620,1
1627369680,0
1627369740,0
1627369800,0
1627369860,0
1627369920,0
1627369980,0
1627370040,0
1627370100,0
1627370160,0
1627370220,0
1627370280,0
1627370340,0
1627370400,1
1627370460,1
1627370520,0
1627370580,0
1627370640,0
1627370700,0
1627370760,1
1627370820,0
1627370880,0
1627370940,0
1627371000,0
1627371060,0
1627371120,0
1627371180,1
1627371240,0
1627371300,0
1627371360,0
1627371420,0
1627371480,0
1627371540,0
1627371600,0
1627371660,0
1627371720,1
1627371780,0
1627371840,1
1627371900,0
1627371960,0
1627372020,1
1627372080,0
1627372140,0
1627372200,0
1627372260,1
1627372320,1
1627372380,0
1627372440,0
1627372500,0
1627372560,1
1627372620,0
1627372680,1
1627372740,0
1627372800,1
1627372860,1
1627372920,0
1627372980,1
1627373040,0
1627373100,0
1627373160,0
1627373220,0
1627373280,0
1627373340,0
1627373400,0
1627373460,0
1627373520,0
1627373580,0
1627373640,1
1627373700,1
1627373760,1
1627373820,0
1627373880,0
1627373940,1
1627374000,0
1627374060,0
1627374120,0
1627374180,0
1627374240,0
1627374300,0
1627374360,0
1627374420,0
1627374480,0
1627374540,1
1627374600,1
1627374660,0
1627374720,0
1627374780,0
1627374840,0
1627374900,0
1627374960,0
1627375020,0
1627375080,1
1627375140,0
1627375200,0
1627375260,1
1627375320,0
1627375380,0
1627375440,0
1627375500,0
1627375560,0
1627375620,0
1627375680,0
1627375740,0
1627375800,0
1627375860,0
1627375920,0
1627375980,0
1627376040,0
1627376100,0
1627376160,0
1627376220,1
1627376280,1
1627376340,1
1627376400,0
1627376460,0
1627376520,0
1627376580,0
1627376640,0
1627376700,0
1627376760,1
1627376820,0
1627376880,0
1627376940,1
1627377000,1
1627377060,1
1627377120,0
1627377180,0
1627377240,0
1627377300,1
1627377360,0
1627377420,0
1627377480,0
1627377540,0
1627377600,0
1627377660,0
1627377720,0
1627377780,0
1627377840,0
1627377900,0
1627377960,1
1627378020,0
1627378080,0
1627378140,0
1627378200,0
1627378260,0
1627378320,0
1627378380,0
1627378440,1
1627378500,1
1627378560,1
1627378620,0
1627378680,0
1627378740,1
1627378800,0
1627378860,0
1627378920,0
1627378980,0
1627379040,0
1627379100,1
1627379160,0
1627379220,0
1627379280,0
1627379340,0
1627379400,0
1627379460,0
1627379520,0
1627379580,0
1627379640,0
1627379700,0
1627379760,1
1627379820,0
1627379880,0
1627379940,0
1627380000,0
1627380060,0
1627380120,0
1627380180,0
1627380240,0
1627380300,0
1627380360,0
1627380420,0
1627380480,0
1627380540,0
1627380600,0
1627380660,0
1627380720,1
1627380780,0
1627380840,0
1627380900,0
1627380960,1
1627381020,1
1627381080,0
1627381140,0
1627381200,0
1627381260,0
1627381320,0
1627381380,1
1627381440,0
1627381500,0
1627381560,0
1627381620,0
1627381680,0
1627381740,0
1627381800,0
1627381860,1
1627381920,0
1627381980,1
1627382040,1
1627382100,0
1627382160,0
1627382220,0
1627382280,0
1627382340,0
1627382400,1
1627382460,0
1627382520,0
1627382580,0
1627382640,0
1627382700,0
1627382760,0
1627382820,0
1627382880,0
1627382940,0
1627383000,0
1627383060,0
1627383120,0
1627383180,1
1627383240,1
1627383300,0
1627383360,0
1627383420,0
1627383480,0
1627383540,0
1627383600,0
1627383660,1
1627383720,0
1627383780,1
1627383840,0
1627383900,0
1627383960,0
1627384020,0
1627384080,0
1627384140,0
1627384200,1
1627384260,0
1627384320,0
1627384380,0
1627384440,0
1627384500,1
1627384560,1
1627384620,0
1627384680,0
1627384740,0
1627384800,1
1627384860,0
1627384920,0
1627384980,0
1627385040,0
1627385100,0
1627385160,0
1627385220,0
1627385280,0
1627385340,0
1627385400,0
1627385460,0
1627385520,0
1627385580,1
1627385640,0
1627385700,0
1627385760,0
1627385820,0
1627385880,1
1627385940,1
1627386000,0
1627386060,0
1627386120,0
1627386180,0
1627386240,0
1627386300,0
1627386360,0
1627386420,1
1627386480,0
1627386540,0
1627386600,0
1627386660,0
1627386720,0
1627386780,0
1627386840,0
1627386900,0
1627386960,0
1627387020,0
1627387080,0
1627387140,0
1627387200,1
1627387260,1
1627387320,0
1627387380,0
1627387440,0
1627387500,0
1627387560,1
1627387620,0
1627387680,0
1627387740,0
1627387800,0
1627387860,0
1627387920,0
1627387980,0
1627388040,1
1627388100,1
1627388160,1
1627388220,1
1627388280,1
1627388340,1
1627388400,0
1627388460,0
1627388520,0
1627388580,0
1627388640,0
1627388700,0
1627388760,0
1627388820,1
1627388880,0
1627388940,0
1627389000,0
1627389060,0
1627389120,0
1627389180,0
1627389240,0
1627389300,0
1627389360,1
1627389420,1
1627389480,0
1627389540,0
1627389600,0
1627389660,0
1627389720,0
1627389780,0
1627389840,0
1627389900,0
1627389960,1
1627390020,0
1627390080,1
1627390140,0
1627390200,0
1627390260,0
1627390320,0
1627390380,0
1627390440,1
1627390500,0
1627390560,0
1627390620,0
1627390680,0
1627390740,0
1627390800,1
1627390860,0
1627390920,0
1627390980,0
1627391040,0
1627391100,0
1627391160,0
1627391220,0
1627391280,0
1627391340,1
1627391400,0
1627391460,0
1627391520,0
1627391580,0
1627391640,0
1627391700,0
1627391760,0
1627391820,0
1627391880,0
1627391940,0
1627392000,0
1627392060,0
1627392120,0
1627392180,0
1627392240,1
1627392300,1
1627392360,1
1627392420,0
1627392480,0
1627392540,0
1627392600,0
1627392660,0
1627392720,0
1627392780,0
1627392840,1
1627392900,1
1627392960,0
1627393020,0
1627393080,0
1627393140,1
1627393200,0
1627393260,0
1627393320,1
1627393380,0
1627393440,0
1627393500,0
1627393560,0
1627393620,0
1627393680,0
1627393740,1
1627393800,0
1627393860,0
1627393920,0
1627393980,0
1627394040,0
1627394100,0
1627394160,0
1627394220,0
1627394280,0
1627394340,0
1627394400,0
1627394460,0
1627394520,0
1627394580,0
1627394640,0
1627394700,1
1627394760,0
1627394820,0
1627394880,0
1627394940,0
1627395000,0
1627395060,0
1627395120,0
1627395180,0
1627395240,0
1627395300,0
1627395360,0
1627395420,0
1627395480,0
1627395540,0
1627395600,0
1627395660,0
1627395720,1
1627395780,0
1627395840,0
1627395900,1
1627395960,1
1627396020,0
1627396080,0
1627396140,0
1627396200,0
1627396260,0
1627396320,1
1627396380,1
1627396440,0
1627396500,0
1627396560,0
1627396620,0
1627396680,1
1627396740,0
1627396800,1
1627396860,0
1627396920,1
1627396980,1
1627397040,0
1627397100,0
1627397160,0
1627397220,0
1627397280,0
1627397340,0
1627397400,0
1627397460,0
1627397520,1
1627397580,0
1627397640,0
1627397700,0
1627397760,0
1627397820,0
1627397880,0
1627397940,0
1627398000,1
1627398060,0
1627398120,0
1627398180,0
1627398240,1
1627398300,1
1627398360,0
1627398420,0
1627398480,1
1627398540,1
1627398600,0
1627398660,0
1627398720,0
1627398780,0
1627398840,0
1627398900,0
1627398960,0
1627399020,1
1627399080,0
1627399140,0
1627399200,0
1627399260,0
1627399320,1
1627399380,0
1627399440,0
1627399500,0
1627399560,1
1627399620,1
1627399680,0
1627399740,0
1627399800,0
1627399860,1
1627399920,0
1627399980,0
1627400040,0
1627400100,0
1627400160,0
1627400220,0
1627400280,0
1627400340,0
1627400400,0
1627400460,0
1627400520,0
1627400580,1
1627400640,0
1627400700,0
1627400760,0
1627400820,0
1627400880,1
1627400940,0
1627401000,1
1627401060,0
1627401120,0
1627401180,0
1627401240,0
1627401300,0
1627401360,0
1627401420,0
1627401480,0
1627401540,1
1627401600,0
1627401660,0
1627401720,0
1627401780,0
1627401840,0
1627401900,0
1627401960,0
1627402020,0
1627402080,0
1627402140,0
1627402200,0
1627402260,1
1627402320,0
1627402380,0
1627402440,0
1627402500,0
1627402560,0
1627402620,1
1627402680,0
1627402740,1
1627402800,1
1627402860,0
1627402920,0
1627402980,0
1627403040,1
1627403100,0
1627403160,0
1627403220,1
1627403280,0
1627403340,0
1627403400,1
1627403460,1
1627403520,0
1627403580,0
1627403640,0
1627403700,0
1627403760,0
1627403820,0
1627403880,0
1627403940,0
1627404000,0
1627404060,0
1627404120,1
1627404180,1
1627404240,0
1627404300,0
1627404360,0
1627404420,0
1627404480,0
1627404540,0
1627404600,0
1627404660,0
1627404720,0
1627404780,0
1627404840,0
1627404900,0
1627404960,0
1627405020,0
1627405080,0
1627405140,0
1627405200,0
1627405260,0
1627405320,0
1627405380,0
1627405440,0
1627405500,0
1627405560,1
1627405620,0
1627405680,0
1627405740,0
1627405800,1
1627405860,0
1627405920,0
1627405980,1
1627406040,0
1627406100,0
1627406160,1
1627406220,1
1627406280,1
1627406340,0
1627406400,0
1627406460,0
1627406520,0
1627406580,0
1627406640,1
1627406700,1
1627406760,1
1627406820,1
1627406880,1
1627406940,1
1627407000,1
1627407060,1
1627407120,1
1627407180,1
1627407240,1
1627407300,0
1627407360,0
1627407420,0
1627407480,0
1627407540,1
1627407600,0
1627407660,0
1627407720,0
1627407780,1
1627407840,1
1627407900,0
1627407960,0
1627408020,0
1627408080,0
1627408140,0
1627408200,0
1627408260,0
1627408320,1
1627408380,0
1627408440,1
1627408500,0
1627408560,0
1627408620,0
1627408680,0
1627408740,1
1627408800,0
1627408860,0
1627408920,1
1627408980,0
1627409040,0
1627409100,0
1627409160,0
1627409220,0
1627409280,1
1627409340,0
1627409400,0
1627409460,0
1627409520,0
1627409580,0
1627409640,0
1627409700,1
1627409760,0
1627409820,0
1627409880,0
1627409940,0
1627410000,0
1627410060,0
1627410120,0
1627410180,0
1627410240,1
1627410300,0
1627410360,1
1627410420,1
1627410480,0
1627410540,0
1627410600,0
1627410660,1
1627410720,1
1627410780,1
1627410840,1
1627410900,0
1627410960,0
1627411020,0
1627411080,0
1627411140,1
1627411200,1
1627411260,0
1627411320,0
1627411380,0
1627411440,0
1627411500,0
1627411560,1
1627411620,0
1627411680,0
1627411740,0
1627411800,0
1627411860,1
1627411920,1
1627411980,0
1627412040,0
1627412100,0
1627412160,0
1627412220,0
1627412280,0
1627412340,0
1627412400,0
1627412460,0
1627412520,1
1627412580,0
1627412640,0
1627412700,0
1627412760,0
1627412820,0
1627412880,0
1627412940,0
1627413000,0
1627413060,0
1627413120,0
1627413180,0
1627413240,0
1627413300,0
1627413360,0
1627413420,0
1627413480,0
1627413540,0
1627413600,0
1627413660,0
1627413720,0
1627413780,0
1627413840,0
1627413900,0
1627413960,0
1627414020,0
1627414080,0
1627414140,0
1627414200,0
1627414260,0
1627414320,0
1627414380,0
1627414440,1
1627414500,0
1627414560,1
1627414620,1
1627414680,0
1627414740,0
1627414800,0
1627414860,0
1627414920,0
1627414980,0
1627415040,0
1627415100,0
1627415160,0
1627415220,0
1627415280,0
1627415340,0
1627415400,0
1627415460,0
1627415520,0
1627415580,0
1627415640,0
1627415700,1
1627415760,0
1627415820,0
1627415880,0
1627415940,0
1627416000,0
1627416060,1
1627416120,1
1627416180,0
1627416240,0
1627416300,0
1627416360,0
1627416420,0
1627416480,0
1627416540,0
1627416600,0
1627416660,0
1627416720,0
1627416780,0
1627416840,0
1627416900,0
1627416960,0
1627417020,1
1627417080,0
1627417140,0
1627417200,0
1627417260,0
1627417320,0
1627417380,0
1627417440,0
1627417500,0
1627417560,0
1627417620,0
1627417680,1
1627417740,0
1627417800,0
1627417860,0
1627417920,1
1627417980,0
1627418040,0
1627418100,0
1627418160,0
1627418220,0
1627418280,0
1627418340,0
1627418400,0
1627418460,0
1627418520,0
1627418580,0
1627418640,0
1627418700,0
1627418760,0
1627418820,0
1627418880,0
1627418940,0
1627419000,0
1627419060,0
1627419120,0
1627419180,0
1627419240,0
1627419300,0
1627419360,0
1627419420,0
1627419480,1
1627419540,0
1627419600,0
1627419660,0
1627419720,0
1627419780,0
1627419840,0
1627419900,0
1627419960,0
1627420020,0
1627420080,0
1627420140,0
1627420200,0
1627420260,0
1627420320,0
1627420380,1
1627420440,0
1627420500,1
1627420560,0
1627420620,0
1627420680,0
1627420740,1
1627420800,0
1627420860,0
1627420920,0
1627420980,0
1627421040,0
1627421100,0
1627421160,0
1627421220,0
1627421280,0
1627421340,0
1627421400,0
1627421460,1
1627421520,0
1627421580,0
1627421640,1
1627421700,1
1627421760,0
1627421820,0
1627421880,1
1627421940,0
1627422000,0
1627422060,1
1627422120,0
1627422180,0
1627422240,0
1627422300,0
1627422360,0
1627422420,0
1627422480,0
1627422540,0
1627422600,0
1627422660,0
1627422720,1
1627422780,0
1627422840,0
1627422900,0
1627422960,1
1627423020,1
1627423080,0
1627423140,1
1627423200,0
1627423260,0
1627423320,0
1627423380,1
1627423440,1
1627423500,0
1627423560,0
1627423620,1
1627423680,0
1627423740,0
1627423800,1
1627423860,0
1627423920,0
1627423980,1
1627424040,0
1627424100,0
1627424160,0
1627424220,0
1627424280,0
1627424340,0
1627424400,0
1627424460,0
1627424520,0
1627424580,0
1627424640,0
1627424700,0
1627424760,0
1627424820,0
1627424880,0
1627424940,0
1627425000,1
1627425060,1
1627425120,0
1627425180,0
1627425240,1
1627425300,0
1627425360,1
1627425420,1
1627425480,0
1627425540,0
1627425600,1
1627425660,1
1627425720,1
1627425780,0
1627425840,0
1627425900,0
1627425960,0
1627426020,0
1627426080,0
1627426140,0
1627426200,0
1627426260,0
1627426320,0
1627426380,0
1627426440,0
1627426500,1
1627426560,0
1627426620,0
1627426680,0
1627426740,0
1627426800,0
1627426860,0
1627426920,0
1627426980,0
1627427040,0
1627427100,0
1627427160,0
1627427220,0
1627427280,0
1627427340,1
1627427400,0
1627427460,1
1627427520,1
1627427580,0
1627427640,0
1627427700,0
1627427760,1
1627427820,1
1627427880,0
1627427940,0
1627428000,0
1627428060,0
1627428120,0
1627428180,0
1627428240,0
1627428300,0
1627428360,0
1627428420,0
1627428480,0
1627428540,1
1627428600,0
1627428660,0
1627428720,0
1627428780,1
1627428840,0
1627428900,0
1627428960,0
1627429020,0
1627429080,0
1627429140,0
1627429200,0
1627429260,0
1627429320,0
1627429380,1
1627429440,0
1627429500,0
1627429560,0
1627429620,0
1627429680,1
1627429740,0
1627429800,0
1627429860,0
1627429920,0
1627429980,1
1627430040,1
1627430100,1
1627430160,1
1627430220,1
1627430280,0
1627430340,0
1627430400,1
1627430460,0
1627430520,0
1627430580,0
1627430640,0
1627430700,0
1627430760,0
1627430820,0
1627430880,1
1627430940,0
1627431000,0
1627431060,0
1627431120,0
1627431180,0
1627431240,0
1627431300,0
1627431360,1
1627431420,1
1627431480,0
1627431540,0
1627431600,0
1627431660,0
1627431720,1
1627431780,0
1627431840,0
1627431900,0
1627431960,1
1627432020,1
1627432080,1
1627432140,0
1627432200,0
1627432260,0
1627432320,1
1627432380,0
1627432440,1
1627432500,0
1627432560,1
1627432620,1
1627432680,0
1627432740,0
1627432800,0
1627432860,0
1627432920,0
1627432980,0
1627433040,0
1627433100,0
1627433160,0
1627433220,0
1627433280,1
1627433340,0
1627433400,0
1627433460,0
1627433520,0
1627433580,0
1627433640,0
1627433700,0
1627433760,1
1627433820,1
1627433880,0
1627433940,0
1627434000,0
1627434060,0
1627434120,0
1627434180,0
1627434240,0
1627434300,0
1627434360,0
1627434420,0
1627434480,1
1627434540,1
1627434600,0
1627434660,0
1627434720,1
1627434780,0
1627434840,0
1627434900,0
1627434960,0
1627435020,1
1627435080,1
1627435140,1
1627435200,0
1627435260,0
1627435320,0
1627435380,0
1627435440,0
1627435500,0
1627435560,1
1627435620,0
1627435680,1
1627435740,0
1627435800,0
1627435860,1
1627435920,0
1627435980,0
1627436040,1
1627436100,0
1627436160,1
1627436220,0
1627436280,0
1627436340,0
1627436400,0
1627436460,0
1627436520,0
1627436580,0
1627436640,0
1627436700,0
1627436760,1
1627436820,1
1627436880,0
1627436940,0
1627437000,0
1627437060,0
1627437120,0
1627437180,0
1627437240,0
1627437300,0
1627437360,0
1627437420,0
1627437480,0
1627437540,0
1627437600,0
1627437660,0
1627437720,1
1627437780,0
1627437840,0
1627437900,0
1627437960,0
1627438020,0
1627438080,0
1627438140,0
1627438200,0
1627438260,0
1627438320,0
1627438380,0
1627438440,0
1627438500,0
1627438560,0
1627438620,0
1627438680,0
1627438740,1
1627438800,0
1627438860,0
1627438920,0
1627438980,1
1627439040,1
1627439100,1
1627439160,0
1627439220,0
1627439280,0
1627439340,0
1627439400,0
1627439460,0
1627439520,0
1627439580,0
1627439640,0
1627439700,0
1627439760,0
1627439820,1
1627439880,0
1627439940,0
1627440000,0
1627440060,0
1627440120,1
1627440180,1
1627440240,0
1627440300,0
1627440360,0
1627440420,0
1627440480,0
1627440540,0
1627440600,0
1627440660,0
1627440720,1
1627440780,1
1627440840,0
1627440900,1
1627440960,0
1627441020,0
1627441080,1
1627441140,0
1627441200,0
1627441260,0
1627441320,0
1627441380,0
1627441440,0
1627441500,0
1627441560,0
1627441620,1
1627441680,0
1627441740,0
1627441800,0
1627441860,0
1627441920,1
1627441980,1
1627442040,0
1627442100,0
1627442160,0
1627442220,0
1627442280,0
1627442340,0
1627442400,1
1627442460,0
1627442520,1
1627442580,1
1627442640,1
1627442700,1
1627442760,1
1627442820,1
1627442880,1
1627442940,1
1627443000,1
1627443060,1
1627443120,1
1627443180,0
1627443240,0
1627443300,0
1627443360,1
1627443420,0
1627443480,0
1627443540,1
1627443600,1
1627443660,0
1627443720,0
1627443780,0
1627443840,0
1627443900,0
1627443960,0
1627444020,0
1627444080,1
1627444140,1
1627444200,0
1627444260,1
1627444320,0
1627444380,1
1627444440,0
1627444500,0
1627444560,0
1627444620,0
1627444680,0
1627444740,0
1627444800,1
1627444860,0
1627444920,0
1627444980,0
1627445040,1
1627445100,0
1627445160,0
1627445220,1
1627445280,1
1627445340,0
1627445400,0
1627445460,1
1627445520,0
1627445580,0
1627445640,0
1627445700,0
1627445760,0
1627445820,1
1627445880,0
1627445940,0
1627446000,0
1627446060,0
1627446120,1
1627446180,0
1627446240,1
1627446300,0
1627446360,0
1627446420,0
1627446480,0
1627446540,0
1627446600,0
1627446660,0
1627446720,0
1627446780,1
1627446840,1
1627446900,0
1627446960,0
1627447020,0
1627447080,0
1627447140,0
1627447200,0
1627447260,0
1627447320,0
1627447380,1
1627447440,0
1627447500,0
1627447560,0
1627447620,0
1627447680,0
1627447740,0
1627447800,0
1627447860,0
1627447920,0
1627447980,0
1627448040,0
1627448100,0
1627448160,0
1627448220,0
1627448280,0
1627448340,0
1627448400,0
1627448460,0
1627448520,1
1627448580,0
1627448640,0
1627448700,0
1627448760,0
1627448820,0
1627448880,0
1627448940,0
1627449000,0
1627449060,0
1627449120,1
1627449180,1
1627449240,1
1627449300,1
1627449360,1
1627449420,1
1627449480,0
1627449540,0
1627449600,0
1627449660,0
1627449720,0
1627449780,0
1627449840,0
1627449900,0
1627449960,0
1627450020,0
1627450080,0
1627450140,0
1627450200,0
1627450260,1
1627450320,0
1627450380,0
1627450440,0
1627450500,0
1627450560,0
1627450620,1
1627450680,0
1627450740,0
1627450800,0
1627450860,0
1627450920,0
1627450980,0
1627451040,0
1627451100,0
1627451160,0
1627451220,0
1627451280,0
1627451340,0
1627451400,0
1627451460,0
1627451520,1
1627451580,0
1627451640,1
1627451700,0
1627451760,0
1627451820,0
1627451880,1
1627451940,1
1627452000,0
1627452060,0
1627452120,0
1627452180,0
1627452240,0
1627452300,1
1627452360,0
1627452420,0
1627452480,0
1627452540,0
1627452600,0
1627452660,0
1627452720,0
1627452780,1
1627452840,0
1627452900,0
1627452960,0
1627453020,0
1627453080,0
1627453140,0
1627453200,0
1627453260,1
1627453320,0
1627453380,1
1627453440,0
1627453500,1
1627453560,1
1627453620,0
1627453680,0
1627453740,0
1627453800,0
1627453860,0
1627453920,0
1627453980,0
1627454040,0
1627454100,0
1627454160,0
1627454220,0
1627454280,0
1627454340,0
1627454400,0
1627454460,1
1627454520,0
1627454580,0
1627454640,0
1627454700,0
1627454760,0
1627454820,0
1627454880,1
1627454940,1
1627455000,0
1627455060,0
1627455120,0
1627455180,1
1627455240,0
1627455300,0
1627455360,1
1627455420,1
1627455480,1
1627455540,1
1627455600,0
1627455660,1
1627455720,0
1627455780,0
1627455840,0
1627455900,0
1627455960,0
1627456020,0
1627456080,0
1627456140,0
1627456200,0
1627456260,1
1627456320,0
1627456380,0
1627456440,0
1627456500,0
1627456560,0
1627456620,0
1627456680,0
1627456740,0
1627456800,1
1627456860,0
1627456920,0
1627456980,1
1627457040,1
1627457100,0
1627457160,0
1627457220,0
1627457280,1
1627457340,1
1627457400,0
1627457460,1
1627457520,0
1627457580,0
1627457640,1
1627457700,0
1627457760,1
1627457820,0
1627457880,0
1627457940,1
1627458000,0
1627458060,0
1627458120,0
1627458180,0
1627458240,1
1627458300,0
1627458360,0
1627458420,1
1627458480,1
1627458540,0
1627458600,0
1627458660,0
1627458720,0
1627458780,0
1627458840,0
1627458900,0
1627458960,1
1627459020,1
1627459080,0
1627459140,0
1627459200,0
1627459260,0
1627459320,0
1627459380,0
1627459440,0
1627459500,0
1627459560,0
1627459620,0
1627459680,1
1627459740,0
1627459800,1
1627459860,0
1627459920,0
1627459980,0
1627460040,0
1627460100,1
1627460160,1
1627460220,0
1627460280,0
1627460340,1
1627460400,0
1627460460,0
1627460520,0
1627460580,0
1627460640,0
1627460700,0
1627460760,0
1627460820,0
1627460880,0
1627460940,0
1627461000,0
1627461060,0
1627461120,0
1627461180,0
1627461240,0
1627461300,0
1627461360,1
1627461420,0
1627461480,1
1627461540,1
1627461600,1
1627461660,0
1627461720,0
1627461780,0
1627461840,0
1627461900,0
1627461960,0
1627462020,0
1627462080,0
1627462140,0
1627462200,0
1627462260,0
1627462320,0
1627462380,1
1627462440,0
1627462500,0
1627462560,0
1627462620,0
1627462680,0
1627462740,0
1627462800,0
1627462860,0
1627462920,1
1627462980,0
1627463040,1
1627463100,0
1627463160,0
1627463220,0
1627463280,1
1627463340,0
1627463400,0
1627463460,1
1627463520,0
1627463580,0
1627463640,0
1627463700,0
1627463760,1
1627463820,0
1627463880,0
1627463940,0
1627464000,0
1627464060,0
1627464120,0
1627464180,0
1627464240,0
1627464300,0
1627464360,0
1627464420,0
1627464480,0
1627464540,0
1627464600,1
1627464660,1
1627464720,0
1627464780,0
1627464840,0
1627464900,0
1627464960,0
1627465020,0
1627465080,1
1627465140,1
1627465200,1
1627465260,1
1627465320,0
1627465380,0
1627465440,0
1627465500,0
1627465560,0
1627465620,0
1627465680,0
1627465740,1
1627465800,0
1627465860,1
1627465920,1
1627465980,1
1627466040,0
1627466100,0
1627466160,0
1627466220,0
1627466280,1
1627466340,0
1627466400,0
1627466460,1
1627466520,0
1627466580,0
1627466640,0
1627466700,1
1627466760,0
1627466820,0
1627466880,0
1627466940,1
1627467000,1
1627467060,1
1627467120,1
1627467180,0
1627467240,0
1627467300,1
1627467360,0
1627467420,1
1627467480,1
1627467540,0
1627467600,0
1627467660,1
1627467720,0
1627467780,1
1627467840,0
1627467900,0
1627467960,0
1627468020,1
1627468080,1
1627468140,0
1627468200,0
1627468260,0
1627468320,0
1627468380,0
1627468440,0
1627468500,0
1627468560,0
1627468620,0
1627468680,0
1627468740,1
1627468800,0
1627468860,1
1627468920,0
1627468980,0
1627469040,0
1627469100,0
1627469160,1
1627469220,0
1627469280,1
1627469340,0
1627469400,0
1627469460,1
1627469520,0
1627469580,0
1627469640,0
1627469700,0
1627469760,1
1627469820,0
1627469880,0
1627469940,1
1627470000,1
1627470060,0
1627470120,0
1627470180,1
1627470240,0
1627470300,0
1627470360,0
1627470420,1
1627470480,0
1627470540,0
1627470600,0
1627470660,0
1627470720,0
1627470780,0
1627470840,1
1627470900,1
1627470960,0
1627471020,0
1627471080,0
1627471140,0
1627471200,0
1627471260,0
1627471320,1
1627471380,0
1627471440,0
1627471500,0
1627471560,0
1627471620,0
1627471680,0
1627471740,0
1627471800,0
1627471860,0
1627471920,0
1627471980,0
1627472040,0
1627472100,0
1627472160,0
1627472220,1
1627472280,0
1627472340,0
1627472400,0
1627472460,0
1627472520,0
1627472580,0
1627472640,0
1627472700,1
1627472760,0
1627472820,0
1627472880,0
1627472940,1
1627473000,1
1627473060,0
1627473120,0
1627473180,0
1627473240,0
1627473300,0
1627473360,0
1627473420,0
1627473480,0
1627473540,0
1627473600,0
1627473660,0
1627473720,0
1627473780,0
1627473840,0
1627473900,0
1627473960,0
1627474020,0
1627474080,0
1627474140,0
1627474200,0
1627474260,0
1627474320,0
1627474380,0
1627474440,1
1627474500,0
1627474560,1
1627474620,0
1627474680,0
1627474740,0
1627474800,0
1627474860,1
1627474920,1
1627474980,0
1627475040,0
1627475100,0
1627475160,0
1627475220,0
1627475280,0
1627475340,0
1627475400,0
1627475460,1
1627475520,0
1627475580,0
1627475640,0
1627475700,0
1627475760,0
1627475820,0
1627475880,0
1627475940,0
1627476000,0
1627476060,0
1627476120,0
1627476180,0
1627476240,0
1627476300,0
1627476360,0
1627476420,0
1627476480,0
1627476540,0
1627476600,0
1627476660,1
1627476720,1
1627476780,0
1627476840,0
1627476900,0
1627476960,0
1627477020,0
1627477080,0
1627477140,0
1627477200,1
1627477260,1
1627477320,1
1627477380,0
1627477440,0
1627477500,0
1627477560,0
1627477620,0
1627477680,0
1627477740,0
1627477800,0
1627477860,1
1627477920,0
1627477980,0
1627478040,0
1627478100,0
1627478160,0
1627478220,0
1627478280,0
1627478340,1
1627478400,1
1627478460,1
1627478520,0
1627478580,0
1627478640,0
1627478700,0
1627478760,0
1627478820,1
1627478880,0
1627478940,1
1627479000,0
1627479060,0
1627479120,1
1627479180,0
1627479240,0
1627479300,0
1627479360,0
1627479420,1
1627479480,0
1627479540,0
1627479600,0
1627479660,0
1627479720,0
1627479780,0
1627479840,0
1627479900,1
1627479960,0
1627480020,0
1627480080,0
1627480140,0
1627480200,0
1627480260,0
1627480320,0
1627480380,0
1627480440,1
1627480500,0
1627480560,0
1627480620,0
1627480680,1
1627480740,0
1627480800,0
1627480860,0
1627480920,0
1627480980,1
1627481040,0
1627481100,0
1627481160,0
1627481220,0
1627481280,1
1627481340,0
1627481400,0
1627481460,1
1627481520,0
1627481580,0
1627481640,0
1627481700,0
1627481760,0
1627481820,0
1627481880,0
1627481940,0
1627482000,0
1627482060,0
1627482120,0
1627482180,1
1627482240,1
1627482300,0
1627482360,0
1627482420,0
1627482480,1
1627482540,0
1627482600,0
1627482660,0
1627482720,0
1627482780,0
1627482840,0
1627482900,1
1627482960,0
1627483020,1
1627483080,0
1627483140,0
1627483200,1
1627483260,0
1627483320,0
1627483380,0
1627483440,0
1627483500,0
1627483560,0
1627483620,0
1627483680,0
1627483740,0
1627483800,0
1627483860,0
1627483920,0
1627483980,0
1627484040,0
1627484100,0
1627484160,1
1627484220,0
1627484280,1
1627484340,0
1627484400,0
1627484460,0
1627484520,0
1627484580,0
1627484640,0
1627484700,0
1627484760,0
1627484820,0
1627484880,0
1627484940,1
1627485000,1
1627485060,1
1627485120,1
1627485180,1
1627485240,1
1627485300,1
1627485360,1
1627485420,1
1627485480,1
1627485540,1
1627485600,0
1627485660,0
1627485720,0
1627485780,0
1627485840,0
1627485900,0
1627485960,0
1627486020,0
1627486080,0
1627486140,0
1627486200,0
1627486260,0
1627486320,0
1627486380,0
1627486440,0
1627486500,0
1627486560,0
1627486620,0
1627486680,0
1627486740,1
1627486800,1
1627486860,0
1627486920,0
1627486980,0
1627487040,0
1627487100,0
1627487160,0
1627487220,0
1627487280,0
1627487340,1
1627487400,0
1627487460,0
1627487520,0
1627487580,1
1627487640,1
1627487700,1
1627487760,1
1627487820,0
1627487880,0
1627487940,1
1627488000,0
1627488060,1
1627488120,1
1627488180,0
1627488240,0
1627488300,0
1627488360,0
1627488420,0
1627488480,0
1627488540,1
1627488600,0
1627488660,0
1627488720,0
1627488780,1
1627488840,1
1627488900,0
1627488960,0
1627489020,0
1627489080,1
1627489140,0
1627489200,0
1627489260,0
1627489320,0
1627489380,0
1627489440,1
1627489500,0
1627489560,0
1627489620,0
1627489680,1
1627489740,0
1627489800,0
1627489860,1
1627489920,0
1627489980,0
1627490040,0
1627490100,1
1627490160,0
1627490220,0
1627490280,0
1627490340,0
1627490400,0
1627490460,0
1627490520,1
1627490580,0
1627490640,1
1627490700,0
1627490760,0
1627490820,0
1627490880,0
1627490940,1
1627491000,0
1627491060,0
1627491120,1
1627491180,1
1627491240,0
1627491300,0
1627491360,0
1627491420,0
1627491480,0
1627491540,0
1627491600,0
1627491660,0
1627491720,0
1627491780,0
1627491840,0
1627491900,0
1627491960,1
1627492020,0
1627492080,0
1627492140,0
1627492200,0
1627492260,0
1627492320,0
1627492380,0
1627492440,0
1627492500,0
1627492560,0
1627492620,1
1627492680,1
1627492740,0
1627492800,0
1627492860,0
1627492920,1
1627492980,0
1627493040,0
1627493100,0
1627493160,0
1627493220,0
1627493280,0
1627493340,0
1627493400,1
1627493460,1
1627493520,0
1627493580,1
1627493640,1
1627493700,0
1627493760,1
1627493820,0
1627493880,0
1627493940,1
1627494000,0
1627494060,0
1627494120,0
1627494180,0
1627494240,0
1627494300,0
1627494360,0
1627494420,0
1627494480,0
1627494540,1
1627494600,0
1627494660,0
1627494720,0
1627494780,0
1627494840,1
1627494900,0
1627494960,1
1627495020,0
1627495080,1
1627495140,1
1627495200,0
1627495260,0
1627495320,0
1627495380,1
1627495440,1
1627495500,0
1627495560,0
1627495620,0
1627495680,0
1627495740,0
1627495800,0
1627495860,0
1627495920,0
1627495980,0
1627496040,1
1627496100,0
1627496160,0
1627496220,1
1627496280,0
1627496340,0
1627496400,1
1627496460,0
1627496520,0
1627496580,0
1627496640,0
1627496700,0
1627496760,0
1627496820,0
1627496880,0
1627496940,0
1627497000,0
1627497060,0
1627497120,0
1627497180,0
1627497240,0
1627497300,0
1627497360,0
1627497420,0
1627497480,1
1627497540,0
1627497600,0
1627497660,0
1627497720,0
1627497780,0
1627497840,0
1627497900,0
1627497960,0
1627498020,0
1627498080,1
1627498140,0
1627498200,0
1627498260,1
1627498320,1
1627498380,0
1627498440,0
1627498500,1
1627498560,0
1627498620,0
1627498680,0
1627498740,1
1627498800,0
1627498860,0
1627498920,0
1627498980,1
1627499040,0
1627499100,0
1627499160,0
1627499220,0
1627499280,0
1627499340,0
1627499400,0
1627499460,1
1627499520,0
1627499580,0
1627499640,0
1627499700,0
1627499760,0
1627499820,0
1627499880,0
1627499940,0
1627500000,0
1627500060,0
1627500120,0
1627500180,0
1627500240,0
1627500300,1
1627500360,1
1627500420,0
1627500480,0
1627500540,0
1627500600,0
1627500660,0
1627500720,0
1627500780,0
1627500840,0
1627500900,1
1627500960,0
1627501020,0
1627501080,0
1627501140,0
1627501200,0
1627501260,0
1627501320,1
1627501380,0
1627501440,1
1627501500,1
1627501560,0
1627501620,1
1627501680,0
1627501740,1
1627501800,1
1627501860,0
1627501920,1
1627501980,0
1627502040,0
1627502100,1
1627502160,1
1627502220,0
1627502280,0
1627502340,0
1627502400,0
1627502460,0
1627502520,0
1627502580,0
1627502640,1
1627502700,0
1627502760,0
1627502820,0
1627502880,0
1627502940,0
1627503000,0
1627503060,0
1627503120,0
1627503180,1
1627503240,0
1627503300,0
1627503360,1
1627503420,1
1627503480,0
1627503540,1
1627503600,1
1627503660,0
1627503720,0
1627503780,0
1627503840,1
1627503900,0
1627503960,0
1627504020,0
1627504080,0
1627504140,0
1627504200,0
1627504260,0
1627504320,0
1627504380,0
1627504440,0
1627504500,0
1627504560,1
1627504620,1
1627504680,0
1627504740,1
1627504800,0
1627504860,0
1627504920,0
1627504980,0
1627505040,0
1627505100,0
1627505160,0
1627505220,1
1627505280,0
1627505340,0
1627505400,0
1627505460,0
1627505520,0
1627505580,0
1627505640,0
1627505700,0
1627505760,0
1627505820,0
1627505880,0
1627505940,0
1627506000,0
1627506060,0
1627506120,0
1627506180,0
1627506240,0
1627506300,0
1627506360,1
1627506420,1
1627506480,0
1627506540,0
1627506600,0
1627506660,0
1627506720,0
1627506780,0
1627506840,0
1627506900,0
1627506960,0
1627507020,1
1627507080,0
1627507140,0
1627507200,0
1627507260,1
1627507320,0
1627507380,0
1627507440,1
1627507500,0
1627507560,0
1627507620,1
1627507680,0
1627507740,0
1627507800,0
1627507860,1
1627507920,0
1627507980,0
1627508040,0
1627508100,0
1627508160,0
1627508220,1
1627508280,1
1627508340,1
1627508400,0
1627508460,1
1627508520,0
1627508580,0
1627508640,1
1627508700,0
1627508760,1
1627508820,1
1627508880,0
1627508940,0
1627509000,0
1627509060,0
1627509120,0
1627509180,0
1627509240,0
1627509300,1
1627509360,0
1627509420,0
1627509480,0
1627509540,0
1627509600,1
1627509660,1
1627509720,0
1627509780,1
1627509840,0
1627509900,0
1627509960,0
1627510020,0
1627510080,0
1627510140,0
1627510200,0
1627510260,0
1627510320,0
1627510380,0
1627510440,0
1627510500,0
1627510560,0
1627510620,0
1627510680,0
1627510740,0
1627510800,0
1627510860,0
1627510920,1
1627510980,1
1627511040,1
1627511100,0
1627511160,1
1627511220,0
1627511280,0
1627511340,0
1627511400,0
1627511460,0
1627511520,0
1627511580,0
1627511640,0
1627511700,0
1627511760,0
1627511820,0
1627511880,0
1627511940,0
1627512000,0
1627512060,0
1627512120,0
1627512180,0
1627512240,0
1627512300,0
1627512360,0
1627512420,0
1627512480,0
1627512540,0
1627512600,0
1627512660,1
1627512720,0
1627512780,0
1627512840,0
1627512900,0
1627512960,0
1627513020,0
1627513080,0
1627513140,0
1627513200,0
1627513260,0
1627513320,0
1627513380,0
1627513440,0
1627513500,0
1627513560,0
1627513620,0
1627513680,0
1627513740,0
1627513800,0
1627513860,0
1627513920,1
1627513980,0
1627514040,0
1627514100,0
1627514160,0
1627514220,0
1627514280,0
1627514340,1
1627514400,0
1627514460,0
1627514520,0
1627514580,1
1627514640,1
1627514700,0
1627514760,0
1627514820,0
1627514880,1
1627514940,1
1627515000,0
1627515060,0
1627515120,0
1627515180,0
1627515240,1
1627515300,1
1627515360,1
1627515420,1
1627515480,0
1627515540,0
1627515600,0
1627515660,0
1627515720,0
1627515780,0
1627515840,0
1627515900,0
1627515960,1
1627516020,0
1627516080,0
1627516140,1
1627516200,0
1627516260,0
1627516320,1
1627516380,1
1627516440,1
1627516500,0
1627516560,1
1627516620,0
1627516680,0
1627516740,0
1627516800,0
1627516860,0
1627516920,0
1627516980,0
1627517040,1
1627517100,0
1627517160,0
1627517220,1
1627517280,0
1627517340,0
1627517400,0
1627517460,0
1627517520,0
1627517580,0
1627517640,0
1627517700,0
1627517760,0
1627517820,0
1627517880,1
1627517940,0
1627518000,0
1627518060,1
1627518120,1
1627518180,0
1627518240,0
1627518300,1
1627518360,1
1627518420,0
1627518480,0
1627518540,0
1627518600,0
1627518660,0
1627518720,1
1627518780,0
1627518840,0
1627518900,0
1627518960,0
1627519020,0
1627519080,0
1627519140,0
1627519200,0
1627519260,0
1627519320,0
1627519380,1
1627519440,0
1627519500,0
1627519560,0
1627519620,0
1627519680,0
1627519740,0
1627519800,0
1627519860,1
1627519920,0
1627519980,0
1627520040,0
1627520100,1
1627520160,0
1627520220,0
1627520280,0
1627520340,1
1627520400,0
1627520460,0
1627520520,0
1627520580,0
1627520640,0
1627520700,0
1627520760,0
1627520820,0
1627520880,1
1627520940,0
1627521000,0
1627521060,0
1627521120,0
1627521180,1
1627521240,1
1627521300,0
1627521360,0
1627521420,0
1627521480,0
1627521540,0
1627521600,0
1627521660,0
1627521720,0
1627521780,0
1627521840,0
1627521900,0
1627521960,0
1627522020,1
1627522080,0
1627522140,0
1627522200,0
1627522260,0
1627522320,0
1627522380,0
1627522440,0
1627522500,0
1627522560,0
1627522620,1
1627522680,0
1627522740,0
1627522800,0
1627522860,0
1627522920,0
1627522980,0
1627523040,0
1627523100,0
1627523160,0
1627523220,0
1627523280,1
1627523340,0
1627523400,0
1627523460,0
1627523520,0
1627523580,0
1627523640,0
1627523700,1
1627523760,0
1627523820,1
1627523880,0
1627523940,0
1627524000,0
1627524060,0
1627524120,0
1627524180,0
1627524240,0
1627524300,0
1627524360,0
1627524420,1
1627524480,0
1627524540,0
1627524600,0
1627524660,0
1627524720,1
1627524780,0
1627524840,1
1627524900,1
1627524960,1
1627525020,1
1627525080,1
1627525140,1
1627525200,1
1627525260,1
1627525320,1
1627525380,1
1627525440,1
1627525500,0
1627525560,0
1627525620,0
1627525680,0
1627525740,0
1627525800,1
1627525860,0
1627525920,1
1627525980,1
1627526040,1
1627526100,0
1627526160,0
1627526220,0
1627526280,0
1627526340,0
1627526400,0
1627526460,0
1627526520,1
1627526580,0
1627526640,1
1627526700,0
1627526760,0
1627526820,0
1627526880,0
1627526940,0
1627527000,0
1627527060,0
1627527120,1
1627527180,0
1627527240,0
1627527300,0
1627527360,0
1627527420,0
1627527480,0
1627527540,1
1627527600,0
1627527660,0
1627527720,0
1627527780,0
1627527840,0
1627527900,0
1627527960,0
1627528020,0
1627528080,0
1627528140,0
1627528200,0
1627528260,0
1627528320,0
1627528380,0
1627528440,0
1627528500,0
1627528560,0
1627528620,1
1627528680,0
1627528740,1
1627528800,0
1627528860,1
1627528920,0
1627528980,0
1627529040,1
1627529100,0
1627529160,0
1627529220,0
1627529280,0
1627529340,0
1627529400,1
1627529460,0
1627529520,0
1627529580,0
1627529640,0
1627529700,0
1627529760,0
1627529820,0
1627529880,0
1627529940,0
1627530000,0
1627530060,1
1627530120,0
1627530180,0
1627530240,0
1627530300,0
1627530360,0
1627530420,0
1627530480,0
1627530540,0
1627530600,1
1627530660,0
1627530720,0
1627530780,1
1627530840,1
1627530900,1
1627530960,0
1627531020,0
1627531080,0
1627531140,1
1627531200,0
1627531260,0
1627531320,0
1627531380,0
1627531440,1
1627531500,0
1627531560,1
1627531620,0
1627531680,1
1627531740,1
1627531800,1
1627531860,0
1627531920,0
1627531980,0
1627532040,0
1627532100,0
1627532160,0
1627532220,1
1627532280,0
1627532340,0
1627532400,0
1627532460,0
1627532520,0
1627532580,0
1627532640,1
1627532700,0
1627532760,1
1627532820,1
1627532880,0
1627532940,0
1627533000,0
1627533060,0
1627533120,0
1627533180,0
1627533240,1
1627533300,1
1627533360,1
1627533420,0
1627533480,0
1627533540,1
1627533600,1
1627533660,0
1627533720,1
1627533780,1
1627533840,0
1627533900,0
1627533960,1
1627534020,0
1627534080,0
1627534140,1
1627534200,0
1627534260,0
1627534320,1
1627534380,0
1627534440,0
1627534500,0
1627534560,0
1627534620,1
1627534680,0
1627534740,0
1627534800,0
1627534860,0
1627534920,0
1627534980,0
1627535040,1
1627535100,0
1627535160,0
1627535220,0
1627535280,0
1627535340,0
1627535400,0
1627535460,0
1627535520,1
1627535580,0
1627535640,0
1627535700,0
1627535760,1
1627535820,0
1627535880,0
1627535940,1
1627536000,0
1627536060,0
1627536120,0
1627536180,0
1627536240,1
1627536300,1
1627536360,0
1627536420,1
1627536480,0
1627536540,0
1627536600,0
1627536660,0
1627536720,0
1627536780,0
1627536840,0
1627536900,0
1627536960,0
1627537020,0
1627537080,0
1627537140,0
1627537200,0
1627537260,0
1627537320,0
1627537380,0
1627537440,1
1627537500,1
1627537560,0
1627537620,0
1627537680,0
1627537740,0
1627537800,0
1627537860,0
1627537920,0
1627537980,0
1627538040,0
1627538100,0
1627538160,0
1627538220,0
1627538280,0
1627538340,0
1627538400,0
1627538460,0
1627538520,0
1627538580,0
1627538640,0
1627538700,1
1627538760,1
1627538820,0
1627538880,0
1627538940,0
1627539000,1
1627539060,1
1627539120,0
1627539180,0
1627539240,0
1627539300,0
1627539360,0
1627539420,0
1627539480,0
1627539540,0
1627539600,0
1627539660,0
1627539720,0
1627539780,0
1627539840,1
1627539900,0
1627539960,1
1627540020,0
1627540080,0
1627540140,0
1627540200,0
1627540260,0
1627540320,0
1627540380,0
1627540440,0
1627540500,0
1627540560,0
1627540620,0
1627540680,0
1627540740,0
1627540800,0
1627540860,0
1627540920,0
1627540980,0
1627541040,0
1627541100,0
1627541160,0
1627541220,1
1627541280,0
1627541340,0
1627541400,0
1627541460,0
1627541520,0
1627541580,0
1627541640,1
1627541700,1
1627541760,1
1627541820,0
1627541880,0
1627541940,0
1627542000,1
1627542060,1
1627542120,0
1627542180,0
1627542240,0
1627542300,0
1627542360,1
1627542420,1
1627542480,1
1627542540,0
1627542600,1
1627542660,0
1627542720,0
1627542780,0
1627542840,0
1627542900,0
1627542960,0
1627543020,0
1627543080,0
1627543140,0
1627543200,0
1627543260,1
1627543320,1
1627543380,0
1627543440,1
1627543500,1
1627543560,0
1627543620,0
1627543680,1
1627543740,0
1627543800,0
1627543860,0
1627543920,0
1627543980,1
1627544040,0
1627544100,0
1627544160,0
1627544220,0
1627544280,0
1627544340,0
1627544400,0
1627544460,0
1627544520,1
1627544580,0
1627544640,0
1627544700,0
1627544760,0
1627544820,1
1627544880,0
1627544940,0
1627545000,0
1627545060,0
1627545120,0
1627545180,0
1627545240,0
1627545300,0
1627545360,0
1627545420,0
1627545480,0
1627545540,0
1627545600,0
1627545660,0
1627545720,0
1627545780,0
1627545840,0
1627545900,0
1627545960,0
1627546020,0
1627546080,0
1627546140,0
1627546200,0
1627546260,0
1627546320,0
1627546380,0
1627546440,0
1627546500,0
1627546560,0
1627546620,0
1627546680,0
1627546740,0
1627546800,0
1627546860,0
1627546920,0
1627546980,0
1627547040,0
1627547100,0
1627547160,0
1627547220,0
1627547280,0
1627547340,0
1627547400,0
1627547460,0
1627547520,1
1627547580,1
1627547640,1
1627547700,0
1627547760,0
1627547820,0
1627547880,0
1627547940,1
1627548000,0
1627548060,0
1627548120,0
1627548180,0
1627548240,0
1627548300,0
1627548360,0
1627548420,1
1627548480,1
1627548540,0
1627548600,1
1627548660,0
1627548720,0
1627548780,1
1627548840,1
1627548900,0
1627548960,0
1627549020,0
1627549080,0
1627549140,0
1627549200,1
1627549260,0
1627549320,0
1627549380,0
1627549440,0
1627549500,0
1627549560,1
1627549620,0
1627549680,0
1627549740,1
1627549800,1
1627549860,0
1627549920,1
1627549980,0
1627550040,1
1627550100,0
1627550160,0
1627550220,0
1627550280,0
1627550340,0
1627550400,0
1627550460,0
1627550520,0
1627550580,1
1627550640,1
1627550700,0
1627550760,0
1627550820,0
1627550880,0
1627550940,0
1627551000,0
1627551060,0
1627551120,0
1627551180,0
1627551240,0
1627551300,0
1627551360,0
1627551420,0
1627551480,0
1627551540,0
1627551600,1
1627551660,0
1627551720,0
1627551780,0
1627551840,0
1627551900,0
1627551960,0
1627552020,0
1627552080,0
1627552140,0
1627552200,0
1627552260,1
1627552320,0
1627552380,0
1627552440,1
1627552500,0
1627552560,0
1627552620,1
1627552680,0
1627552740,0
1627552800,0
1627552860,0
1627552920,0
1627552980,0
1627553040,0
1627553100,0
1627553160,1
1627553220,0
1627553280,0
1627553340,1
1627553400,1
1627553460,0
1627553520,1
1627553580,0
1627553640,0
1627553700,0
1627553760,0
1627553820,0
1627553880,1
1627553940,1
1627554000,0
1627554060,0
1627554120,0
1627554180,1
1627554240,0
1627554300,0
1627554360,0
1627554420,0
1627554480,1
1627554540,0
1627554600,0
1627554660,0
1627554720,1
1627554780,0
1627554840,0
1627554900,0
1627554960,0
1627555020,0
1627555080,0
1627555140,0
1627555200,0
1627555260,0
1627555320,0
1627555380,1
1627555440,1
1627555500,1
1627555560,1
1627555620,1
1627555680,0
1627555740,0
1627555800,0
1627555860,0
1627555920,0
1627555980,0
1627556040,0
1627556100,0
1627556160,0
1627556220,1
1627556280,0
1627556340,0
1627556400,1
1627556460,0
1627556520,0
1627556580,0
1627556640,0
1627556700,0
1627556760,0
1627556820,1
1627556880,0
1627556940,0
1627557000,0
1627557060,0
1627557120,0
1627557180,0
1627557240,0
1627557300,0
1627557360,0
1627557420,1
1627557480,0
1627557540,0
1627557600,0
1627557660,0
1627557720,1
1627557780,0
1627557840,0
1627557900,1
1627557960,0
1627558020,1
1627558080,0
1627558140,1
1627558200,0
1627558260,0
1627558320,0
1627558380,0
1627558440,0
1627558500,0
1627558560,0
1627558620,0
1627558680,0
1627558740,0
1627558800,0
1627558860,0
1627558920,0
1627558980,0
1627559040,0
1627559100,0
1627559160,0
1627559220,1
1627559280,0
1627559340,0
1627559400,1
1627559460,1
1627559520,0
1627559580,0
1627559640,0
1627559700,0
1627559760,0
1627559820,0
1627559880,1
1627559940,1
1627560000,0
1627560060,0
1627560120,0
1627560180,0
1627560240,0
1627560300,0
1627560360,1
1627560420,0
1627560480,1
1627560540,0
1627560600,0
1627560660,0
1627560720,0
1627560780,0
1627560840,0
1627560900,0
1627560960,0
1627561020,0
1627561080,0
1627561140,0
1627561200,0
1627561260,0
1627561320,0
1627561380,0
1627561440,1
1627561500,0
1627561560,0
1627561620,1
1627561680,1
1627561740,0
1627561800,1
1627561860,1
1627561920,1
1627561980,1
1627562040,1
1627562100,0
1627562160,1
1627562220,0
1627562280,0
1627562340,0
1627562400,0
1627562460,0
1627562520,0
1627562580,0
1627562640,0
1627562700,0
1627562760,0
1627562820,0
1627562880,0
1627562940,0
1627563000,0
1627563060,0
1627563120,0
1627563180,0
1627563240,0
1627563300,0
1627563360,0
1627563420,0
1627563480,0
1627563540,0
1627563600,0
1627563660,0
1627563720,0
1627563780,0
1627563840,0
1627563900,1
1627563960,0
1627564020,1
1627564080,1
1627564140,1
1627564200,0
1627564260,0
1627564320,0
1627564380,0
1627564440,0
1627564500,0
1627564560,0
1627564620,1
1627564680,0
1627564740,0
1627564800,0
1627564860,0
1627564920,0
1627564980,0
1627565040,0
1627565100,0
1627565160,0
1627565220,0
1627565280,0
1627565340,0
1627565400,0
1627565460,1
1627565520,0
1627565580,0
1627565640,1
1627565700,0
1627565760,0
1627565820,0
1627565880,0
1627565940,1
1627566000,0
1627566060,0
1627566120,0
1627566180,0
1627566240,0
1627566300,0
1627566360,0
1627566420,1
1627566480,0
1627566540,0
1627566600,0
1627566660,0
1627566720,0
1627566780,0
1627566840,0
1627566900,0
1627566960,0
1627567020,0
1627567080,1
1627567140,1
1627567200,0
1627567260,1
1627567320,0
1627567380,0
1627567440,0
1627567500,0
1627567560,0
1627567620,0
1627567680,0
1627567740,0
1627567800,0
1627567860,1
1627567920,0
1627567980,0
1627568040,0
1627568100,0
1627568160,0
1627568220,1
1627568280,0
1627568340,1
1627568400,0
1627568460,0
1627568520,1
1627568580,0
1627568640,0
1627568700,0
1627568760,0
1627568820,0
1627568880,0
1627568940,0
1627569000,0
1627569060,0
1627569120,0
1627569180,0
1627569240,0
1627569300,0
1627569360,1
1627569420,0
1627569480,0
1627569540,0
1627569600,0
1627569660,0
1627569720,0
1627569780,0
1627569840,0
1627569900,0
1627569960,0
1627570020,0
1627570080,1
1627570140,1
1627570200,1
1627570260,0
1627570320,0
1627570380,1
1627570440,0
1627570500,1
1627570560,0
1627570620,0
1627570680,1
1627570740,0
1627570800,0
1627570860,0
1627570920,1
1627570980,0
1627571040,0
1627571100,1
1627571160,0
1627571220,0
1627571280,0
1627571340,1
1627571400,0
1627571460,0
1627571520,0
1627571580,1
1627571640,1
1627571700,0
1627571760,1
1627571820,1
1627571880,1
1627571940,0
1627572000,0
1627572060,0
1627572120,1
1627572180,0
1627572240,0
1627572300,0
1627572360,0
1627572420,0
1627572480,0
1627572540,0
1627572600,0
1627572660,0
1627572720,1
1627572780,0
1627572840,0
1627572900,0
1627572960,0
1627573020,0
1627573080,0
1627573140,0
1627573200,0
1627573260,0
1627573320,1
1627573380,1
1627573440,1
1627573500,0
1627573560,1
1627573620,0
1627573680,0
1627573740,0
1627573800,0
1627573860,1
1627573920,0
1627573980,1
1627574040,0
1627574100,0
1627574160,0
1627574220,1
1627574280,0
1627574340,0
1627574400,0
1627574460,0
1627574520,0
1627574580,0
1627574640,1
1627574700,0
1627574760,0
1627574820,0
1627574880,0
1627574940,0
1627575000,0
1627575060,1
1627575120,1
1627575180,1
1627575240,0
1627575300,0
1627575360,0
1627575420,0
1627575480,1
1627575540,0
1627575600,0
1627575660,0
1627575720,1
1627575780,0
1627575840,0
1627575900,0
1627575960,0
1627576020,0
1627576080,0
1627576140,1
1627576200,0
1627576260,0
1627576320,1
1627576380,0
1627576440,0
1627576500,0
1627576560,0
1627576620,0
1627576680,0
1627576740,0
1627576800,0
1627576860,0
1627576920,0
1627576980,0
1627577040,1
1627577100,0
1627577160,0
1627577220,0
1627577280,0
1627577340,0
1627577400,0
1627577460,0
1627577520,1
1627577580,1
1627577640,0
1627577700,0
1627577760,0
1627577820,0
1627577880,0
1627577940,1
1627578000,0
1627578060,0
1627578120,0
1627578180,0
1627578240,0
1627578300,0
1627578360,0
1627578420,0
1627578480,0
1627578540,0
1627578600,0
1627578660,0
1627578720,0
1627578780,0
1627578840,0
1627578900,1
1627578960,1
1627579020,0
1627579080,1
1627579140,1
1627579200,1
1627579260,1
1627579320,1
1627579380,0
1627579440,0
1627579500,0
1627579560,1
1627579620,0
1627579680,0
1627579740,0
1627579800,0
1627579860,0
1627579920,0
1627579980,0
1627580040,0
1627580100,0
1627580160,1
1627580220,1
1627580280,0
1627580340,0
1627580400,0
1627580460,0
1627580520,0
1627580580,1
1627580640,0
1627580700,0
1627580760,1
1627580820,0
1627580880,0
1627580940,1
1627581000,0
1627581060,0
1627581120,0
1627581180,1
1627581240,0
1627581300,0
1627581360,0
1627581420,0
1627581480,0
1627581540,0
1627581600,1
1627581660,0
1627581720,0
1627581780,0
1627581840,1
1627581900,1
1627581960,0
1627582020,0
1627582080,1
1627582140,1
1627582200,0
1627582260,0
1627582320,1
1627582380,0
1627582440,0
1627582500,0
1627582560,0
1627582620,0
1627582680,1
1627582740,0
1627582800,1
1627582860,1
1627582920,1
1627582980,1
1627583040,1
1627583100,0
1627583160,0
1627583220,0
1627583280,0
1627583340,0
1627583400,0
1627583460,1
1627583520,0
1627583580,1
1627583640,1
1627583700,1
1627583760,1
1627583820,1
1627583880,0
1627583940,0
1627584000,0
1627584060,0
1627584120,0
1627584180,0
1627584240,0
1627584300,0
1627584360,0
1627584420,0
1627584480,0
1627584540,0
1627584600,0
1627584660,1
1627584720,0
1627584780,0
1627584840,1
1627584900,0
1627584960,0
1627585020,0
1627585080,0
1627585140,0
1627585200,0
1627585260,0
1627585320,0
1627585380,0
1627585440,1
1627585500,0
1627585560,0
1627585620,1
1627585680,0
1627585740,0
1627585800,0
1627585860,0
1627585920,0
1627585980,0
1627586040,0
1627586100,0
1627586160,1
1627586220,0
1627586280,1
1627586340,0
1627586400,0
1627586460,0
1627586520,0
1627586580,0
1627586640,1
1627586700,0
1627586760,0
1627586820,1
1627586880,0
1627586940,1
1627587000,0
1627587060,0
1627587120,0
1627587180,1
1627587240,0
1627587300,1
1627587360,0
1627587420,0
1627587480,0
1627587540,0
1627587600,0
1627587660,0
1627587720,0
1627587780,0
1627587840,0
1627587900,0
1627587960,0
1627588020,0
1627588080,0
1627588140,0
1627588200,0
1627588260,0
1627588320,0
1627588380,0
1627588440,0
1627588500,0
1627588560,0
1627588620,0
1627588680,0
1627588740,0
1627588800,1
1627588860,1
1627588920,0
1627588980,1
1627589040,0
1627589100,0
1627589160,0
1627589220,0
1627589280,0
1627589340,0
1627589400,0
1627589460,0
1627589520,0
1627589580,0
1627589640,0
1627589700,0
1627589760,0
1627589820,0
1627589880,0
1627589940,0
1627590000,0
1627590060,0
1627590120,1
1627590180,0
1627590240,0
1627590300,0
1627590360,0
1627590420,0
1627590480,0
1627590540,0
1627590600,0
1627590660,0
1627590720,1
1627590780,0
1627590840,0
1627590900,0
1627590960,0
1627591020,0
1627591080,0
1627591140,0
1627591200,1
1627591260,1
1627591320,0
1627591380,0
1627591440,0
1627591500,1
1627591560,1
1627591620,1
1627591680,0
1627591740,0
1627591800,0
1627591860,0
1627591920,1
1627591980,1
1627592040,0
1627592100,0
1627592160,0
1627592220,0
1627592280,0
1627592340,1
1627592400,0
1627592460,0
1627592520,1
1627592580,0
1627592640,0
1627592700,0
1627592760,0
1627592820,0
1627592880,0
1627592940,0
1627593000,0
1627593060,0
1627593120,0
1627593180,0
1627593240,0
1627593300,0
1627593360,0
1627593420,0
1627593480,0
1627593540,0
1627593600,0
1627593660,0
1627593720,1
1627593780,0
1627593840,0
1627593900,0
1627593960,0
1627594020,1
1627594080,1
1627594140,1
1627594200,0
1627594260,0
1627594320,0
1627594380,0
1627594440,1
1627594500,0
1627594560,0
1627594620,0
1627594680,0
1627594740,0
1627594800,0
1627594860,1
1627594920,0
1627594980,0
1627595040,0
1627595100,1
1627595160,1
1627595220,0
1627595280,0
1627595340,0
1627595400,0
1627595460,1
1627595520,0
1627595580,0
1627595640,0
1627595700,0
1627595760,1
1627595820,1
1627595880,1
1627595940,1
1627596000,0
1627596060,0
1627596120,0
1627596180,1
1627596240,0
1627596300,0
1627596360,0
1627596420,0
1627596480,0
1627596540,0
1627596600,1
1627596660,0
1627596720,0
1627596780,0
1627596840,1
1627596900,0
1627596960,0
1627597020,1
1627597080,0
1627597140,0
1627597200,0
1627597260,0
1627597320,0
1627597380,0
1627597440,0
1627597500,1
1627597560,0
1627597620,0
1627597680,0
1627597740,0
1627597800,0
1627597860,0
1627597920,0
1627597980,0
1627598040,1
1627598100,0
1627598160,0
1627598220,0
1627598280,0
1627598340,0
1627598400,0
1627598460,0
1627598520,0
1627598580,1
1627598640,0
1627598700,0
1627598760,0
1627598820,0
1627598880,0
1627598940,1
1627599000,1
1627599060,1
1627599120,0
1627599180,0
1627599240,0
1627599300,0
1627599360,0
1627599420,0
1627599480,0
1627599540,1
1627599600,0
1627599660,0
1627599720,1
1627599780,0
1627599840,0
1627599900,0
1627599960,0
1627600020,0
1627600080,1
1627600140,0
1627600200,0
1627600260,0
1627600320,1
1627600380,0
1627600440,0
1627600500,0
1627600560,0
1627600620,1
1627600680,0
1627600740,0
1627600800,0
1627600860,0
1627600920,0
1627600980,0
1627601040,1
1627601100,0
1627601160,0
1627601220,0
1627601280,0
1627601340,0
1627601400,0
1627601460,0
1627601520,1
1627601580,0
1627601640,0
1627601700,0
1627601760,0
1627601820,0
1627601880,0
1627601940,0
1627602000,0
1627602060,0
1627602120,0
1627602180,0
1627602240,0
1627602300,0
1627602360,0
1627602420,0
1627602480,1
1627602540,0
1627602600,0
1627602660,1
1627602720,0
1627602780,0
1627602840,0
1627602900,0
1627602960,0
1627603020,0
1627603080,0
1627603140,0
1627603200,0
1627603260,0
1627603320,0
1627603380,0
1627603440,0
1627603500,0
1627603560,0
1627603620,0
1627603680,0
1627603740,0
1627603800,0
1627603860,0
1627603920,0
1627603980,0
1627604040,0
1627604100,0
1627604160,0
1627604220,0
1627604280,0
1627604340,0
1627604400,0
1627604460,0
1627604520,0
1627604580,0
1627604640,0
1627604700,1
1627604760,0
1627604820,0
1627604880,0
1627604940,0
1627605000,0
1627605060,0
1627605120,0
1627605180,0
1627605240,0
1627605300,0
1627605360,1
1627605420,0
1627605480,1
1627605540,0
1627605600,0
1627605660,0
1627605720,0
1627605780,1
1627605840,0
1627605900,0
1627605960,0
1627606020,0
1627606080,0
1627606140,1
1627606200,1
1627606260,0
1627606320,1
1627606380,0
1627606440,1
1627606500,1
1627606560,0
1627606620,0
1627606680,0
1627606740,0
1627606800,0
1627606860,0
1627606920,1
1627606980,1
1627607040,0
1627607100,0
1627607160,0
1627607220,1
1627607280,1
1627607340,1
1627607400,0
1627607460,0
1627607520,0
1627607580,0
1627607640,0
1627607700,1
1627607760,1
1627607820,0
1627607880,0
1627607940,0
1627608000,0
1627608060,0
1627608120,0
1627608180,0
1627608240,0
1627608300,0
1627608360,0
1627608420,0
1627608480,0
1627608540,0
1627608600,1
1627608660,1
1627608720,0
1627608780,0
1627608840,1
1627608900,0
1627608960,0
1627609020,0
1627609080,0
1627609140,0
1627609200,0
1627609260,0
1627609320,0
1627609380,0
1627609440,1
1627609500,0
1627609560,0
1627609620,1
1627609680,0
1627609740,1
1627609800,0
1627609860,1
1627609920,1
1627609980,0
1627610040,0
1627610100,0
1627610160,0
1627610220,0
1627610280,0
1627610340,1
1627610400,0
1627610460,1
1627610520,0
1627610580,0
1627610640,0
1627610700,0
1627610760,1
1627610820,0
1627610880,0
1627610940,0
1627611000,0
1627611060,0
1627611120,0
1627611180,0
1627611240,0
1627611300,0
1627611360,0
1627611420,0
1627611480,0
1627611540,0
1627611600,0
1627611660,1
1627611720,1
1627611780,0
1627611840,0
1627611900,1
1627611960,0
1627612020,0
1627612080,0
1627612140,1
1627612200,1
1627612260,1
1627612320,0
1627612380,0
1627612440,0
1627612500,1
1627612560,1
1627612620,0
1627612680,0
1627612740,1
1627612800,1
1627612860,0
1627612920,0
1627612980,0
1627613040,0
1627613100,0
1627613160,1
1627613220,0
1627613280,0
1627613340,0
1627613400,0
1627613460,1
1627613520,1
1627613580,0
1627613640,0
1627613700,0
1627613760,0
1627613820,0
1627613880,0
1627613940,0
1627614000,0
1627614060,1
1627614120,0
1627614180,1
1627614240,0
1627614300,0
1627614360,0
1627614420,0
1627614480,0
1627614540,0
1627614600,1
1627614660,1
1627614720,0
1627614780,0
1627614840,1
1627614900,0
1627614960,0
1627615020,0
1627615080,0
1627615140,0
1627615200,0
1627615260,0
1627615320,1
1627615380,0
1627615440,0
1627615500,0
1627615560,0
1627615620,0
1627615680,0
1627615740,1
1627615800,0
1627615860,0
1627615920,0
1627615980,0
1627616040,0
1627616100,0
1627616160,0
1627616220,1
1627616280,0
1627616340,1
1627616400,0
1627616460,0
1627616520,0
1627616580,0
1627616640,0
1627616700,1
1627616760,0
1627616820,0
1627616880,1
1627616940,0
1627617000,1
1627617060,1
1627617120,0
1627617180,0
1627617240,0
1627617300,0
1627617360,0
1627617420,1
1627617480,0
1627617540,0
1627617600,0
1627617660,0
1627617720,0
1627617780,1
1627617840,0
1627617900,0
1627617960,0
1627618020,0
1627618080,0
1627618140,0
1627618200,0
1627618260,0
1627618320,0
1627618380,0
1627618440,0
1627618500,0
1627618560,0
1627618620,0
1627618680,0
1627618740,0
1627618800,0
1627618860,0
1627618920,0
1627618980,1
1627619040,0
1627619100,0
1627619160,0
1627619220,0
1627619280,0
1627619340,0
1627619400,0
1627619460,0
1627619520,0
1627619580,0
1627619640,0
1627619700,0
1627619760,0
1627619820,0
1627619880,0
1627619940,1
1627620000,0
1627620060,0
1627620120,0
1627620180,0
1627620240,0
1627620300,0
1627620360,0
1627620420,1
1627620480,1
1627620540,0
1627620600,0
1627620660,1
1627620720,0
1627620780,0
1627620840,0
1627620900,0
1627620960,0
1627621020,0
1627621080,1
1627621140,0
1627621200,0
1627621260,0
1627621320,0
1627621380,0
1627621440,1
1627621500,1
1627621560,1
1627621620,1
1627621680,0
1627621740,0
1627621800,0
1627621860,0
1627621920,0
1627621980,0
1627622040,0
1627622100,0
1627622160,0
1627622220,0
1627622280,0
1627622340,1
1627622400,0
1627622460,0
1627622520,0
1627622580,0
1627622640,0
1627622700,1
1627622760,1
1627622820,1
1627622880,1
1627622940,0
1627623000,0
1627623060,0
1627623120,0
1627623180,0
1627623240,0
1627623300,0
1627623360,0
1627623420,0
1627623480,1
1627623540,0
1627623600,0
1627623660,0
1627623720,1
1627623780,0
1627623840,0
1627623900,0
1627623960,0
1627624020,0
1627624080,0
1627624140,0
1627624200,0
1627624260,0
1627624320,0
1627624380,0
1627624440,0
1627624500,0
1627624560,0
1627624620,0
1627624680,1
1627624740,0
1627624800,0
1627624860,0
1627624920,0
1627624980,1
1627625040,0
1627625100,0
1627625160,0
1627625220,0
1627625280,0
1627625340,0
1627625400,0
1627625460,1
1627625520,0
1627625580,0
1627625640,0
1627625700,0
1627625760,0
1627625820,0
1627625880,1
1627625940,0
1627626000,0
1627626060,0
1627626120,0
1627626180,0
1627626240,0
1627626300,0
1627626360,0
1627626420,0
1627626480,0
1627626540,1
1627626600,1
1627626660,0
1627626720,1
1627626780,1
1627626840,1
1627626900,1
1627626960,1
1627627020,0
1627627080,0
1627627140,0
1627627200,0
1627627260,0
1627627320,0
1627627380,0
1627627440,1
1627627500,0
1627627560,1
1627627620,0
1627627680,0
1627627740,0
1627627800,0
1627627860,1
1627627920,0
1627627980,1
1627628040,0
1627628100,0
1627628160,0
1627628220,0
1627628280,1
1627628340,0
1627628400,0
1627628460,0
1627628520,0
1627628580,0
1627628640,0
1627628700,0
1627628760,0
1627628820,0
1627628880,0
1627628940,0
1627629000,1
1627629060,0
1627629120,1
1627629180,1
1627629240,0
1627629300,0
1627629360,0
1627629420,0
1627629480,0
1627629540,1
1627629600,0
1627629660,0
1627629720,1
1627629780,0
1627629840,0
1627629900,0
1627629960,0
1627630020,0
1627630080,1
1627630140,1
1627630200,1
1627630260,1
1627630320,0
1627630380,0
1627630440,0
1627630500,0
1627630560,1
1627630620,0
1627630680,0
1627630740,1
1627630800,1
1627630860,1
1627630920,0
1627630980,0
1627631040,0
1627631100,1
1627631160,0
1627631220,0
1627631280,0
1627631340,0
1627631400,0
1627631460,1
1627631520,0
1627631580,0
1627631640,0
1627631700,0
1627631760,1
1627631820,0
1627631880,0
1627631940,0
1627632000,1
1627632060,1
1627632120,0
1627632180,0
1627632240,0
1627632300,0
1627632360,0
1627632420,0
1627632480,1
1627632540,0
1627632600,0
1627632660,0
1627632720,1
1627632780,1
1627632840,0
1627632900,0
1627632960,0
1627633020,0
1627633080,1
1627633140,0
1627633200,0
1627633260,0
1627633320,0
1627633380,0
1627633440,0
1627633500,0
1627633560,1
1627633620,1
1627633680,0
1627633740,0
1627633800,0
1627633860,0
1627633920,0
1627633980,1
1627634040,1
1627634100,0
1627634160,0
1627634220,0
1627634280,0
1627634340,1
1627634400,0
1627634460,0
1627634520,0
1627634580,0
1627634640,0
1627634700,1
1627634760,1
1627634820,0
1627634880,0
1627634940,0
1627635000,0
1627635060,0
1627635120,1
1627635180,0
1627635240,0
1627635300,0
1627635360,0
1627635420,0
1627635480,1
1627635540,1
1627635600,0
1627635660,1
1627635720,1
1627635780,0
1627635840,1
1627635900,0
1627635960,0
1627636020,0
1627636080,1
1627636140,0
1627636200,0
1627636260,0
1627636320,0
1627636380,0
1627636440,0
1627636500,0
1627636560,0
1627636620,0
1627636680,0
1627636740,0
1627636800,0
1627636860,0
1627636920,0
1627636980,1
1627637040,0
1627637100,0
1627637160,0
1627637220,0
1627637280,0
1627637340,0
1627637400,0
1627637460,0
1627637520,0
1627637580,0
1627637640,0
1627637700,0
1627637760,0
1627637820,0
1627637880,0
1627637940,0
1627638000,1
1627638060,0
1627638120,1
1627638180,0
1627638240,1
1627638300,0
1627638360,0
1627638420,0
1627638480,0
1627638540,0
1627638600,1
1627638660,0
1627638720,0
1627638780,0
1627638840,0
1627638900,1
1627638960,0
1627639020,0
1627639080,0
1627639140,0
1627639200,1
1627639260,1
1627639320,0
1627639380,0
1627639440,0
1627639500,0
1627639560,0
1627639620,0
1627639680,0
1627639740,0
1627639800,0
1627639860,0
1627639920,0
1627639980,0
1627640040,0
1627640100,0
1627640160,1
1627640220,1
1627640280,0
1627640340,1
1627640400,1
1627640460,0
1627640520,0
1627640580,0
1627640640,0
1627640700,0
1627640760,1
1627640820,0
1627640880,0
1627640940,0
1627641000,1
1627641060,0
1627641120,0
1627641180,1
1627641240,0
1627641300,0
1627641360,0
1627641420,1
1627641480,0
1627641540,0
1627641600,0
1627641660,0
1627641720,1
1627641780,1
1627641840,0
1627641900,0
1627641960,0
1627642020,0
1627642080,0
1627642140,0
1627642200,0
1627642260,0
1627642320,1
1627642380,1
1627642440,0
1627642500,1
1627642560,1
1627642620,1
1627642680,0
1627642740,0
1627642800,0
1627642860,0
1627642920,0
1627642980,0
1627643040,0
1627643100,0
1627643160,0
1627643220,0
1627643280,0
1627643340,0
1627643400,0
1627643460,0
1627643520,0
1627643580,0
1627643640,1
1627643700,0
1627643760,0
1627643820,0
1627643880,1
1627643940,0
1627644000,0
1627644060,0
1627644120,0
1627644180,0
1627644240,0
1627644300,0
1627644360,0
1627644420,0
1627644480,0
1627644540,0
1627644600,0
1627644660,0
1627644720,0
1627644780,0
1627644840,0
1627644900,0
1627644960,1
1627645020,1
1627645080,1
1627645140,1
1627645200,0
1627645260,0
1627645320,0
1627645380,0
1627645440,0
1627645500,1
1627645560,0
1627645620,0
1627645680,0
1627645740,0
1627645800,0
1627645860,1
1627645920,0
1627645980,0
1627646040,0
1627646100,1
1627646160,1
1627646220,1
1627646280,1
1627646340,1
1627646400,1
1627646460,1
1627646520,1
1627646580,0
1627646640,0
1627646700,0
1627646760,0
1627646820,0
1627646880,0
1627646940,0
1627647000,0
1627647060,0
1627647120,0
1627647180,0
1627647240,0
1627647300,0
1627647360,0
1627647420,0
1627647480,1
1627647540,0
1627647600,0
1627647660,0
1627647720,0
1627647780,1
1627647840,1
1627647900,0
1627647960,0
1627648020,0
1627648080,0
1627648140,0
1627648200,1
1627648260,1
1627648320,1
1627648380,0
1627648440,0
1627648500,0
1627648560,0
1627648620,1
1627648680,0
1627648740,1
1627648800,0
1627648860,0
1627648920,0
1627648980,0
1627649040,0
1627649100,1
1627649160,0
1627649220,1
1627649280,0
1627649340,0
1627649400,1
1627649460,1
1627649520,0
1627649580,1
1627649640,0
1627649700,0
1627649760,0
1627649820,0
1627649880,0
1627649940,0
1627650000,0
1627650060,0
1627650120,0
1627650180,0
1627650240,0
1627650300,0
1627650360,1
1627650420,0
1627650480,0
1627650540,1
1627650600,1
1627650660,0
1627650720,0
1627650780,0
1627650840,0
1627650900,1
1627650960,1
1627651020,0
1627651080,0
1627651140,0
1627651200,0
1627651260,0
1627651320,1
1627651380,0
1627651440,1
1627651500,1
1627651560,0
1627651620,0
1627651680,0
1627651740,0
1627651800,1
1627651860,0
1627651920,1
1627651980,1
1627652040,1
1627652100,1
1627652160,0
1627652220,0
1627652280,1
1627652340,0
1627652400,0
1627652460,0
1627652520,0
1627652580,1
1627652640,1
1627652700,0
1627652760,0
1627652820,0
1627652880,0
1627652940,1
1627653000,1
1627653060,0
1627653120,0
1627653180,1
1627653240,1
1627653300,0
1627653360,0
1627653420,0
1627653480,0
1627653540,0
1627653600,1
1627653660,0
1627653720,1
1627653780,0
1627653840,0
1627653900,0
1627653960,0
1627654020,0
1627654080,1
1627654140,0
1627654200,0
1627654260,0
1627654320,0
1627654380,1
1627654440,1
1627654500,0
1627654560,0
1627654620,0
1627654680,0
1627654740,0
1627654800,1
1627654860,0
1627654920,0
1627654980,0
1627655040,1
1627655100,0
1627655160,0
1627655220,1
1627655280,0
1627655340,0
1627655400,0
1627655460,0
1627655520,0
1627655580,0
1627655640,0
1627655700,1
1627655760,0
1627655820,0
1627655880,0
1627655940,0
1627656000,0
1627656060,0
1627656120,1
1627656180,0
1627656240,0
1627656300,0
1627656360,1
1627656420,0
1627656480,0
1627656540,0
1627656600,0
1627656660,0
1627656720,0
1627656780,0
1627656840,0
1627656900,0
1627656960,0
1627657020,0
1627657080,1
1627657140,1
1627657200,0
1627657260,0
1627657320,0
1627657380,1
1627657440,0
1627657500,0
1627657560,1
1627657620,0
1627657680,0
1627657740,0
1627657800,0
1627657860,0
1627657920,0
1627657980,0
1627658040,1
1627658100,0
1627658160,1
1627658220,0
1627658280,0
1627658340,0
1627658400,0
1627658460,0
1627658520,1
1627658580,1
1627658640,0
1627658700,0
1627658760,0
1627658820,1
1627658880,0
1627658940,0
1627659000,0
1627659060,0
1627659120,0
1627659180,1
1627659240,0
1627659300,0
1627659360,0
1627659420,0
1627659480,0
1627659540,0
1627659600,0
1627659660,0
1627659720,1
1627659780,1
1627659840,1
1627659900,1
1627659960,1
1627660020,0
1627660080,0
1627660140,0
1627660200,0
1627660260,0
1627660320,0
1627660380,0
1627660440,0
1627660500,0
1627660560,0
1627660620,0
1627660680,0
1627660740,0
1627660800,0
1627660860,1
1627660920,0
1627660980,1
1627661040,0
1627661100,0
1627661160,0
1627661220,0
1627661280,0
1627661340,0
1627661400,0
1627661460,1
1627661520,1
1627661580,0
1627661640,0
1627661700,1
1627661760,1
1627661820,1
1627661880,0
1627661940,1
1627662000,1
1627662060,1
1627662120,0
1627662180,0
1627662240,0
1627662300,1
1627662360,0
1627662420,1
1627662480,0
1627662540,1
1627662600,0
1627662660,1
1627662720,1
1627662780,1
1627662840,0
1627662900,0
1627662960,0
1627663020,0
1627663080,0
1627663140,0
1627663200,0
1627663260,0
1627663320,0
1627663380,0
1627663440,0
1627663500,0
1627663560,0
1627663620,1
1627663680,0
1627663740,0
1627663800,0
1627663860,0
1627663920,1
1627663980,0
1627664040,0
1627664100,1
1627664160,0
1627664220,0
1627664280,0
1627664340,0
1627664400,0
1627664460,0
1627664520,1
1627664580,1
1627664640,0
1627664700,0
1627664760,0
1627664820,0
1627664880,1
1627664940,1
1627665000,0
1627665060,0
1627665120,0
1627665180,0
1627665240,1
1627665300,0
1627665360,1
1627665420,1
1627665480,1
1627665540,0
1627665600,1
1627665660,0
1627665720,0
1627665780,1
1627665840,0
1627665900,0
1627665960,0
1627666020,1
1627666080,1
1627666140,1
1627666200,1
1627666260,0
1627666320,1
1627666380,0
1627666440,1
1627666500,0
1627666560,1
1627666620,0
1627666680,0
1627666740,1
1627666800,0
1627666860,0
1627666920,0
1627666980,0
1627667040,0
1627667100,0
1627667160,0
1627667220,0
1627667280,0
1627667340,0
1627667400,0
1627667460,0
1627667520,0
1627667580,0
1627667640,0
1627667700,1
1627667760,0
1627667820,0
1627667880,1
1627667940,0
1627668000,0
1627668060,1
1627668120,0
1627668180,0
1627668240,0
1627668300,0
1627668360,0
1627668420,0
1627668480,1
1627668540,0
1627668600,1
1627668660,1
1627668720,1
1627668780,0
1627668840,1
1627668900,0
1627668960,0
1627669020,0
1627669080,0
1627669140,0
1627669200,0
1627669260,0
1627669320,1
1627669380,1
1627669440,0
1627669500,0
1627669560,1
1627669620,0
1627669680,0
1627669740,0
1627669800,1
1627669860,0
1627669920,0
1627669980,1
1627670040,0
1627670100,0
1627670160,1
1627670220,0
1627670280,0
1627670340,0
1627670400,0
1627670460,0
1627670520,0
1627670580,0
1627670640,0
1627670700,0
1627670760,1
1627670820,0
1627670880,0
1627670940,0
1627671000,0
1627671060,0
1627671120,0
1627671180,0
1627671240,0
1627671300,0
1627671360,0
1627671420,0
1627671480,0
1627671540,0
1627671600,0
1627671660,0
1627671720,0
1627671780,0
1627671840,0
1627671900,0
1627671960,0
1627672020,0
1627672080,1
1627672140,0
1627672200,1
1627672260,1
1627672320,1
1627672380,1
1627672440,0
1627672500,0
1627672560,0
1627672620,0
1627672680,0
1627672740,0
1627672800,1
1627672860,0
1627672920,0
1627672980,0
1627673040,1
1627673100,1
1627673160,0
1627673220,1
1627673280,0
1627673340,0
1627673400,0
1627673460,0
1627673520,0
1627673580,0
1627673640,0
1627673700,1
1627673760,0
1627673820,0
1627673880,1
1627673940,0
1627674000,0
1627674060,0
1627674120,0
1627674180,0
1627674240,0
1627674300,1
1627674360,1
1627674420,0
1627674480,0
1627674540,1
1627674600,0
1627674660,0
1627674720,0
1627674780,1
1627674840,0
1627674900,0
1627674960,0
1627675020,0
1627675080,0
1627675140,0
1627675200,0
1627675260,0
1627675320,0
1627675380,0
1627675440,1
1627675500,1
1627675560,0
1627675620,0
1627675680,0
1627675740,0
1627675800,0
1627675860,0
1627675920,0
1627675980,0
1627676040,0
1627676100,0
1627676160,0
1627676220,0
1627676280,0
1627676340,0
1627676400,0
1627676460,0
1627676520,0
1627676580,0
1627676640,1
1627676700,1
1627676760,0
1627676820,0
1627676880,0
1627676940,0
1627677000,0
1627677060,0
1627677120,1
1627677180,1
1627677240,0
1627677300,0
1627677360,0
1627677420,0
1627677480,0
1627677540,0
1627677600,0
1627677660,0
1627677720,0
1627677780,0
1627677840,0
1627677900,0
1627677960,0
1627678020,0
1627678080,0
1627678140,0
1627678200,0
1627678260,0
1627678320,0
1627678380,1
1627678440,0
1627678500,0
1627678560,0
1627678620,0
1627678680,1
1627678740,0
1627678800,0
1627678860,0
1627678920,0
1627678980,1
1627679040,1
1627679100,1
1627679160,0
1627679220,0
1627679280,0
1627679340,0
1627679400,0
1627679460,0
1627679520,1
1627679580,0
1627679640,0
1627679700,0
1627679760,0
1627679820,0
1627679880,0
1627679940,1
1627680000,0
1627680060,0
1627680120,0
1627680180,0
1627680240,0
1627680300,0
1627680360,1
1627680420,0
1627680480,0
1627680540,0
1627680600,0
1627680660,1
1627680720,0
1627680780,0
1627680840,0
1627680900,0
1627680960,0
1627681020,0
1627681080,0
1627681140,0
1627681200,0
1627681260,0
1627681320,0
1627681380,1
1627681440,1
1627681500,1
1627681560,1
1627681620,0
1627681680,0
1627681740,0
1627681800,1
1627681860,1
1627681920,0
1627681980,0
1627682040,0
1627682100,1
1627682160,1
1627682220,0
1627682280,0
1627682340,0
1627682400,0
1627682460,0
1627682520,0
1627682580,0
1627682640,0
1627682700,0
1627682760,1
1627682820,1
1627682880,0
1627682940,0
1627683000,0
1627683060,0
1627683120,1
1627683180,0
1627683240,0
1627683300,0
1627683360,0
1627683420,1
1627683480,1
1627683540,1
1627683600,0
1627683660,0
1627683720,0
1627683780,0
1627683840,0
1627683900,0
1627683960,0
1627684020,1
1627684080,0
1627684140,1
1627684200,1
1627684260,1
1627684320,1
1627684380,1
1627684440,1
1627684500,1
1627684560,1
1627684620,1
1627684680,1
1627684740,1
1627684800,0
1627684860,0
1627684920,1
1627684980,1
1627685040,1
1627685100,0
1627685160,0
1627685220,0
1627685280,0
1627685340,1
1627685400,0
1627685460,0
1627685520,0
1627685580,0
1627685640,0
1627685700,0
1627685760,0
1627685820,0
1627685880,0
1627685940,0
1627686000,0
1627686060,1
1627686120,1
1627686180,0
1627686240,0
1627686300,0
1627686360,0
1627686420,0
1627686480,0
1627686540,1
1627686600,0
1627686660,0
1627686720,0
1627686780,0
1627686840,1
1627686900,0
1627686960,0
1627687020,0
1627687080,0
1627687140,0
1627687200,0
1627687260,0
1627687320,0
1627687380,0
1627687440,0
1627687500,0
1627687560,0
1627687620,1
1627687680,0
1627687740,0
1627687800,1
1627687860,0
1627687920,0
1627687980,0
1627688040,0
1627688100,1
1627688160,0
1627688220,0
1627688280,1
1627688340,0
1627688400,0
1627688460,0
1627688520,0
1627688580,0
1627688640,0
1627688700,0
1627688760,0
1627688820,0
1627688880,0
1627688940,0
1627689000,1
1627689060,1
1627689120,0
1627689180,0
1627689240,0
1627689300,0
1627689360,0
1627689420,1
1627689480,0
1627689540,0
1627689600,1
1627689660,1
1627689720,1
1627689780,0
1627689840,0
1627689900,0
1627689960,0
1627690020,1
1627690080,0
1627690140,1
1627690200,0
1627690260,0
1627690320,0
1627690380,0
1627690440,0
1627690500,0
1627690560,0
1627690620,1
1627690680,0
1627690740,0
1627690800,0
1627690860,0
1627690920,0
1627690980,0
1627691040,0
1627691100,1
1627691160,0
1627691220,0
1627691280,0
1627691340,0
1627691400,0
1627691460,0
1627691520,0
1627691580,1
1627691640,0
1627691700,1
1627691760,1
1627691820,0
1627691880,0
1627691940,1
1627692000,0
1627692060,0
1627692120,0
1627692180,0
1627692240,1
1627692300,0
1627692360,0
1627692420,0
1627692480,1
1627692540,1
1627692600,0
1627692660,0
1627692720,0
1627692780,0
1627692840,0
1627692900,0
1627692960,0
1627693020,1
1627693080,0
1627693140,0
1627693200,0
1627693260,1
1627693320,1
1627693380,1
1627693440,0
1627693500,0
1627693560,0
1627693620,0
1627693680,0
1627693740,0
1627693800,0
1627693860,1
1627693920,1
1627693980,0
1627694040,0
1627694100,1
1627694160,0
1627694220,0
1627694280,0
1627694340,1
1627694400,1
1627694460,1
1627694520,0
1627694580,1
1627694640,0
1627694700,0
1627694760,0
1627694820,0
1627694880,0
1627694940,1
1627695000,0
1627695060,0
1627695120,0
1627695180,0
1627695240,1
1627695300,0
1627695360,0
1627695420,0
1627695480,0
1627695540,1
1627695600,1
1627695660,0
1627695720,0
1627695780,1
1627695840,0
1627695900,1
1627695960,1
1627696020,0
1627696080,0
1627696140,0
1627696200,0
1627696260,0
1627696320,0
1627696380,0
1627696440,1
1627696500,1
1627696560,0
1627696620,0
1627696680,0
1627696740,1
1627696800,0
1627696860,0
1627696920,0
1627696980,0
1627697040,0
1627697100,0
1627697160,1
1627697220,0
1627697280,0
1627697340,0
1627697400,0
1627697460,1
1627697520,0
1627697580,0
1627697640,1
1627697700,0
1627697760,1
1627697820,1
1627697880,0
1627697940,0
1627698000,0
1627698060,0
1627698120,0
1627698180,0
1627698240,0
1627698300,0
1627698360,0
1627698420,0
1627698480,0
1627698540,0
1627698600,0
1627698660,1
1627698720,0
1627698780,0
1627698840,0
1627698900,1
1627698960,1
1627699020,0
1627699080,0
1627699140,0
1627699200,0
1627699260,0
1627699320,0
1627699380,1
1627699440,1
1627699500,0
1627699560,0
1627699620,1
1627699680,0
1627699740,0
1627699800,1
1627699860,0
1627699920,0
1627699980,1
1627700040,0
1627700100,0
1627700160,0
1627700220,0
1627700280,1
1627700340,1
1627700400,1
1627700460,0
1627700520,0
1627700580,0
1627700640,1
1627700700,0
1627700760,0
1627700820,0
1627700880,0
1627700940,0
1627701000,0
1627701060,1
1627701120,0
1627701180,0
1627701240,0
1627701300,1
1627701360,0
1627701420,0
1627701480,1
1627701540,1
1627701600,0
1627701660,0
1627701720,0
1627701780,0
1627701840,0
1627701900,1
1627701960,1
1627702020,1
1627702080,1
1627702140,1
1627702200,1
1627702260,1
1627702320,1
1627702380,1
1627702440,1
1627702500,1
1627702560,1
1627702620,1
1627702680,0
1627702740,0
1627702800,0
1627702860,0
1627702920,0
1627702980,1
1627703040,1
1627703100,1
1627703160,0
1627703220,1
1627703280,1
1627703340,0
1627703400,0
1627703460,0
1627703520,0
1627703580,0
1627703640,1
1627703700,0
1627703760,1
1627703820,1
1627703880,0
1627703940,0
1627704000,0
1627704060,0
1627704120,0
1627704180,0
1627704240,0
1627704300,0
1627704360,0
1627704420,0
1627704480,0
1627704540,0
1627704600,0
1627704660,1
1627704720,0
1627704780,0
1627704840,0
1627704900,0
1627704960,0
1627705020,1
1627705080,0
1627705140,0
1627705200,0
1627705260,0
1627705320,0
1627705380,1
1627705440,1
1627705500,1
1627705560,1
1627705620,0
1627705680,0
1627705740,0
1627705800,0
1627705860,0
1627705920,0
1627705980,1
1627706040,0
1627706100,1
1627706160,0
1627706220,0
1627706280,1
1627706340,0
1627706400,0
1627706460,0
1627706520,0
1627706580,0
1627706640,1
1627706700,0
1627706760,0
1627706820,1
1627706880,1
1627706940,1
1627707000,0
1627707060,0
1627707120,0
1627707180,0
1627707240,0
1627707300,0
1627707360,0
1627707420,0
1627707480,1
1627707540,1
1627707600,1
1627707660,0
1627707720,1
1627707780,1
1627707840,0
1627707900,0
1627707960,0
1627708020,0
1627708080,0
1627708140,0
1627708200,1
1627708260,0
1627708320,0
1627708380,0
1627708440,0
1627708500,0
1627708560,1
1627708620,0
1627708680,1
1627708740,1
1627708800,1
1627708860,1
1627708920,0
1627708980,0
1627709040,1
1627709100,0
1627709160,0
1627709220,0
1627709280,0
1627709340,0
1627709400,1
1627709460,0
1627709520,0
1627709580,0
1627709640,1
1627709700,0
1627709760,0
1627709820,0
1627709880,0
1627709940,1
1627710000,1
1627710060,0
1627710120,0
1627710180,0
1627710240,0
1627710300,0
1627710360,0
1627710420,1
1627710480,1
1627710540,0
1627710600,0
1627710660,0
1627710720,1
1627710780,0
1627710840,1
1627710900,1
1627710960,0
1627711020,0
1627711080,0
1627711140,0
1627711200,0
1627711260,0
1627711320,0
1627711380,0
1627711440,0
1627711500,1
1627711560,0
1627711620,1
1627711680,0
1627711740,1
1627711800,1
1627711860,1
1627711920,0
1627711980,1
1627712040,0
1627712100,0
1627712160,0
1627712220,0
1627712280,0
1627712340,1
1627712400,1
1627712460,0
1627712520,1
1627712580,0
1627712640,0
1627712700,0
1627712760,1
1627712820,0
1627712880,0
1627712940,0
1627713000,0
1627713060,0
1627713120,1
1627713180,1
1627713240,0
1627713300,0
1627713360,1
1627713420,1
1627713480,1
1627713540,1
1627713600,0
1627713660,0
1627713720,0
1627713780,0
1627713840,0
1627713900,0
1627713960,0
1627714020,1
1627714080,0
1627714140,0
1627714200,0
1627714260,0
1627714320,0
1627714380,0
1627714440,0
1627714500,0
1627714560,0
1627714620,1
1627714680,1
1627714740,1
1627714800,0
1627714860,0
1627714920,0
1627714980,1
1627715040,1
1627715100,0
1627715160,0
1627715220,0
1627715280,1
1627715340,0
1627715400,0
1627715460,0
1627715520,0
1627715580,1
1627715640,0
1627715700,0
1627715760,0
1627715820,1
1627715880,1
1627715940,0
1627716000,1
1627716060,1
1627716120,0
1627716180,0
1627716240,0
1627716300,0
1627716360,0
1627716420,0
1627716480,0
1627716540,0
1627716600,0
1627716660,0
1627716720,0
1627716780,0
1627716840,0
1627716900,0
1627716960,0
1627717020,0
1627717080,0
1627717140,0
1627717200,0
1627717260,0
1627717320,0
1627717380,0
1627717440,0
1627717500,0
1627717560,0
1627717620,1
1627717680,0
1627717740,0
1627717800,0
1627717860,0
1627717920,0
1627717980,0
1627718040,0
1627718100,0
1627718160,0
1627718220,1
1627718280,0
1627718340,1
1627718400,0
1627718460,0
1627718520,0
1627718580,0
1627718640,0
1627718700,0
1627718760,0
1627718820,0
1627718880,0
1627718940,1
1627719000,0
1627719060,0
1627719120,0
1627719180,1
1627719240,0
1627719300,0
1627719360,0
1627719420,0
1627719480,0
1627719540,0
1627719600,1
1627719660,0
1627719720,0
1627719780,0
1627719840,0
1627719900,0
1627719960,1
1627720020,0
1627720080,1
1627720140,0
1627720200,0
1627720260,1
1627720320,0
1627720380,1
1627720440,0
1627720500,0
1627720560,1
1627720620,0
1627720680,1
1627720740,1
1627720800,0
1627720860,0
1627720920,0
1627720980,0
1627721040,1
1627721100,0
1627721160,0
1627721220,0
1627721280,0
1627721340,1
1627721400,0
1627721460,0
1627721520,0
1627721580,0
1627721640,0
1627721700,0
1627721760,1
1627721820,0
1627721880,0
1627721940,0
1627722000,0
1627722060,0
1627722120,0
1627722180,0
1627722240,0
1627722300,0
1627722360,0
1627722420,1
1627722480,1
1627722540,0
1627722600,1
1627722660,0
1627722720,0
1627722780,0
1627722840,1
1627722900,1
1627722960,0
1627723020,1
1627723080,1
1627723140,0
1627723200,1
1627723260,0
1627723320,0
1627723380,0
1627723440,1
1627723500,0
1627723560,0
1627723620,0
1627723680,1
1627723740,1
1627723800,0
1627723860,0
1627723920,0
1627723980,0
1627724040,0
1627724100,1
1627724160,0
1627724220,0
1627724280,0
1627724340,1
1627724400,0
1627724460,0
1627724520,0
1627724580,0
1627724640,0
1627724700,0
1627724760,1
1627724820,1
1627724880,0
1627724940,1
1627725000,1
1627725060,1
1627725120,0
1627725180,0
1627725240,0
1627725300,0
1627725360,0
1627725420,0
1627725480,0
1627725540,0
1627725600,0
1627725660,0
1627725720,1
1627725780,0
1627725840,0
1627725900,1
1627725960,1
1627726020,0
1627726080,1
1627726140,0
1627726200,0
1627726260,0
1627726320,0
1627726380,1
1627726440,1
1627726500,0
1627726560,1
1627726620,1
1627726680,1
1627726740,0
1627726800,1
1627726860,1
1627726920,0
1627726980,1
1627727040,0
1627727100,0
1627727160,1
1627727220,1
1627727280,0
1627727340,0
1627727400,1
1627727460,0
1627727520,1
1627727580,1
1627727640,0
1627727700,1
1627727760,1
1627727820,1
1627727880,1
1627727940,0
1627728000,0
1627728060,0
1627728120,1
1627728180,0
1627728240,0
1627728300,0
1627728360,0
1627728420,0
1627728480,0
1627728540,0
1627728600,0
1627728660,0
1627728720,0
1627728780,0
1627728840,0
1627728900,1
1627728960,1
1627729020,1
1627729080,1
1627729140,1
1627729200,0
1627729260,1
1627729320,1
1627729380,0
1627729440,0
1627729500,0
1627729560,1
1627729620,1
1627729680,1
1627729740,0
1627729800,0
1627729860,0
1627729920,0
1627729980,0
1627730040,0
1627730100,0
1627730160,0
1627730220,0
1627730280,0
1627730340,0
1627730400,1
1627730460,0
1627730520,0
1627730580,1
1627730640,0
1627730700,1
1627730760,0
1627730820,0
1627730880,0
1627730940,0
1627731000,0
1627731060,0
1627731120,1
1627731180,0
1627731240,1
1627731300,0
1627731360,0
1627731420,1
1627731480,0
1627731540,0
1627731600,0
1627731660,0
1627731720,0
1627731780,0
1627731840,1
1627731900,0
1627731960,1
1627732020,0
1627732080,1
1627732140,0
1627732200,0
1627732260,0
1627732320,1
1627732380,1
1627732440,0
1627732500,0
1627732560,0
1627732620,0
1627732680,0
1627732740,1
1627732800,1
1627732860,0
1627732920,0
1627732980,0
1627733040,0
1627733100,1
1627733160,0
1627733220,0
1627733280,0
1627733340,1
1627733400,1
1627733460,0
1627733520,0
1627733580,0
1627733640,0
1627733700,0
1627733760,0
1627733820,0
1627733880,0
1627733940,0
1627734000,0
1627734060,0
1627734120,1
1627734180,0
1627734240,0
1627734300,0
1627734360,0
1627734420,0
1627734480,1
1627734540,1
1627734600,0
1627734660,0
1627734720,0
1627734780,1
1627734840,1
1627734900,0
1627734960,0
1627735020,0
1627735080,0
1627735140,0
1627735200,0
1627735260,1
1627735320,0
1627735380,0
1627735440,0
1627735500,0
1627735560,0
1627735620,0
1627735680,0
1627735740,0
1627735800,1
1627735860,0
1627735920,0
1627735980,0
1627736040,0
1627736100,0
1627736160,0
1627736220,0
1627736280,0
1627736340,1
1627736400,0
1627736460,1
1627736520,0
1627736580,1
1627736640,1
1627736700,1
1627736760,0
1627736820,0
1627736880,0
1627736940,1
1627737000,0
1627737060,0
1627737120,0
1627737180,0
1627737240,1
1627737300,0
1627737360,1
1627737420,0
1627737480,1
1627737540,0
1627737600,0
1627737660,1
1627737720,1
1627737780,0
1627737840,1
1627737900,0
1627737960,0
1627738020,0
1627738080,0
1627738140,0
1627738200,0
1627738260,0
1627738320,0
1627738380,0
1627738440,0
1627738500,0
1627738560,0
1627738620,0
1627738680,1
1627738740,0
1627738800,0
1627738860,0
1627738920,0
1627738980,0
1627739040,0
1627739100,0
1627739160,0
1627739220,0
1627739280,0
1627739340,0
1627739400,0
1627739460,0
1627739520,0
1627739580,0
1627739640,0
1627739700,0
1627739760,0
1627739820,1
1627739880,1
1627739940,0
1627740000,1
1627740060,0
1627740120,1
1627740180,0
1627740240,0
1627740300,0
1627740360,0
1627740420,0
1627740480,0
1627740540,0
1627740600,0
1627740660,0
1627740720,0
1627740780,1
1627740840,0
1627740900,0
1627740960,0
1627741020,0
1627741080,0
1627741140,0
1627741200,1
1627741260,0
1627741320,0
1627741380,0
1627741440,1
1627741500,0
1627741560,1
1627741620,1
1627741680,0
1627741740,0
1627741800,0
1627741860,0
1627741920,0
1627741980,1
1627742040,1
1627742100,0
1627742160,0
1627742220,1
1627742280,1
1627742340,1
1627742400,0
1627742460,0
1627742520,0
1627742580,0
1627742640,1
1627742700,1
1627742760,0
1627742820,1
1627742880,1
1627742940,0
1627743000,0
1627743060,0
1627743120,0
1627743180,0
1627743240,1
1627743300,1
1627743360,1
1627743420,1
1627743480,1
1627743540,0
1627743600,1
1627743660,0
1627743720,0
1627743780,0
1627743840,0
1627743900,1
1627743960,0
1627744020,0
1627744080,0
1627744140,0
1627744200,0
1627744260,0
1627744320,0
1627744380,0
1627744440,0
1627744500,0
1627744560,1
1627744620,0
1627744680,1
1627744740,0
1627744800,0
1627744860,0
1627744920,1
1627744980,0
1627745040,1
1627745100,0
1627745160,1
1627745220,0
1627745280,1
1627745340,0
1627745400,1
1627745460,0
1627745520,1
1627745580,0
1627745640,0
1627745700,0
1627745760,0
1627745820,0
1627745880,0
1627745940,1
1627746000,0
1627746060,0
1627746120,0
1627746180,0
1627746240,0
1627746300,1
1627746360,1
1627746420,1
1627746480,0
1627746540,0
1627746600,0
1627746660,0
1627746720,0
1627746780,0
1627746840,0
1627746900,0
1627746960,0
1627747020,0
1627747080,0
1627747140,1
